Name,Inaccesible Source Code,Open Source,Front Projected,Back Projected,Touch Screen,Cv Identification,Physical Tags,Paper Components,AR/VR Googles,Installation,Portable,Surface Independent,Vertical,Horizontal,Broad Application Capacity,Specific Application,DSL,PreExisting Language,Spatial Effects,Reprogrammable,Programming Capable
PUCK,-1,1,1,-1,-1,1,-1,1,-1,-1,1,1,-1,-1,1,-1,-1,1,1,1,1
metaDESK,1,-1,-1,1,-1,1,1,-1,-1,1,-1,-1,-1,1,1,-1,1,-1,1,-1,-1
URP,1,-1,1,-1,-1,1,-1,-1,-1,-1,1,-1,-1,-1,-1,1,-1,-1,1,-1,-1
Sensetable,0,-1,1,-1,-1,-1,1,-1,-1,-1,1,1,-1,-1,1,-1,-1,-1,1,-1,-1
DigitalDesk,1,-1,1,-1,-1,1,-1,1,-1,-1,1,-1,-1,-1,1,-1,-1,-1,-1,-1,-1
UbiTable,0,-1,-1,-1,-1,-1,-1,-1,-1,1,-1,-1,-1,1,-1,-1,-1,-1,1,-1,-1
Lumisight Table,0,-1,-1,1,-1,1,-1,-1,-1,1,-1,-1,-1,1,1,-1,0,0,1,0,0
MIXDesign,0,0,-1,-1,-1,1,-1,1,1,1,-1,-1,-1,1,-1,1,1,0,1,0,0
ARTHUR,0,0,-1,-1,-1,1,-1,-1,1,-1,1,1,-1,1,-1,1,0,0,1,0,0
PSyBench,1,-1,1,-1,-1,-1,1,-1,1,1,-1,-1,-1,1,-1,1,0,0,1,1,0
BUILD-IT,0,0,1,-1,-1,0,0,1,-1,1,-1,1,1,1,-1,1,0,0,1,1,0
iNavigator,0,0,1,0,0,1,0,-1,0,1,-1,1,1,1,-1,1,0,0,1,0,0
VIEWS,0,0,1,-1,-1,1,0,1,-1,1,-1,-1,-1,1,1,-1,0,0,1,1,1
AugmenTables,0,0,-1,-1,-1,-1,-1,-1,-1,1,-1,-1,-1,1,1,-1,0,0,1,1,1
LiveBoard,0,0,-1,1,-1,-1,1,-1,-1,1,-1,-1,1,-1,-1,1,0,0,1,0,0
Flatland,0,0,1,-1,1,-1,1,-1,-1,1,-1,-1,1,-1,1,-1,0,0,1,0,0
iLand,1,-1,1,-1,1,0,0,1,-1,1,-1,-1,1,1,1,-1,0,0,1,1,1
iRoom,1,1,1,0,1,-1,0,-1,-1,1,-1,-1,1,1,1,-1,-1,1,0,1,0
DiamondTouch,0,-1,1,-1,1,-1,-1,-1,-1,1,-1,-1,-1,1,1,-1,-1,1,1,1,1
VideoPlace - Video Desk,1,1,0,0,-1,1,-1,0,0,1,-1,1,0,0,1,-1,0,0,1,1,1
EnhancedDesk,-1,-1,1,-1,-1,1,-1,1,-1,1,-1,-1,-1,1,1,-1,0,0,1,1,1
Interactive Mural,-1,-1,-1,1,1,-1,1,1,-1,1,-1,-1,1,-1,1,-1,-1,1,1,1,0
Outpost,1,-1,-1,1,1,1,-1,1,-1,1,-1,-1,1,-1,-1,1,-1,1,1,-1,1
BlueBoard,-1,-1,-1,-1,1,0,1,-1,-1,1,-1,-1,1,-1,-1,1,0,0,-1,-1,-1
Augmented Coliseum,0,0,1,-1,-1,1,1,-1,-1,1,-1,-1,-1,1,-1,1,0,0,1,-1,-1
Lazy Susan,0,0,1,-1,-1,1,-1,1,-1,1,-1,-1,1,1,-1,1,0,0,1,-1,-1
Responsive Workbench,0,0,-1,1,-1,1,-1,-1,1,1,-1,-1,-1,1,-1,1,0,0,1,1,-1
DiamondTouch - Extended,0,0,1,-1,-1,-1,-1,-1,-1,1,-1,-1,-1,1,1,-1,0,0,1,1,1
pHotOluck,0,0,1,-1,-1,1,-1,-1,-1,1,-1,-1,-1,1,-1,1,0,0,1,-1,-1
Microsoft Surface,1,-1,-1,1,1,1,-1,-1,-1,1,-1,-1,-1,1,1,-1,0,0,1,1,1
BumpTop,0,0,-1,-1,-1,-1,-1,-1,-1,-1,1,-1,-1,1,1,-1,-1,1,1,1,-1
WebSurface,0,0,1,-1,-1,-1,-1,-1,-1,1,-1,-1,-1,1,-1,1,0,0,1,1,1
CRISTAL,0,0,1,-1,1,-1,-1,-1,-1,1,-1,-1,1,1,1,-1,0,0,1,0,0
Fiberio,0,0,-1,1,1,1,-1,1,-1,1,-1,-1,-1,-1,1,-1,0,0,0,0,0
FluidPaint,0,0,-1,1,-1,-1,1,1,-1,1,1,-1,-1,1,-1,1,0,0,-1,-1,-1
reacTable,0,0,-1,1,-1,1,-1,0,-1,0,0,-1,-1,1,-1,1,0,0,1,0,0
GeoTUI,0,0,1,-1,-1,1,-1,-1,-1,-1,1,1,-1,1,-1,1,0,0,1,0,0
Musical Trinkets,0,0,-1,-1,-1,-1,1,-1,-1,-1,1,-1,-1,1,-1,1,-1,-1,1,1,1
Tangible Workbench,1,1,-1,1,-1,0,0,0,-1,0,-1,-1,-1,1,1,-1,0,0,1,0,0
HoloWall,0,0,-1,1,-1,1,-1,0,-1,1,-1,-1,1,-1,1,-1,0,0,1,0,0
ActiveDesk,0,0,-1,1,-1,-1,1,-1,-1,1,-1,-1,-1,1,1,-1,0,0,1,1,0
InfoTable and InfoWall,0,0,1,-1,-1,1,-1,1,-1,1,-1,1,1,1,1,-1,-1,1,1,1,1
DataTiles,0,0,-1,1,-1,-1,1,-1,-1,-1,1,-1,-1,1,1,-1,-1,1,1,1,1
InfoBinder,0,0,1,-1,-1,1,-1,-1,-1,1,-1,1,-1,1,1,-1,0,0,1,1,0
Paper Windows,0,0,1,-1,-1,1,-1,1,-1,1,-1,1,-1,1,1,-1,1,0,1,1,1
UD Co-Spaces,0,0,1,-1,1,0,0,1,-1,1,-1,-1,1,1,-1,1,0,0,1,0,0
Connectables,0,0,-1,-1,-1,-1,-1,-1,-1,1,1,-1,-1,1,1,-1,0,0,1,0,0
Strip’TIC,0,0,1,1,-1,1,-1,1,-1,1,-1,-1,-1,1,-1,1,0,0,1,0,0
PlayAnywhere,0,0,1,-1,-1,1,-1,1,-1,-1,1,1,-1,1,1,-1,1,-1,1,1,1
The Magic Table,0,0,1,-1,-1,1,-1,-1,-1,1,-1,1,1,1,-1,1,0,0,1,0,0
"TANGerINE,",0,0,1,-1,-1,1,1,-1,1,1,-1,-1,-1,1,0,0,0,0,1,0,0
CoTracker,0,0,-1,-1,1,-1,-1,-1,-1,1,-1,-1,-1,1,-1,1,0,0,1,0,0
Augmented Chemistry,0,0,1,-1,-1,1,-1,1,-1,-1,1,1,-1,1,-1,1,0,0,1,0,0
DockLamp,0,0,1,-1,-1,1,-1,1,-1,-1,1,1,-1,1,1,-1,0,0,0,0,0
Caretta,0,0,1,-1,-1,-1,1,1,-1,1,-1,-1,-1,1,-1,1,1,-1,1,1,1
Bureau Virtuel de Conception,0,0,1,-1,-1,1,-1,1,-1,1,-1,1,-1,1,-1,1,1,-1,-1,1,-1
Camera-Driven Interactive Table,0,0,-1,-1,-1,1,-1,-1,-1,1,-1,-1,-1,1,1,-1,-1,-1,-1,-1,-1
Dynamicland,1,-1,1,-1,-1,1,-1,1,-1,-1,1,1,-1,-1,1,-1,1,-1,1,1,-1
Spatial Pixel,1,1,1,-1,-1,1,-1,1,-1,1,1,1,-1,-1,1,-1,-1,1,1,1,1
Living Room,-1,1,1,-1,-1,1,-1,-1,-1,1,-1,1,1,-1,1,-1,-1,1,1,1,1
Programmable Spaces,-1,1,1,-1,-1,-1,1,1,-1,-1,1,1,-1,-1,1,-1,-1,1,1,1,1
Paper Programs,-1,1,1,-1,-1,1,-1,1,-1,-1,1,1,-1,-1,1,-1,-1,1,1,1,1
Folk Computer,-1,1,1,-1,-1,1,-1,1,-1,-1,1,1,-1,-1,1,-1,-1,1,1,1,1
InkBase,1,-1,-1,-1,1,1,-1,-1,-1,-1,1,-1,-1,-1,1,-1,1,-1,1,1,1
Google Lantern,-1,-1,1,-1,-1,1,-1,-1,-1,-1,1,1,-1,-1,1,-1,-1,-1,1,1,-1
Hypercard in the World,1,-1,1,-1,-1,1,-1,1,-1,-1,1,1,-1,-1,1,-1,1,-1,1,1,1
