,palette,loc,height,set,blobCount,closeEnough,count4,closeCount4,time,compareArr,points,path
0,custom,davids,high,A,5,True,False,False,61865524,"['0.0', ' 1.0', ' 1.0', ' 1.0']","[0.0, 1.0, 1.0, 1.0, 885.641010793877]",custom_davids_high_A_0.jpg
1,custom,davids,high,A,5,True,False,False,46795681,"['1.0', ' 1.0', ' 1.0', ' 2.23606797749979']","[1.0, 1.0, 1.0, 2.23606797749979, 906.5208216031224]",custom_davids_high_A_1.jpg
2,custom,davids,high,A,5,True,False,False,54247695,"['0.0', ' 1.0', ' 1.0', ' 1.4142135623730951']","[0.0, 1.0, 1.0, 1.4142135623730951, 762.1679604916491]",custom_davids_high_A_2.jpg
3,custom,davids,high,A,4,True,True,True,67918695,"['1.0', ' 1.4142135623730951', ' 2.0', ' 2.23606797749979']","[1.0, 1.4142135623730951, 2.0, 2.23606797749979]",custom_davids_high_A_3.jpg
4,custom,davids,high,A,4,True,True,True,54773911,"['1.0', ' 1.0', ' 1.4142135623730951', ' 2.0']","[1.0, 1.0, 1.4142135623730951, 2.0]",custom_davids_high_A_4.jpg
5,custom,davids,high,B,4,True,True,True,45007349,"['1.0', ' 1.0', ' 1.4142135623730951', ' 2.23606797749979']","[1.0, 1.0, 1.4142135623730951, 2.23606797749979]",custom_davids_high_B_0.jpg
6,custom,davids,high,B,2,True,False,False,62911977,"['0.0', ' 1.0']","[0.0, 1.0]",custom_davids_high_B_1.jpg
7,custom,davids,high,B,4,True,True,True,54325702,"['0.0', ' 1.0', ' 1.4142135623730951', ' 2.0']","[0.0, 1.0, 1.4142135623730951, 2.0]",custom_davids_high_B_2.jpg
8,custom,davids,high,B,4,True,True,True,50074811,"['1.0', ' 1.4142135623730951', ' 1.4142135623730951', ' 1.4142135623730951']","[1.0, 1.4142135623730951, 1.4142135623730951, 1.4142135623730951]",custom_davids_high_B_3.jpg
9,custom,davids,high,B,2,True,False,False,42288186,"['1.0', ' 2.0']","[1.0, 2.0]",custom_davids_high_B_4.jpg
10,custom,davids,high,C,2,True,False,False,43881087,"['1.4142135623730951', ' 2.8284271247461903']","[1.4142135623730951, 2.8284271247461903]",custom_davids_high_C_0.jpg
11,custom,davids,high,C,1,True,False,False,59630196,['0.0'],[0.0],custom_davids_high_C_1.jpg
12,custom,davids,high,C,2,True,False,False,56024679,"['0.0', ' 1.0']","[0.0, 1.0]",custom_davids_high_C_2.jpg
13,custom,davids,high,C,2,True,False,False,46283779,"['1.0', ' 1.0']","[1.0, 1.0]",custom_davids_high_C_3.jpg
14,custom,davids,high,C,2,True,False,False,40427848,"['1.4142135623730951', ' 2.0']","[1.4142135623730951, 2.0]",custom_davids_high_C_4.jpg
15,custom,davids,high,D,4,True,True,True,44469213,"['1.4142135623730951', ' 1.4142135623730951', ' 1.4142135623730951', ' 2.23606797749979']","[1.4142135623730951, 1.4142135623730951, 1.4142135623730951, 2.23606797749979]",custom_davids_high_D_0.jpg
16,custom,davids,high,D,4,True,True,True,47261820,"['0.0', ' 1.0', ' 1.0', ' 1.4142135623730951']","[0.0, 1.0, 1.0, 1.4142135623730951]",custom_davids_high_D_1.jpg
17,custom,davids,high,D,4,True,True,True,54711783,"['1.0', ' 1.4142135623730951', ' 2.23606797749979', ' 2.23606797749979']","[1.0, 1.4142135623730951, 2.23606797749979, 2.23606797749979]",custom_davids_high_D_2.jpg
18,custom,davids,high,D,4,True,True,True,50770064,"['0.0', ' 1.0', ' 1.0', ' 1.4142135623730951']","[0.0, 1.0, 1.0, 1.4142135623730951]",custom_davids_high_D_3.jpg
19,custom,davids,high,D,4,True,True,True,52055772,"['1.0', ' 1.0', ' 2.0', ' 2.23606797749979']","[1.0, 1.0, 2.0, 2.23606797749979]",custom_davids_high_D_4.jpg
20,custom,davids,medium,A,4,True,True,True,40401117,"['1.0', ' 1.0', ' 1.0', ' 1.0']","[1.0, 1.0, 1.0, 1.0]",custom_davids_medium_A_0.jpg
21,custom,davids,medium,A,4,True,True,True,41313856,"['1.0', ' 2.0', ' 2.0', ' 2.23606797749979']","[1.0, 2.0, 2.0, 2.23606797749979]",custom_davids_medium_A_1.jpg
22,custom,davids,medium,A,3,True,False,False,30483976,"['1.4142135623730951', ' 1.4142135623730951', ' 2.23606797749979']","[1.4142135623730951, 1.4142135623730951, 2.23606797749979]",custom_davids_medium_A_2.jpg
23,custom,davids,medium,A,2,True,False,False,43251310,"['1.4142135623730951', ' 2.0']","[1.4142135623730951, 2.0]",custom_davids_medium_A_3.jpg
24,custom,davids,medium,A,1,True,False,False,38395313,['2.0'],[2.0],custom_davids_medium_A_4.jpg
25,custom,davids,medium,B,6,True,False,False,43063282,"['0.0', ' 0.0', ' 2.23606797749979', ' 2.23606797749979']","[0.0, 0.0, 2.23606797749979, 2.23606797749979, 265.2941763401526, 301.7614952242913]",custom_davids_medium_B_0.jpg
26,custom,davids,medium,B,5,True,False,False,55542566,"['0.0', ' 0.0', ' 1.4142135623730951', ' 2.23606797749979']","[0.0, 0.0, 1.4142135623730951, 2.23606797749979, 431.4220671222092]",custom_davids_medium_B_1.jpg
27,custom,davids,medium,B,6,True,False,False,50544290,"['0.0', ' 1.0', ' 1.0', ' 1.0']","[0.0, 1.0, 1.0, 1.0, 357.8072106595953, 380.60084077679073]",custom_davids_medium_B_2.jpg
28,custom,davids,medium,B,7,True,False,False,48464479,"['0.0', ' 0.0', ' 1.4142135623730951', ' 1.4142135623730951']","[0.0, 0.0, 1.4142135623730951, 1.4142135623730951, 294.2872746144488, 296.05742686174926, 333.94610343586885]",custom_davids_medium_B_3.jpg
29,custom,davids,medium,B,4,True,True,True,35946111,"['0.0', ' 1.0', ' 1.0', ' 1.0']","[0.0, 1.0, 1.0, 1.0]",custom_davids_medium_B_4.jpg
30,custom,davids,medium,C,2,True,False,False,50653979,"['1.0', ' 1.4142135623730951']","[1.0, 1.4142135623730951]",custom_davids_medium_C_0.jpg
31,custom,davids,medium,C,2,True,False,False,31765443,"['1.0', ' 2.23606797749979']","[1.0, 2.23606797749979]",custom_davids_medium_C_1.jpg
32,custom,davids,medium,C,2,True,False,False,37757164,"['0.0', ' 1.0']","[0.0, 1.0]",custom_davids_medium_C_2.jpg
33,custom,davids,medium,C,1,True,False,False,44708592,['1.4142135623730951'],[1.4142135623730951],custom_davids_medium_C_3.jpg
34,custom,davids,medium,C,1,True,False,False,32922440,['1.4142135623730951'],[1.4142135623730951],custom_davids_medium_C_4.jpg
35,custom,davids,medium,D,2,True,False,False,38644339,"['1.4142135623730951', ' 2.23606797749979']","[1.4142135623730951, 2.23606797749979]",custom_davids_medium_D_0.jpg
36,custom,davids,medium,D,3,True,False,False,38899855,"['1.0', ' 2.23606797749979', ' 2.23606797749979']","[1.0, 2.23606797749979, 2.23606797749979]",custom_davids_medium_D_1.jpg
37,custom,davids,medium,D,4,True,True,True,37301693,"['0.0', ' 1.0', ' 1.4142135623730951', ' 3.0']","[0.0, 1.0, 1.4142135623730951, 3.0]",custom_davids_medium_D_2.jpg
38,custom,davids,medium,D,4,True,True,True,55821528,"['1.0', ' 1.0', ' 1.0', ' 2.23606797749979']","[1.0, 1.0, 1.0, 2.23606797749979]",custom_davids_medium_D_3.jpg
39,custom,davids,medium,D,4,True,True,True,42267146,"['0.0', ' 1.0', ' 1.0', ' 1.0']","[0.0, 1.0, 1.0, 1.0]",custom_davids_medium_D_4.jpg
40,custom,davids,short,A,4,True,True,True,46530131,"['1.0', ' 1.0', ' 1.4142135623730951', ' 2.23606797749979']","[1.0, 1.0, 1.4142135623730951, 2.23606797749979]",custom_davids_short_A_0.jpg
41,custom,davids,short,A,3,True,False,False,37785755,"['1.0', ' 1.0', ' 2.23606797749979']","[1.0, 1.0, 2.23606797749979]",custom_davids_short_A_1.jpg
42,custom,davids,short,A,3,True,False,False,35992791,"['1.0', ' 1.0', ' 3.1622776601683795']","[1.0, 1.0, 3.1622776601683795]",custom_davids_short_A_2.jpg
43,custom,davids,short,A,1,True,False,False,33366154,['0.0'],[0.0],custom_davids_short_A_3.jpg
44,custom,davids,short,A,2,True,False,False,32819568,"['1.0', ' 2.8284271247461903']","[1.0, 2.8284271247461903]",custom_davids_short_A_4.jpg
45,custom,davids,short,B,6,True,False,False,43006313,"['1.0', ' 1.0', ' 1.4142135623730951', ' 3.0']","[1.0, 1.0, 1.4142135623730951, 3.0, 286.6810073932349, 334.43235489408016]",custom_davids_short_B_0.jpg
46,custom,davids,short,B,2,True,False,False,48781139,"['0.0', ' 1.0']","[0.0, 1.0]",custom_davids_short_B_1.jpg
47,custom,davids,short,B,2,True,False,False,42708478,"['1.0', ' 2.23606797749979']","[1.0, 2.23606797749979]",custom_davids_short_B_2.jpg
48,custom,davids,short,B,2,True,False,False,32396404,"['1.0', ' 2.0']","[1.0, 2.0]",custom_davids_short_B_3.jpg
49,custom,davids,short,B,3,True,False,False,32666783,"['1.0', ' 1.0', ' 2.0']","[1.0, 1.0, 2.0]",custom_davids_short_B_4.jpg
50,custom,davids,short,C,1,True,False,False,39424776,['1.0'],[1.0],custom_davids_short_C_0.jpg
51,custom,davids,short,C,2,True,False,False,55078994,"['1.0', ' 2.0']","[1.0, 2.0]",custom_davids_short_C_1.jpg
52,custom,davids,short,C,2,False,False,False,35261230,"['1.0', ' 300.3747659175118']","[1.0, 300.3747659175118]",custom_davids_short_C_2.jpg
53,custom,davids,short,C,2,True,False,False,43820390,"['1.0', ' 1.4142135623730951']","[1.0, 1.4142135623730951]",custom_davids_short_C_3.jpg
54,custom,davids,short,C,2,True,False,False,37569034,"['0.0', ' 1.0']","[0.0, 1.0]",custom_davids_short_C_4.jpg
55,custom,davids,short,D,3,True,False,False,56820309,"['0.0', ' 1.0', ' 1.0']","[0.0, 1.0, 1.0]",custom_davids_short_D_0.jpg
56,custom,davids,short,D,3,True,False,False,58003781,"['0.0', ' 1.0', ' 2.23606797749979']","[0.0, 1.0, 2.23606797749979]",custom_davids_short_D_1.jpg
57,custom,davids,short,D,3,True,False,False,58569612,"['0.0', ' 0.0', ' 1.0']","[0.0, 0.0, 1.0]",custom_davids_short_D_2.jpg
58,custom,davids,short,D,4,False,True,False,58634630,"['0.0', ' 1.0', ' 2.0', ' 351.0056979594491']","[0.0, 1.0, 2.0, 351.0056979594491]",custom_davids_short_D_3.jpg
59,custom,davids,short,D,2,True,False,False,28750872,"['1.0', ' 1.0']","[1.0, 1.0]",custom_davids_short_D_4.jpg
60,custom,jack_cole,high,A,4,True,True,True,32561748,"['0.0', ' 1.0', ' 1.4142135623730951', ' 2.23606797749979']","[0.0, 1.0, 1.4142135623730951, 2.23606797749979]",custom_jack_cole_high_A_0.jpg
61,custom,jack_cole,high,A,4,True,True,True,34650875,"['0.0', ' 1.0', ' 1.0', ' 2.23606797749979']","[0.0, 1.0, 1.0, 2.23606797749979]",custom_jack_cole_high_A_1.jpg
62,custom,jack_cole,high,A,4,True,True,True,30913327,"['1.4142135623730951', ' 1.4142135623730951', ' 2.0', ' 2.23606797749979']","[1.4142135623730951, 1.4142135623730951, 2.0, 2.23606797749979]",custom_jack_cole_high_A_2.jpg
63,custom,jack_cole,high,A,4,True,True,True,29305019,"['1.0', ' 1.0', ' 1.0', ' 1.4142135623730951']","[1.0, 1.0, 1.0, 1.4142135623730951]",custom_jack_cole_high_A_3.jpg
64,custom,jack_cole,high,A,4,True,True,True,30179325,"['0.0', ' 1.0', ' 2.0', ' 2.23606797749979']","[0.0, 1.0, 2.0, 2.23606797749979]",custom_jack_cole_high_A_4.jpg
65,custom,jack_cole,high,B,4,True,True,True,29231456,"['1.0', ' 1.0', ' 1.0', ' 1.4142135623730951']","[1.0, 1.0, 1.0, 1.4142135623730951]",custom_jack_cole_high_B_0.jpg
66,custom,jack_cole,high,B,4,True,True,True,29976564,"['1.0', ' 1.4142135623730951', ' 1.4142135623730951', ' 1.4142135623730951']","[1.0, 1.4142135623730951, 1.4142135623730951, 1.4142135623730951]",custom_jack_cole_high_B_1.jpg
67,custom,jack_cole,high,B,4,True,True,True,40747725,"['1.0', ' 1.4142135623730951', ' 2.23606797749979', ' 2.23606797749979']","[1.0, 1.4142135623730951, 2.23606797749979, 2.23606797749979]",custom_jack_cole_high_B_2.jpg
68,custom,jack_cole,high,B,4,True,True,True,45899995,"['0.0', ' 1.0', ' 1.4142135623730951', ' 1.4142135623730951']","[0.0, 1.0, 1.4142135623730951, 1.4142135623730951]",custom_jack_cole_high_B_3.jpg
69,custom,jack_cole,high,B,4,True,True,True,25973749,"['0.0', ' 1.0', ' 1.0', ' 1.0']","[0.0, 1.0, 1.0, 1.0]",custom_jack_cole_high_B_4.jpg
70,custom,jack_cole,high,C,3,False,False,False,30314838,"['1.4142135623730951', ' 3.0', ' 203.22647465327935']","[1.4142135623730951, 3.0, 203.22647465327935]",custom_jack_cole_high_C_0.jpg
71,custom,jack_cole,high,C,3,False,False,False,25854046,"['1.0', ' 1.0', ' 203.03940504246953']","[1.0, 1.0, 203.03940504246953]",custom_jack_cole_high_C_1.jpg
72,custom,jack_cole,high,C,3,False,False,False,43605077,"['0.0', ' 1.0', ' 310.8311438707518']","[0.0, 1.0, 310.8311438707518]",custom_jack_cole_high_C_2.jpg
73,custom,jack_cole,high,C,3,False,False,False,27403780,"['1.0', ' 1.4142135623730951', ' 295.10845463998487']","[1.0, 1.4142135623730951, 295.10845463998487]",custom_jack_cole_high_C_3.jpg
74,custom,jack_cole,high,C,1,True,False,False,23525697,['1.4142135623730951'],[1.4142135623730951],custom_jack_cole_high_C_4.jpg
75,custom,jack_cole,high,D,5,True,False,False,23808029,"['1.4142135623730951', ' 2.0', ' 2.23606797749979', ' 2.23606797749979']","[1.4142135623730951, 2.0, 2.23606797749979, 2.23606797749979, 224.32119828495925]",custom_jack_cole_high_D_0.jpg
76,custom,jack_cole,high,D,3,True,False,False,29598408,"['1.0', ' 1.0', ' 2.23606797749979']","[1.0, 1.0, 2.23606797749979]",custom_jack_cole_high_D_1.jpg
77,custom,jack_cole,high,D,3,False,False,False,41649890,"['1.0', ' 1.4142135623730951', ' 197.77006851391846']","[1.0, 1.4142135623730951, 197.77006851391846]",custom_jack_cole_high_D_2.jpg
78,custom,jack_cole,high,D,3,True,False,False,38827928,"['1.0', ' 1.0', ' 1.4142135623730951']","[1.0, 1.0, 1.4142135623730951]",custom_jack_cole_high_D_3.jpg
79,custom,jack_cole,high,D,4,True,True,True,27955637,"['1.0', ' 1.0', ' 1.4142135623730951', ' 2.0']","[1.0, 1.0, 1.4142135623730951, 2.0]",custom_jack_cole_high_D_4.jpg
80,custom,jack_cole,medium,A,4,True,True,True,30287079,"['1.0', ' 1.0', ' 1.4142135623730951', ' 2.0']","[1.0, 1.0, 1.4142135623730951, 2.0]",custom_jack_cole_medium_A_0.jpg
81,custom,jack_cole,medium,A,4,True,True,True,25877764,"['1.0', ' 2.23606797749979', ' 2.23606797749979', ' 3.0']","[1.0, 2.23606797749979, 2.23606797749979, 3.0]",custom_jack_cole_medium_A_1.jpg
82,custom,jack_cole,medium,A,4,True,True,True,25843966,"['1.0', ' 1.0', ' 1.0', ' 1.4142135623730951']","[1.0, 1.0, 1.0, 1.4142135623730951]",custom_jack_cole_medium_A_2.jpg
83,custom,jack_cole,medium,A,4,True,True,True,38065296,"['0.0', ' 0.0', ' 1.4142135623730951', ' 2.23606797749979']","[0.0, 0.0, 1.4142135623730951, 2.23606797749979]",custom_jack_cole_medium_A_3.jpg
84,custom,jack_cole,medium,A,4,True,True,True,28113692,"['1.0', ' 1.4142135623730951', ' 2.0', ' 2.23606797749979']","[1.0, 1.4142135623730951, 2.0, 2.23606797749979]",custom_jack_cole_medium_A_4.jpg
85,custom,jack_cole,medium,B,5,True,False,False,25266759,"['1.0', ' 1.0', ' 1.4142135623730951', ' 1.4142135623730951']","[1.0, 1.0, 1.4142135623730951, 1.4142135623730951, 232.44139046219803]",custom_jack_cole_medium_B_0.jpg
86,custom,jack_cole,medium,B,4,True,True,True,29395480,"['0.0', ' 1.0', ' 2.23606797749979', ' 2.23606797749979']","[0.0, 1.0, 2.23606797749979, 2.23606797749979]",custom_jack_cole_medium_B_1.jpg
87,custom,jack_cole,medium,B,4,True,True,True,32868533,"['1.0', ' 2.0', ' 2.0', ' 2.23606797749979']","[1.0, 2.0, 2.0, 2.23606797749979]",custom_jack_cole_medium_B_2.jpg
88,custom,jack_cole,medium,B,4,True,True,True,30901160,"['2.0', ' 2.23606797749979', ' 2.23606797749979', ' 3.0']","[2.0, 2.23606797749979, 2.23606797749979, 3.0]",custom_jack_cole_medium_B_3.jpg
89,custom,jack_cole,medium,B,4,True,True,True,30698779,"['1.0', ' 1.0', ' 2.23606797749979', ' 3.1622776601683795']","[1.0, 1.0, 2.23606797749979, 3.1622776601683795]",custom_jack_cole_medium_B_4.jpg
90,custom,jack_cole,medium,C,1,True,False,False,27569614,['1.4142135623730951'],[1.4142135623730951],custom_jack_cole_medium_C_0.jpg
91,custom,jack_cole,medium,C,3,False,False,False,29884324,"['0.0', ' 3.0', ' 177.88198334851114']","[0.0, 3.0, 177.88198334851114]",custom_jack_cole_medium_C_1.jpg
92,custom,jack_cole,medium,C,2,False,False,False,52493564,"['2.0', ' 286.50479926172267']","[2.0, 286.50479926172267]",custom_jack_cole_medium_C_2.jpg
93,custom,jack_cole,medium,C,3,False,False,False,48228607,"['2.23606797749979', ' 2.23606797749979', ' 609.3808333054134']","[2.23606797749979, 2.23606797749979, 609.3808333054134]",custom_jack_cole_medium_C_3.jpg
94,custom,jack_cole,medium,C,2,True,False,False,27428215,"['2.23606797749979', ' 2.23606797749979']","[2.23606797749979, 2.23606797749979]",custom_jack_cole_medium_C_4.jpg
95,custom,jack_cole,medium,D,4,True,True,True,32283311,"['2.0', ' 2.0', ' 2.23606797749979', ' 3.0']","[2.0, 2.0, 2.23606797749979, 3.0]",custom_jack_cole_medium_D_0.jpg
96,custom,jack_cole,medium,D,4,True,True,True,38641707,"['0.0', ' 1.0', ' 1.0', ' 2.0']","[0.0, 1.0, 1.0, 2.0]",custom_jack_cole_medium_D_1.jpg
97,custom,jack_cole,medium,D,4,True,True,True,28153246,"['1.0', ' 1.0', ' 1.4142135623730951', ' 2.0']","[1.0, 1.0, 1.4142135623730951, 2.0]",custom_jack_cole_medium_D_2.jpg
98,custom,jack_cole,medium,D,4,True,True,True,41820530,"['1.0', ' 1.4142135623730951', ' 1.4142135623730951', ' 2.23606797749979']","[1.0, 1.4142135623730951, 1.4142135623730951, 2.23606797749979]",custom_jack_cole_medium_D_3.jpg
99,custom,jack_cole,medium,D,3,True,False,False,25593475,"['1.0', ' 1.4142135623730951', ' 2.23606797749979']","[1.0, 1.4142135623730951, 2.23606797749979]",custom_jack_cole_medium_D_4.jpg
100,custom,jack_cole,short,A,6,True,False,False,28285443,"['1.0', ' 2.23606797749979', ' 3.1622776601683795', ' 3.605551275463989']","[1.0, 2.23606797749979, 3.1622776601683795, 3.605551275463989, 294.838939083697, 425.60662588827256]",custom_jack_cole_short_A_0.jpg
101,custom,jack_cole,short,A,5,True,False,False,25836108,"['1.4142135623730951', ' 2.23606797749979', ' 3.0', ' 3.0']","[1.4142135623730951, 2.23606797749979, 3.0, 3.0, 561.3448138176748]",custom_jack_cole_short_A_1.jpg
102,custom,jack_cole,short,A,5,True,False,False,33150432,"['1.0', ' 1.0', ' 1.0', ' 1.4142135623730951']","[1.0, 1.0, 1.0, 1.4142135623730951, 504.9683158377365]",custom_jack_cole_short_A_2.jpg
103,custom,jack_cole,short,A,4,True,True,True,33000958,"['1.4142135623730951', ' 1.4142135623730951', ' 2.8284271247461903', ' 3.1622776601683795']","[1.4142135623730951, 1.4142135623730951, 2.8284271247461903, 3.1622776601683795]",custom_jack_cole_short_A_3.jpg
104,custom,jack_cole,short,A,3,True,False,False,26277551,"['2.23606797749979', ' 2.23606797749979', ' 3.605551275463989']","[2.23606797749979, 2.23606797749979, 3.605551275463989]",custom_jack_cole_short_A_4.jpg
105,custom,jack_cole,short,B,4,True,True,True,30964701,"['1.0', ' 1.0', ' 2.0', ' 2.23606797749979']","[1.0, 1.0, 2.0, 2.23606797749979]",custom_jack_cole_short_B_0.jpg
106,custom,jack_cole,short,B,5,True,False,False,32472191,"['0.0', ' 1.0', ' 1.0', ' 2.0']","[0.0, 1.0, 1.0, 2.0, 225.85836269662454]",custom_jack_cole_short_B_1.jpg
107,custom,jack_cole,short,B,4,True,True,True,40518041,"['1.0', ' 1.0', ' 1.4142135623730951', ' 2.0']","[1.0, 1.0, 1.4142135623730951, 2.0]",custom_jack_cole_short_B_2.jpg
108,custom,jack_cole,short,B,3,True,False,False,28840486,"['0.0', ' 1.4142135623730951', ' 2.0']","[0.0, 1.4142135623730951, 2.0]",custom_jack_cole_short_B_3.jpg
109,custom,jack_cole,short,B,4,True,True,True,23244759,"['0.0', ' 1.4142135623730951', ' 1.4142135623730951', ' 2.8284271247461903']","[0.0, 1.4142135623730951, 1.4142135623730951, 2.8284271247461903]",custom_jack_cole_short_B_4.jpg
110,custom,jack_cole,short,C,2,True,False,False,29842986,"['1.0', ' 1.0']","[1.0, 1.0]",custom_jack_cole_short_C_0.jpg
111,custom,jack_cole,short,C,2,False,False,False,26144639,"['3.0', ' 300.24823063591896']","[3.0, 300.24823063591896]",custom_jack_cole_short_C_1.jpg
112,custom,jack_cole,short,C,3,False,False,False,31899176,"['1.0', ' 2.0', ' 438.9453268916301']","[1.0, 2.0, 438.9453268916301]",custom_jack_cole_short_C_2.jpg
113,custom,jack_cole,short,C,4,False,True,False,31716687,"['2.23606797749979', ' 3.1622776601683795', ' 438.32065887886233', ' 487.08315511830216']","[2.23606797749979, 3.1622776601683795, 438.32065887886233, 487.08315511830216]",custom_jack_cole_short_C_3.jpg
114,custom,jack_cole,short,C,2,True,False,False,27204285,"['2.8284271247461903', ' 3.0']","[2.8284271247461903, 3.0]",custom_jack_cole_short_C_4.jpg
115,custom,jack_cole,short,D,5,True,False,False,32406472,"['0.0', ' 1.4142135623730951', ' 2.0', ' 2.23606797749979']","[0.0, 1.4142135623730951, 2.0, 2.23606797749979, 357.73314076277586]",custom_jack_cole_short_D_0.jpg
116,custom,jack_cole,short,D,4,True,True,True,30513864,"['0.0', ' 1.4142135623730951', ' 2.23606797749979', ' 3.1622776601683795']","[0.0, 1.4142135623730951, 2.23606797749979, 3.1622776601683795]",custom_jack_cole_short_D_1.jpg
117,custom,jack_cole,short,D,4,True,True,True,30260842,"['1.0', ' 1.0', ' 1.4142135623730951', ' 1.4142135623730951']","[1.0, 1.0, 1.4142135623730951, 1.4142135623730951]",custom_jack_cole_short_D_2.jpg
118,custom,jack_cole,short,D,4,True,True,True,34205074,"['0.0', ' 2.23606797749979', ' 2.23606797749979', ' 3.1622776601683795']","[0.0, 2.23606797749979, 2.23606797749979, 3.1622776601683795]",custom_jack_cole_short_D_3.jpg
119,custom,jack_cole,short,D,4,True,True,True,27191915,"['2.0', ' 2.23606797749979', ' 2.8284271247461903', ' 2.8284271247461903']","[2.0, 2.23606797749979, 2.8284271247461903, 2.8284271247461903]",custom_jack_cole_short_D_4.jpg
120,custom,john_honey,high,A,4,True,True,True,44499023,"['0.0', ' 1.0', ' 3.0', ' 3.1622776601683795']","[0.0, 1.0, 3.0, 3.1622776601683795]",custom_john_honey_high_A_0.jpg
121,custom,john_honey,high,A,1,True,False,False,50557592,['1.4142135623730951'],[1.4142135623730951],custom_john_honey_high_A_1.jpg
122,custom,john_honey,high,A,4,True,True,True,45845769,"['0.0', ' 1.0', ' 1.4142135623730951', ' 1.4142135623730951']","[0.0, 1.0, 1.4142135623730951, 1.4142135623730951]",custom_john_honey_high_A_2.jpg
123,custom,john_honey,high,A,4,True,True,True,53770954,"['0.0', ' 1.4142135623730951', ' 2.23606797749979', ' 2.8284271247461903']","[0.0, 1.4142135623730951, 2.23606797749979, 2.8284271247461903]",custom_john_honey_high_A_3.jpg
124,custom,john_honey,high,A,4,True,True,True,47722868,"['1.0', ' 1.0', ' 1.4142135623730951', ' 1.4142135623730951']","[1.0, 1.0, 1.4142135623730951, 1.4142135623730951]",custom_john_honey_high_A_4.jpg
125,custom,john_honey,high,B,3,True,False,False,46085809,"['1.0', ' 1.0', ' 2.0']","[1.0, 1.0, 2.0]",custom_john_honey_high_B_0.jpg
126,custom,john_honey,high,B,3,True,False,False,50311362,"['0.0', ' 1.4142135623730951', ' 2.23606797749979']","[0.0, 1.4142135623730951, 2.23606797749979]",custom_john_honey_high_B_1.jpg
127,custom,john_honey,high,B,2,True,False,False,53267860,"['1.0', ' 2.0']","[1.0, 2.0]",custom_john_honey_high_B_2.jpg
128,custom,john_honey,high,B,3,True,False,False,50415639,"['1.4142135623730951', ' 2.0', ' 3.0']","[1.4142135623730951, 2.0, 3.0]",custom_john_honey_high_B_3.jpg
129,custom,john_honey,high,B,3,True,False,False,45473587,"['1.0', ' 1.0', ' 1.4142135623730951']","[1.0, 1.0, 1.4142135623730951]",custom_john_honey_high_B_4.jpg
130,custom,john_honey,high,C,2,True,False,False,52971300,"['1.0', ' 1.4142135623730951']","[1.0, 1.4142135623730951]",custom_john_honey_high_C_0.jpg
131,custom,john_honey,high,C,1,True,False,False,40779685,['2.23606797749979'],[2.23606797749979],custom_john_honey_high_C_1.jpg
132,custom,john_honey,high,C,2,True,False,False,48480458,"['0.0', ' 1.0']","[0.0, 1.0]",custom_john_honey_high_C_2.jpg
133,custom,john_honey,high,C,1,True,False,False,44410916,['1.0'],[1.0],custom_john_honey_high_C_3.jpg
134,custom,john_honey,high,C,2,True,False,False,42667946,"['1.4142135623730951', ' 1.4142135623730951']","[1.4142135623730951, 1.4142135623730951]",custom_john_honey_high_C_4.jpg
135,custom,john_honey,high,D,4,True,True,True,44834715,"['0.0', ' 1.0', ' 1.0', ' 1.4142135623730951']","[0.0, 1.0, 1.0, 1.4142135623730951]",custom_john_honey_high_D_0.jpg
136,custom,john_honey,high,D,4,True,True,True,46149926,"['1.0', ' 1.0', ' 2.0', ' 2.23606797749979']","[1.0, 1.0, 2.0, 2.23606797749979]",custom_john_honey_high_D_1.jpg
137,custom,john_honey,high,D,4,True,True,True,54333528,"['0.0', ' 1.0', ' 1.4142135623730951', ' 2.0']","[0.0, 1.0, 1.4142135623730951, 2.0]",custom_john_honey_high_D_2.jpg
138,custom,john_honey,high,D,4,True,True,True,49236771,"['0.0', ' 1.0', ' 1.4142135623730951', ' 2.23606797749979']","[0.0, 1.0, 1.4142135623730951, 2.23606797749979]",custom_john_honey_high_D_3.jpg
139,custom,john_honey,high,D,4,True,True,True,49723496,"['1.0', ' 1.0', ' 2.0', ' 2.23606797749979']","[1.0, 1.0, 2.0, 2.23606797749979]",custom_john_honey_high_D_4.jpg
140,custom,john_honey,medium,A,4,True,True,True,52215938,"['0.0', ' 1.0', ' 1.0', ' 1.0']","[0.0, 1.0, 1.0, 1.0]",custom_john_honey_medium_A_0.jpg
141,custom,john_honey,medium,A,4,True,True,True,50523070,"['0.0', ' 1.0', ' 1.0', ' 1.4142135623730951']","[0.0, 1.0, 1.0, 1.4142135623730951]",custom_john_honey_medium_A_1.jpg
142,custom,john_honey,medium,A,4,True,True,True,57465018,"['0.0', ' 0.0', ' 1.0', ' 1.4142135623730951']","[0.0, 0.0, 1.0, 1.4142135623730951]",custom_john_honey_medium_A_2.jpg
143,custom,john_honey,medium,A,4,True,True,True,56655751,"['1.0', ' 1.4142135623730951', ' 1.4142135623730951', ' 2.0']","[1.0, 1.4142135623730951, 1.4142135623730951, 2.0]",custom_john_honey_medium_A_3.jpg
144,custom,john_honey,medium,A,4,True,True,True,54454153,"['1.0', ' 1.0', ' 1.4142135623730951', ' 1.4142135623730951']","[1.0, 1.0, 1.4142135623730951, 1.4142135623730951]",custom_john_honey_medium_A_4.jpg
145,custom,john_honey,medium,B,3,True,False,False,53451018,"['1.0', ' 1.0', ' 1.0']","[1.0, 1.0, 1.0]",custom_john_honey_medium_B_0.jpg
146,custom,john_honey,medium,B,4,True,True,True,57046455,"['1.0', ' 1.0', ' 2.23606797749979', ' 3.1622776601683795']","[1.0, 1.0, 2.23606797749979, 3.1622776601683795]",custom_john_honey_medium_B_1.jpg
147,custom,john_honey,medium,B,4,True,True,True,55848220,"['0.0', ' 1.4142135623730951', ' 2.23606797749979', ' 2.23606797749979']","[0.0, 1.4142135623730951, 2.23606797749979, 2.23606797749979]",custom_john_honey_medium_B_2.jpg
148,custom,john_honey,medium,B,4,True,True,True,53657641,"['0.0', ' 1.0', ' 2.0', ' 2.8284271247461903']","[0.0, 1.0, 2.0, 2.8284271247461903]",custom_john_honey_medium_B_3.jpg
149,custom,john_honey,medium,B,4,True,True,True,53421432,"['1.0', ' 1.4142135623730951', ' 1.4142135623730951', ' 2.23606797749979']","[1.0, 1.4142135623730951, 1.4142135623730951, 2.23606797749979]",custom_john_honey_medium_B_4.jpg
150,custom,john_honey,medium,C,2,True,False,False,53251102,"['1.0', ' 1.4142135623730951']","[1.0, 1.4142135623730951]",custom_john_honey_medium_C_0.jpg
151,custom,john_honey,medium,C,2,True,False,False,52138454,"['1.0', ' 1.4142135623730951']","[1.0, 1.4142135623730951]",custom_john_honey_medium_C_1.jpg
152,custom,john_honey,medium,C,2,True,False,False,54919715,"['1.0', ' 1.4142135623730951']","[1.0, 1.4142135623730951]",custom_john_honey_medium_C_2.jpg
153,custom,john_honey,medium,C,2,True,False,False,58712526,"['0.0', ' 1.4142135623730951']","[0.0, 1.4142135623730951]",custom_john_honey_medium_C_3.jpg
154,custom,john_honey,medium,C,3,False,False,False,50634351,"['1.0', ' 1.0', ' 294.2108087749327']","[1.0, 1.0, 294.2108087749327]",custom_john_honey_medium_C_4.jpg
155,custom,john_honey,medium,D,5,True,False,False,51309454,"['0.0', ' 1.0', ' 1.4142135623730951', ' 2.23606797749979']","[0.0, 1.0, 1.4142135623730951, 2.23606797749979, 248.3867951401604]",custom_john_honey_medium_D_0.jpg
156,custom,john_honey,medium,D,5,True,False,False,58001070,"['0.0', ' 1.0', ' 1.4142135623730951', ' 1.4142135623730951']","[0.0, 1.0, 1.4142135623730951, 1.4142135623730951, 153.3101431738944]",custom_john_honey_medium_D_1.jpg
157,custom,john_honey,medium,D,4,True,True,True,54635158,"['0.0', ' 1.4142135623730951', ' 1.4142135623730951', ' 1.4142135623730951']","[0.0, 1.4142135623730951, 1.4142135623730951, 1.4142135623730951]",custom_john_honey_medium_D_2.jpg
158,custom,john_honey,medium,D,4,True,True,True,56739867,"['0.0', ' 1.0', ' 1.0', ' 2.23606797749979']","[0.0, 1.0, 1.0, 2.23606797749979]",custom_john_honey_medium_D_3.jpg
159,custom,john_honey,medium,D,4,True,True,True,50616780,"['1.0', ' 1.4142135623730951', ' 1.4142135623730951', ' 2.23606797749979']","[1.0, 1.4142135623730951, 1.4142135623730951, 2.23606797749979]",custom_john_honey_medium_D_4.jpg
160,custom,john_honey,short,A,4,True,True,True,48303420,"['0.0', ' 1.0', ' 1.4142135623730951', ' 2.0']","[0.0, 1.0, 1.4142135623730951, 2.0]",custom_john_honey_short_A_0.jpg
161,custom,john_honey,short,A,4,True,True,True,57155634,"['1.4142135623730951', ' 2.23606797749979', ' 2.23606797749979', ' 3.0']","[1.4142135623730951, 2.23606797749979, 2.23606797749979, 3.0]",custom_john_honey_short_A_1.jpg
162,custom,john_honey,short,A,4,True,True,True,55811122,"['1.0', ' 1.0', ' 1.4142135623730951', ' 2.0']","[1.0, 1.0, 1.4142135623730951, 2.0]",custom_john_honey_short_A_2.jpg
163,custom,john_honey,short,A,4,True,True,True,49702658,"['1.0', ' 1.4142135623730951', ' 2.0', ' 2.0']","[1.0, 1.4142135623730951, 2.0, 2.0]",custom_john_honey_short_A_3.jpg
164,custom,john_honey,short,A,4,True,True,True,45739676,"['0.0', ' 1.4142135623730951', ' 2.23606797749979', ' 2.23606797749979']","[0.0, 1.4142135623730951, 2.23606797749979, 2.23606797749979]",custom_john_honey_short_A_4.jpg
165,custom,john_honey,short,B,4,True,True,True,56118636,"['1.0', ' 1.0', ' 2.23606797749979', ' 2.23606797749979']","[1.0, 1.0, 2.23606797749979, 2.23606797749979]",custom_john_honey_short_B_0.jpg
166,custom,john_honey,short,B,4,True,True,True,55150148,"['1.0', ' 2.0', ' 2.23606797749979', ' 3.0']","[1.0, 2.0, 2.23606797749979, 3.0]",custom_john_honey_short_B_1.jpg
167,custom,john_honey,short,B,4,True,True,True,54560058,"['1.0', ' 1.0', ' 1.4142135623730951', ' 1.4142135623730951']","[1.0, 1.0, 1.4142135623730951, 1.4142135623730951]",custom_john_honey_short_B_2.jpg
168,custom,john_honey,short,B,3,True,False,False,56406401,"['1.0', ' 1.0', ' 2.0']","[1.0, 1.0, 2.0]",custom_john_honey_short_B_3.jpg
169,custom,john_honey,short,B,3,True,False,False,49652760,"['1.0', ' 1.0', ' 1.0']","[1.0, 1.0, 1.0]",custom_john_honey_short_B_4.jpg
170,custom,john_honey,short,C,2,True,False,False,56334668,"['1.4142135623730951', ' 2.23606797749979']","[1.4142135623730951, 2.23606797749979]",custom_john_honey_short_C_0.jpg
171,custom,john_honey,short,C,2,True,False,False,62611557,"['1.0', ' 2.23606797749979']","[1.0, 2.23606797749979]",custom_john_honey_short_C_1.jpg
172,custom,john_honey,short,C,1,True,False,False,51685413,['1.0'],[1.0],custom_john_honey_short_C_2.jpg
173,custom,john_honey,short,C,2,True,False,False,50923633,"['1.0', ' 2.0']","[1.0, 2.0]",custom_john_honey_short_C_3.jpg
174,custom,john_honey,short,C,2,True,False,False,53475665,"['1.4142135623730951', ' 1.4142135623730951']","[1.4142135623730951, 1.4142135623730951]",custom_john_honey_short_C_4.jpg
175,custom,john_honey,short,D,4,True,True,True,63539050,"['0.0', ' 1.4142135623730951', ' 1.4142135623730951', ' 2.23606797749979']","[0.0, 1.4142135623730951, 1.4142135623730951, 2.23606797749979]",custom_john_honey_short_D_0.jpg
176,custom,john_honey,short,D,4,True,True,True,58115206,"['1.0', ' 1.0', ' 1.4142135623730951', ' 1.4142135623730951']","[1.0, 1.0, 1.4142135623730951, 1.4142135623730951]",custom_john_honey_short_D_1.jpg
177,custom,john_honey,short,D,4,True,True,True,55020841,"['0.0', ' 1.4142135623730951', ' 1.4142135623730951', ' 2.0']","[0.0, 1.4142135623730951, 1.4142135623730951, 2.0]",custom_john_honey_short_D_2.jpg
178,custom,john_honey,short,D,4,True,True,True,48958996,"['0.0', ' 1.4142135623730951', ' 1.4142135623730951', ' 2.0']","[0.0, 1.4142135623730951, 1.4142135623730951, 2.0]",custom_john_honey_short_D_3.jpg
179,custom,john_honey,short,D,4,True,True,True,50058608,"['0.0', ' 1.0', ' 1.0', ' 1.4142135623730951']","[0.0, 1.0, 1.0, 1.4142135623730951]",custom_john_honey_short_D_4.jpg
180,custom,michaels,high,A,2,True,False,False,36228604,"['0.0', ' 2.23606797749979']","[0.0, 2.23606797749979]",custom_michaels_high_A_0.jpg
181,custom,michaels,high,A,2,True,False,False,35207338,"['1.0', ' 1.0']","[1.0, 1.0]",custom_michaels_high_A_1.jpg
182,custom,michaels,high,A,4,True,True,True,33843653,"['1.0', ' 1.0', ' 1.4142135623730951', ' 1.4142135623730951']","[1.0, 1.0, 1.4142135623730951, 1.4142135623730951]",custom_michaels_high_A_2.jpg
183,custom,michaels,high,A,4,True,True,True,54954109,"['0.0', ' 1.0', ' 1.0', ' 1.0']","[0.0, 1.0, 1.0, 1.0]",custom_michaels_high_A_3.jpg
184,custom,michaels,high,A,4,True,True,True,36448593,"['0.0', ' 1.4142135623730951', ' 1.4142135623730951', ' 2.0']","[0.0, 1.4142135623730951, 1.4142135623730951, 2.0]",custom_michaels_high_A_4.jpg
185,custom,michaels,high,B,3,True,False,False,56572251,"['1.0', ' 1.0', ' 2.8284271247461903']","[1.0, 1.0, 2.8284271247461903]",custom_michaels_high_B_0.jpg
186,custom,michaels,high,B,4,True,True,True,35474578,"['1.0', ' 1.0', ' 1.4142135623730951', ' 2.0']","[1.0, 1.0, 1.4142135623730951, 2.0]",custom_michaels_high_B_1.jpg
187,custom,michaels,high,B,3,True,False,False,30454987,"['1.0', ' 1.0', ' 1.4142135623730951']","[1.0, 1.0, 1.4142135623730951]",custom_michaels_high_B_2.jpg
188,custom,michaels,high,B,2,True,False,False,31958106,"['1.0', ' 2.23606797749979']","[1.0, 2.23606797749979]",custom_michaels_high_B_3.jpg
189,custom,michaels,high,B,3,True,False,False,49592048,"['0.0', ' 1.0', ' 1.4142135623730951']","[0.0, 1.0, 1.4142135623730951]",custom_michaels_high_B_4.jpg
190,custom,michaels,high,C,2,True,False,False,48639901,"['1.4142135623730951', ' 2.23606797749979']","[1.4142135623730951, 2.23606797749979]",custom_michaels_high_C_0.jpg
191,custom,michaels,high,C,2,True,False,False,50123428,"['0.0', ' 1.4142135623730951']","[0.0, 1.4142135623730951]",custom_michaels_high_C_1.jpg
192,custom,michaels,high,C,2,True,False,False,32688484,"['0.0', ' 1.0']","[0.0, 1.0]",custom_michaels_high_C_2.jpg
193,custom,michaels,high,C,2,True,False,False,32685035,"['1.0', ' 1.4142135623730951']","[1.0, 1.4142135623730951]",custom_michaels_high_C_3.jpg
194,custom,michaels,high,C,2,True,False,False,36986831,"['1.0', ' 2.23606797749979']","[1.0, 2.23606797749979]",custom_michaels_high_C_4.jpg
195,custom,michaels,high,D,4,True,True,True,35524402,"['0.0', ' 0.0', ' 1.0', ' 1.4142135623730951']","[0.0, 0.0, 1.0, 1.4142135623730951]",custom_michaels_high_D_0.jpg
196,custom,michaels,high,D,4,True,True,True,53887668,"['1.0', ' 1.0', ' 1.4142135623730951', ' 2.23606797749979']","[1.0, 1.0, 1.4142135623730951, 2.23606797749979]",custom_michaels_high_D_1.jpg
197,custom,michaels,high,D,3,True,False,False,35084207,"['1.0', ' 1.0', ' 1.0']","[1.0, 1.0, 1.0]",custom_michaels_high_D_2.jpg
198,custom,michaels,high,D,2,True,False,False,32886053,"['1.0', ' 1.0']","[1.0, 1.0]",custom_michaels_high_D_3.jpg
199,custom,michaels,high,D,2,True,False,False,31811435,"['1.0', ' 1.4142135623730951']","[1.0, 1.4142135623730951]",custom_michaels_high_D_4.jpg
200,custom,michaels,medium,A,4,True,True,True,38016127,"['0.0', ' 1.4142135623730951', ' 2.0', ' 2.23606797749979']","[0.0, 1.4142135623730951, 2.0, 2.23606797749979]",custom_michaels_medium_A_0.jpg
201,custom,michaels,medium,A,2,True,False,False,41767541,"['0.0', ' 1.0']","[0.0, 1.0]",custom_michaels_medium_A_1.jpg
202,custom,michaels,medium,A,4,True,True,True,33658661,"['1.0', ' 1.4142135623730951', ' 1.4142135623730951', ' 3.0']","[1.0, 1.4142135623730951, 1.4142135623730951, 3.0]",custom_michaels_medium_A_2.jpg
203,custom,michaels,medium,A,4,True,True,True,42965229,"['1.0', ' 1.0', ' 2.0', ' 2.23606797749979']","[1.0, 1.0, 2.0, 2.23606797749979]",custom_michaels_medium_A_3.jpg
204,custom,michaels,medium,A,3,True,False,False,34972060,"['1.0', ' 1.0', ' 1.4142135623730951']","[1.0, 1.0, 1.4142135623730951]",custom_michaels_medium_A_4.jpg
205,custom,michaels,medium,B,4,True,True,True,31379491,"['1.0', ' 1.0', ' 1.0', ' 1.0']","[1.0, 1.0, 1.0, 1.0]",custom_michaels_medium_B_0.jpg
206,custom,michaels,medium,B,3,True,False,False,40771613,"['0.0', ' 0.0', ' 2.23606797749979']","[0.0, 0.0, 2.23606797749979]",custom_michaels_medium_B_1.jpg
207,custom,michaels,medium,B,4,True,True,True,39232586,"['0.0', ' 1.4142135623730951', ' 2.23606797749979', ' 2.23606797749979']","[0.0, 1.4142135623730951, 2.23606797749979, 2.23606797749979]",custom_michaels_medium_B_2.jpg
208,custom,michaels,medium,B,4,True,True,True,37216933,"['0.0', ' 1.0', ' 1.0', ' 2.23606797749979']","[0.0, 1.0, 1.0, 2.23606797749979]",custom_michaels_medium_B_3.jpg
209,custom,michaels,medium,B,4,True,True,True,33105766,"['1.0', ' 1.0', ' 1.4142135623730951', ' 2.0']","[1.0, 1.0, 1.4142135623730951, 2.0]",custom_michaels_medium_B_4.jpg
210,custom,michaels,medium,C,1,True,False,False,35643500,['1.0'],[1.0],custom_michaels_medium_C_0.jpg
211,custom,michaels,medium,C,2,True,False,False,39048667,"['1.0', ' 1.4142135623730951']","[1.0, 1.4142135623730951]",custom_michaels_medium_C_1.jpg
212,custom,michaels,medium,C,2,False,False,False,39960251,"['2.23606797749979', ' 139.5313584826006']","[2.23606797749979, 139.5313584826006]",custom_michaels_medium_C_2.jpg
213,custom,michaels,medium,C,1,True,False,False,35234485,['1.4142135623730951'],[1.4142135623730951],custom_michaels_medium_C_3.jpg
214,custom,michaels,medium,C,2,True,False,False,31613218,"['0.0', ' 0.0']","[0.0, 0.0]",custom_michaels_medium_C_4.jpg
215,custom,michaels,medium,D,3,True,False,False,41452619,"['1.0', ' 1.0', ' 1.0']","[1.0, 1.0, 1.0]",custom_michaels_medium_D_0.jpg
216,custom,michaels,medium,D,4,True,True,True,35379245,"['0.0', ' 0.0', ' 1.4142135623730951', ' 2.23606797749979']","[0.0, 0.0, 1.4142135623730951, 2.23606797749979]",custom_michaels_medium_D_1.jpg
217,custom,michaels,medium,D,4,True,True,True,42346650,"['0.0', ' 0.0', ' 1.0', ' 1.4142135623730951']","[0.0, 0.0, 1.0, 1.4142135623730951]",custom_michaels_medium_D_2.jpg
218,custom,michaels,medium,D,4,True,True,True,35237081,"['1.0', ' 1.0', ' 1.4142135623730951', ' 1.4142135623730951']","[1.0, 1.0, 1.4142135623730951, 1.4142135623730951]",custom_michaels_medium_D_3.jpg
219,custom,michaels,medium,D,4,True,True,True,34754160,"['0.0', ' 1.0', ' 1.4142135623730951', ' 2.23606797749979']","[0.0, 1.0, 1.4142135623730951, 2.23606797749979]",custom_michaels_medium_D_4.jpg
220,custom,michaels,short,A,4,True,True,True,39609629,"['1.0', ' 1.0', ' 1.0', ' 2.23606797749979']","[1.0, 1.0, 1.0, 2.23606797749979]",custom_michaels_short_A_0.jpg
221,custom,michaels,short,A,4,True,True,True,38903407,"['0.0', ' 1.0', ' 1.4142135623730951', ' 1.4142135623730951']","[0.0, 1.0, 1.4142135623730951, 1.4142135623730951]",custom_michaels_short_A_1.jpg
222,custom,michaels,short,A,4,True,True,True,39234628,"['0.0', ' 1.4142135623730951', ' 1.4142135623730951', ' 2.0']","[0.0, 1.4142135623730951, 1.4142135623730951, 2.0]",custom_michaels_short_A_2.jpg
223,custom,michaels,short,A,4,True,True,True,35092077,"['1.0', ' 2.23606797749979', ' 2.23606797749979', ' 2.23606797749979']","[1.0, 2.23606797749979, 2.23606797749979, 2.23606797749979]",custom_michaels_short_A_3.jpg
224,custom,michaels,short,A,4,True,True,True,29488771,"['1.0', ' 1.4142135623730951', ' 2.23606797749979', ' 2.23606797749979']","[1.0, 1.4142135623730951, 2.23606797749979, 2.23606797749979]",custom_michaels_short_A_4.jpg
225,custom,michaels,short,B,3,True,False,False,35735139,"['1.0', ' 1.4142135623730951', ' 1.4142135623730951']","[1.0, 1.4142135623730951, 1.4142135623730951]",custom_michaels_short_B_0.jpg
226,custom,michaels,short,B,4,True,True,True,38384567,"['1.0', ' 1.0', ' 2.23606797749979', ' 2.8284271247461903']","[1.0, 1.0, 2.23606797749979, 2.8284271247461903]",custom_michaels_short_B_1.jpg
227,custom,michaels,short,B,4,True,True,True,38930490,"['0.0', ' 1.0', ' 1.4142135623730951', ' 2.0']","[0.0, 1.0, 1.4142135623730951, 2.0]",custom_michaels_short_B_2.jpg
228,custom,michaels,short,B,2,True,False,False,43554760,"['1.0', ' 1.4142135623730951']","[1.0, 1.4142135623730951]",custom_michaels_short_B_3.jpg
229,custom,michaels,short,B,2,True,False,False,40889090,"['1.4142135623730951', ' 2.0']","[1.4142135623730951, 2.0]",custom_michaels_short_B_4.jpg
230,custom,michaels,short,C,2,True,False,False,35983645,"['0.0', ' 1.0']","[0.0, 1.0]",custom_michaels_short_C_0.jpg
231,custom,michaels,short,C,2,True,False,False,39864060,"['1.0', ' 1.0']","[1.0, 1.0]",custom_michaels_short_C_1.jpg
232,custom,michaels,short,C,2,True,False,False,40909619,"['0.0', ' 1.0']","[0.0, 1.0]",custom_michaels_short_C_2.jpg
233,custom,michaels,short,C,1,True,False,False,35821419,['1.4142135623730951'],[1.4142135623730951],custom_michaels_short_C_3.jpg
234,custom,michaels,short,C,2,True,False,False,37016868,"['1.0', ' 1.4142135623730951']","[1.0, 1.4142135623730951]",custom_michaels_short_C_4.jpg
235,custom,michaels,short,D,3,True,False,False,32592893,"['1.4142135623730951', ' 2.0', ' 2.0']","[1.4142135623730951, 2.0, 2.0]",custom_michaels_short_D_0.jpg
236,custom,michaels,short,D,4,True,True,True,34028025,"['1.0', ' 1.4142135623730951', ' 1.4142135623730951', ' 2.8284271247461903']","[1.0, 1.4142135623730951, 1.4142135623730951, 2.8284271247461903]",custom_michaels_short_D_1.jpg
237,custom,michaels,short,D,4,True,True,True,40033375,"['0.0', ' 1.4142135623730951', ' 2.0', ' 2.23606797749979']","[0.0, 1.4142135623730951, 2.0, 2.23606797749979]",custom_michaels_short_D_2.jpg
238,custom,michaels,short,D,4,True,True,True,40910058,"['1.4142135623730951', ' 1.4142135623730951', ' 1.4142135623730951', ' 3.0']","[1.4142135623730951, 1.4142135623730951, 1.4142135623730951, 3.0]",custom_michaels_short_D_3.jpg
239,custom,michaels,short,D,4,True,True,True,32207563,"['1.0', ' 1.0', ' 2.0', ' 3.0']","[1.0, 1.0, 2.0, 3.0]",custom_michaels_short_D_4.jpg
240,dark,davids,high,A,2,True,False,False,38237618,"['1.0', ' 1.0']","[1.0, 1.0]",dark_davids_high_A_0.jpg
241,dark,davids,high,A,1,True,False,False,42937023,['2.23606797749979'],[2.23606797749979],dark_davids_high_A_1.jpg
242,dark,davids,high,A,3,True,False,False,39692597,"['0.0', ' 1.0', ' 1.0']","[0.0, 1.0, 1.0]",dark_davids_high_A_2.jpg
243,dark,davids,high,A,3,True,False,False,30117511,"['2.0', ' 2.23606797749979', ' 2.23606797749979']","[2.0, 2.23606797749979, 2.23606797749979]",dark_davids_high_A_3.jpg
244,dark,davids,high,A,3,True,False,False,39966630,"['1.0', ' 1.0', ' 1.0']","[1.0, 1.0, 1.0]",dark_davids_high_A_4.jpg
245,dark,davids,high,B,4,True,True,True,41935655,"['1.0', ' 1.0', ' 1.0', ' 1.0']","[1.0, 1.0, 1.0, 1.0]",dark_davids_high_B_0.jpg
246,dark,davids,high,B,4,True,True,True,37997078,"['1.0', ' 1.0', ' 2.0', ' 2.23606797749979']","[1.0, 1.0, 2.0, 2.23606797749979]",dark_davids_high_B_1.jpg
247,dark,davids,high,B,4,True,True,True,39220538,"['1.0', ' 1.0', ' 1.4142135623730951', ' 2.23606797749979']","[1.0, 1.0, 1.4142135623730951, 2.23606797749979]",dark_davids_high_B_2.jpg
248,dark,davids,high,B,5,True,False,False,31219634,"['1.0', ' 1.4142135623730951', ' 2.0', ' 2.23606797749979']","[1.0, 1.4142135623730951, 2.0, 2.23606797749979, 343.9127796404199]",dark_davids_high_B_3.jpg
249,dark,davids,high,B,4,True,True,True,27657482,"['1.0', ' 1.4142135623730951', ' 1.4142135623730951', ' 1.4142135623730951']","[1.0, 1.4142135623730951, 1.4142135623730951, 1.4142135623730951]",dark_davids_high_B_4.jpg
250,dark,davids,high,C,3,True,False,False,31519260,"['0.0', ' 1.4142135623730951', ' 2.23606797749979']","[0.0, 1.4142135623730951, 2.23606797749979]",dark_davids_high_C_0.jpg
251,dark,davids,high,C,3,True,False,False,45158192,"['0.0', ' 0.0', ' 1.4142135623730951']","[0.0, 0.0, 1.4142135623730951]",dark_davids_high_C_1.jpg
252,dark,davids,high,C,3,True,False,False,37237705,"['0.0', ' 1.0', ' 1.4142135623730951']","[0.0, 1.0, 1.4142135623730951]",dark_davids_high_C_2.jpg
253,dark,davids,high,C,3,True,False,False,40988829,"['1.0', ' 1.0', ' 2.0']","[1.0, 1.0, 2.0]",dark_davids_high_C_3.jpg
254,dark,davids,high,C,3,True,False,False,37360087,"['1.0', ' 1.0', ' 2.0']","[1.0, 1.0, 2.0]",dark_davids_high_C_4.jpg
255,dark,davids,high,D,1,True,False,False,30645861,['0.0'],[0.0],dark_davids_high_D_0.jpg
256,dark,davids,high,D,1,True,False,False,40385348,['0.0'],[0.0],dark_davids_high_D_1.jpg
257,dark,davids,high,D,1,True,False,False,45622430,['1.4142135623730951'],[1.4142135623730951],dark_davids_high_D_2.jpg
258,dark,davids,high,D,1,True,False,False,45129846,['1.0'],[1.0],dark_davids_high_D_3.jpg
259,dark,davids,high,D,1,True,False,False,28457529,['1.4142135623730951'],[1.4142135623730951],dark_davids_high_D_4.jpg
260,dark,davids,medium,A,3,True,False,False,33452921,"['1.0', ' 1.4142135623730951', ' 2.23606797749979']","[1.0, 1.4142135623730951, 2.23606797749979]",dark_davids_medium_A_0.jpg
261,dark,davids,medium,A,3,True,False,False,53975261,"['0.0', ' 1.0', ' 1.4142135623730951']","[0.0, 1.0, 1.4142135623730951]",dark_davids_medium_A_1.jpg
262,dark,davids,medium,A,3,True,False,False,48088454,"['0.0', ' 1.0', ' 2.0']","[0.0, 1.0, 2.0]",dark_davids_medium_A_2.jpg
263,dark,davids,medium,A,3,True,False,False,49216792,"['1.4142135623730951', ' 2.23606797749979', ' 2.23606797749979']","[1.4142135623730951, 2.23606797749979, 2.23606797749979]",dark_davids_medium_A_3.jpg
264,dark,davids,medium,A,3,True,False,False,32158193,"['1.0', ' 1.4142135623730951', ' 2.23606797749979']","[1.0, 1.4142135623730951, 2.23606797749979]",dark_davids_medium_A_4.jpg
265,dark,davids,medium,B,8,True,False,False,32175890,"['1.0', ' 1.0', ' 1.4142135623730951', ' 2.0']","[1.0, 1.0, 1.4142135623730951, 2.0, 177.04519197086375, 203.35437049643167, 615.4421175057813, 671.8720116212611]",dark_davids_medium_B_0.jpg
266,dark,davids,medium,B,9,True,False,False,45214397,"['1.0', ' 1.4142135623730951', ' 2.0', ' 2.23606797749979']","[1.0, 1.4142135623730951, 2.0, 2.23606797749979, 179.60233851484227, 181.23189564753773, 198.80643852752857, 474.911570716065, 543.111406619305]",dark_davids_medium_B_1.jpg
267,dark,davids,medium,B,9,True,False,False,50749817,"['1.4142135623730951', ' 1.4142135623730951', ' 2.0', ' 2.23606797749979']","[1.4142135623730951, 1.4142135623730951, 2.0, 2.23606797749979, 139.43098651304163, 180.27756377319946, 197.89138435010253, 471.4764044997374, 539.971295533383]",dark_davids_medium_B_2.jpg
268,dark,davids,medium,B,8,True,False,False,29413707,"['1.4142135623730951', ' 1.4142135623730951', ' 1.4142135623730951', ' 2.23606797749979']","[1.4142135623730951, 1.4142135623730951, 1.4142135623730951, 2.23606797749979, 138.5712812959453, 196.9771560359221, 470.73665674132496, 539.7378993548627]",dark_davids_medium_B_3.jpg
269,dark,davids,medium,B,6,True,False,False,32423252,"['1.0', ' 1.0', ' 1.4142135623730951', ' 2.23606797749979']","[1.0, 1.0, 1.4142135623730951, 2.23606797749979, 520.2547452931112, 589.6007123469238]",dark_davids_medium_B_4.jpg
270,dark,davids,medium,C,3,True,False,False,34927340,"['0.0', ' 1.0', ' 1.0']","[0.0, 1.0, 1.0]",dark_davids_medium_C_0.jpg
271,dark,davids,medium,C,3,True,False,False,35384808,"['1.0', ' 1.4142135623730951', ' 2.0']","[1.0, 1.4142135623730951, 2.0]",dark_davids_medium_C_1.jpg
272,dark,davids,medium,C,3,True,False,False,37270567,"['1.0', ' 1.0', ' 2.23606797749979']","[1.0, 1.0, 2.23606797749979]",dark_davids_medium_C_2.jpg
273,dark,davids,medium,C,3,True,False,False,41177742,"['0.0', ' 1.4142135623730951', ' 1.4142135623730951']","[0.0, 1.4142135623730951, 1.4142135623730951]",dark_davids_medium_C_3.jpg
274,dark,davids,medium,C,3,True,False,False,31305247,"['0.0', ' 1.0', ' 1.4142135623730951']","[0.0, 1.0, 1.4142135623730951]",dark_davids_medium_C_4.jpg
275,dark,davids,medium,D,2,False,False,False,32461477,"['2.23606797749979', ' 590.0']","[2.23606797749979, 590.0]",dark_davids_medium_D_0.jpg
276,dark,davids,medium,D,2,False,False,False,34591223,"['1.0', ' 586.8466579950848']","[1.0, 586.8466579950848]",dark_davids_medium_D_1.jpg
277,dark,davids,medium,D,2,False,False,False,42938516,"['3.1622776601683795', ' 431.6132528085763']","[3.1622776601683795, 431.6132528085763]",dark_davids_medium_D_2.jpg
278,dark,davids,medium,D,3,False,False,False,44957676,"['1.0', ' 235.84104816592043', ' 435.15744277215344']","[1.0, 235.84104816592043, 435.15744277215344]",dark_davids_medium_D_3.jpg
279,dark,davids,medium,D,2,False,False,False,26824213,"['1.0', ' 733.6163847679521']","[1.0, 733.6163847679521]",dark_davids_medium_D_4.jpg
280,dark,davids,short,A,3,True,False,False,31156289,"['1.0', ' 2.0', ' 2.23606797749979']","[1.0, 2.0, 2.23606797749979]",dark_davids_short_A_0.jpg
281,dark,davids,short,A,4,False,True,False,38356533,"['1.4142135623730951', ' 2.0', ' 2.0', ' 271.93565415369864']","[1.4142135623730951, 2.0, 2.0, 271.93565415369864]",dark_davids_short_A_1.jpg
282,dark,davids,short,A,3,True,False,False,33567182,"['1.0', ' 2.23606797749979', ' 3.1622776601683795']","[1.0, 2.23606797749979, 3.1622776601683795]",dark_davids_short_A_2.jpg
283,dark,davids,short,A,3,True,False,False,48719394,"['1.4142135623730951', ' 2.0', ' 4.0']","[1.4142135623730951, 2.0, 4.0]",dark_davids_short_A_3.jpg
284,dark,davids,short,A,3,True,False,False,28330516,"['1.0', ' 1.4142135623730951', ' 2.0']","[1.0, 1.4142135623730951, 2.0]",dark_davids_short_A_4.jpg
285,dark,davids,short,B,4,True,True,True,37193532,"['1.4142135623730951', ' 1.4142135623730951', ' 2.0', ' 3.605551275463989']","[1.4142135623730951, 1.4142135623730951, 2.0, 3.605551275463989]",dark_davids_short_B_0.jpg
286,dark,davids,short,B,6,True,False,False,40852797,"['1.0', ' 1.4142135623730951', ' 1.4142135623730951', ' 1.4142135623730951']","[1.0, 1.4142135623730951, 1.4142135623730951, 1.4142135623730951, 256.8443108188305, 296.98484809834997]",dark_davids_short_B_1.jpg
287,dark,davids,short,B,2,True,False,False,37189313,"['1.0', ' 1.4142135623730951']","[1.0, 1.4142135623730951]",dark_davids_short_B_2.jpg
288,dark,davids,short,B,4,True,True,True,38556617,"['1.0', ' 1.4142135623730951', ' 3.0', ' 3.0']","[1.0, 1.4142135623730951, 3.0, 3.0]",dark_davids_short_B_3.jpg
289,dark,davids,short,B,4,True,True,True,32234503,"['0.0', ' 1.0', ' 1.0', ' 2.23606797749979']","[0.0, 1.0, 1.0, 2.23606797749979]",dark_davids_short_B_4.jpg
290,dark,davids,short,C,3,True,False,False,37073618,"['1.4142135623730951', ' 1.4142135623730951', ' 2.23606797749979']","[1.4142135623730951, 1.4142135623730951, 2.23606797749979]",dark_davids_short_C_0.jpg
291,dark,davids,short,C,3,True,False,False,39462030,"['1.0', ' 1.4142135623730951', ' 2.23606797749979']","[1.0, 1.4142135623730951, 2.23606797749979]",dark_davids_short_C_1.jpg
292,dark,davids,short,C,2,True,False,False,39103270,"['2.23606797749979', ' 3.1622776601683795']","[2.23606797749979, 3.1622776601683795]",dark_davids_short_C_2.jpg
293,dark,davids,short,C,5,False,False,False,65793489,"['0.0', ' 1.0', ' 149.40214188558343', ' 163.47782724271815']","[0.0, 1.0, 149.40214188558343, 163.47782724271815, 205.29490982486632]",dark_davids_short_C_3.jpg
294,dark,davids,short,C,3,True,False,False,27822385,"['1.0', ' 2.23606797749979', ' 3.0']","[1.0, 2.23606797749979, 3.0]",dark_davids_short_C_4.jpg
295,dark,davids,short,D,3,False,False,False,35754872,"['1.0', ' 180.0999722376436', ' 214.66718426438635']","[1.0, 180.0999722376436, 214.66718426438635]",dark_davids_short_D_0.jpg
296,dark,davids,short,D,1,True,False,False,35088291,['3.605551275463989'],[3.605551275463989],dark_davids_short_D_1.jpg
297,dark,davids,short,D,1,True,False,False,35233546,['2.0'],[2.0],dark_davids_short_D_2.jpg
298,dark,davids,short,D,2,False,False,False,34514493,"['2.23606797749979', ' 296.56871041969345']","[2.23606797749979, 296.56871041969345]",dark_davids_short_D_3.jpg
299,dark,davids,short,D,1,True,False,False,39268195,['3.0'],[3.0],dark_davids_short_D_4.jpg
300,dark,jack_cole,high,A,3,True,False,False,33637301,"['0.0', ' 1.4142135623730951', ' 2.0']","[0.0, 1.4142135623730951, 2.0]",dark_jack_cole_high_A_0.jpg
301,dark,jack_cole,high,A,3,True,False,False,32868198,"['1.0', ' 1.4142135623730951', ' 2.23606797749979']","[1.0, 1.4142135623730951, 2.23606797749979]",dark_jack_cole_high_A_1.jpg
302,dark,jack_cole,high,A,3,True,False,False,26444683,"['0.0', ' 1.0', ' 3.1622776601683795']","[0.0, 1.0, 3.1622776601683795]",dark_jack_cole_high_A_2.jpg
303,dark,jack_cole,high,A,3,True,False,False,22870167,"['0.0', ' 1.0', ' 1.0']","[0.0, 1.0, 1.0]",dark_jack_cole_high_A_3.jpg
304,dark,jack_cole,high,A,3,True,False,False,28871561,"['1.0', ' 1.4142135623730951', ' 2.23606797749979']","[1.0, 1.4142135623730951, 2.23606797749979]",dark_jack_cole_high_A_4.jpg
305,dark,jack_cole,high,B,4,True,True,True,43197255,"['1.0', ' 1.0', ' 1.0', ' 1.0']","[1.0, 1.0, 1.0, 1.0]",dark_jack_cole_high_B_0.jpg
306,dark,jack_cole,high,B,3,True,False,False,30531071,"['1.0', ' 2.0', ' 2.23606797749979']","[1.0, 2.0, 2.23606797749979]",dark_jack_cole_high_B_1.jpg
307,dark,jack_cole,high,B,4,True,True,True,30694722,"['1.0', ' 1.0', ' 2.0', ' 2.23606797749979']","[1.0, 1.0, 2.0, 2.23606797749979]",dark_jack_cole_high_B_2.jpg
308,dark,jack_cole,high,B,4,True,True,True,32819646,"['1.0', ' 1.0', ' 1.0', ' 3.0']","[1.0, 1.0, 1.0, 3.0]",dark_jack_cole_high_B_3.jpg
309,dark,jack_cole,high,B,4,True,True,True,23222605,"['1.0', ' 1.0', ' 1.0', ' 1.4142135623730951']","[1.0, 1.0, 1.0, 1.4142135623730951]",dark_jack_cole_high_B_4.jpg
310,dark,jack_cole,high,C,3,True,False,False,31984632,"['1.0', ' 1.4142135623730951', ' 2.0']","[1.0, 1.4142135623730951, 2.0]",dark_jack_cole_high_C_0.jpg
311,dark,jack_cole,high,C,3,True,False,False,37944102,"['1.0', ' 1.0', ' 1.4142135623730951']","[1.0, 1.0, 1.4142135623730951]",dark_jack_cole_high_C_1.jpg
312,dark,jack_cole,high,C,4,False,True,False,34997866,"['0.0', ' 1.4142135623730951', ' 2.23606797749979', ' 329.460164511584']","[0.0, 1.4142135623730951, 2.23606797749979, 329.460164511584]",dark_jack_cole_high_C_2.jpg
313,dark,jack_cole,high,C,4,False,True,False,36448973,"['1.0', ' 1.4142135623730951', ' 2.23606797749979', ' 327.38509434609267']","[1.0, 1.4142135623730951, 2.23606797749979, 327.38509434609267]",dark_jack_cole_high_C_3.jpg
314,dark,jack_cole,high,C,3,True,False,False,40375207,"['1.4142135623730951', ' 2.23606797749979', ' 2.23606797749979']","[1.4142135623730951, 2.23606797749979, 2.23606797749979]",dark_jack_cole_high_C_4.jpg
315,dark,jack_cole,high,D,1,True,False,False,27580685,['2.0'],[2.0],dark_jack_cole_high_D_0.jpg
316,dark,jack_cole,high,D,1,True,False,False,25736593,['1.4142135623730951'],[1.4142135623730951],dark_jack_cole_high_D_1.jpg
317,dark,jack_cole,high,D,1,True,False,False,25976112,['1.0'],[1.0],dark_jack_cole_high_D_2.jpg
318,dark,jack_cole,high,D,1,True,False,False,29250604,['1.0'],[1.0],dark_jack_cole_high_D_3.jpg
319,dark,jack_cole,high,D,1,True,False,False,26013342,['1.4142135623730951'],[1.4142135623730951],dark_jack_cole_high_D_4.jpg
320,dark,jack_cole,medium,A,3,True,False,False,34749720,"['1.0', ' 1.0', ' 2.23606797749979']","[1.0, 1.0, 2.23606797749979]",dark_jack_cole_medium_A_0.jpg
321,dark,jack_cole,medium,A,3,True,False,False,33469306,"['1.4142135623730951', ' 2.23606797749979', ' 2.8284271247461903']","[1.4142135623730951, 2.23606797749979, 2.8284271247461903]",dark_jack_cole_medium_A_1.jpg
322,dark,jack_cole,medium,A,3,True,False,False,33191878,"['1.0', ' 1.4142135623730951', ' 3.0']","[1.0, 1.4142135623730951, 3.0]",dark_jack_cole_medium_A_2.jpg
323,dark,jack_cole,medium,A,2,True,False,False,30914806,"['0.0', ' 2.23606797749979']","[0.0, 2.23606797749979]",dark_jack_cole_medium_A_3.jpg
324,dark,jack_cole,medium,A,3,True,False,False,25288819,"['0.0', ' 1.0', ' 1.4142135623730951']","[0.0, 1.0, 1.4142135623730951]",dark_jack_cole_medium_A_4.jpg
325,dark,jack_cole,medium,B,4,True,True,True,29034907,"['1.4142135623730951', ' 1.4142135623730951', ' 2.23606797749979', ' 3.0']","[1.4142135623730951, 1.4142135623730951, 2.23606797749979, 3.0]",dark_jack_cole_medium_B_0.jpg
326,dark,jack_cole,medium,B,4,True,True,True,28874346,"['1.0', ' 1.4142135623730951', ' 2.0', ' 2.23606797749979']","[1.0, 1.4142135623730951, 2.0, 2.23606797749979]",dark_jack_cole_medium_B_1.jpg
327,dark,jack_cole,medium,B,4,True,True,True,32368451,"['1.0', ' 2.0', ' 2.0', ' 2.23606797749979']","[1.0, 2.0, 2.0, 2.23606797749979]",dark_jack_cole_medium_B_2.jpg
328,dark,jack_cole,medium,B,3,True,False,False,28121149,"['0.0', ' 2.23606797749979', ' 2.8284271247461903']","[0.0, 2.23606797749979, 2.8284271247461903]",dark_jack_cole_medium_B_3.jpg
329,dark,jack_cole,medium,B,3,True,False,False,39703554,"['1.0', ' 1.4142135623730951', ' 2.0']","[1.0, 1.4142135623730951, 2.0]",dark_jack_cole_medium_B_4.jpg
330,dark,jack_cole,medium,C,3,True,False,False,46880415,"['0.0', ' 1.0', ' 1.4142135623730951']","[0.0, 1.0, 1.4142135623730951]",dark_jack_cole_medium_C_0.jpg
331,dark,jack_cole,medium,C,3,True,False,False,32749746,"['1.0', ' 1.4142135623730951', ' 1.4142135623730951']","[1.0, 1.4142135623730951, 1.4142135623730951]",dark_jack_cole_medium_C_1.jpg
332,dark,jack_cole,medium,C,3,True,False,False,22985053,"['1.0', ' 1.0', ' 3.1622776601683795']","[1.0, 1.0, 3.1622776601683795]",dark_jack_cole_medium_C_2.jpg
333,dark,jack_cole,medium,C,3,True,False,False,31236553,"['0.0', ' 2.0', ' 3.0']","[0.0, 2.0, 3.0]",dark_jack_cole_medium_C_3.jpg
334,dark,jack_cole,medium,C,3,True,False,False,38942749,"['1.0', ' 3.0', ' 3.0']","[1.0, 3.0, 3.0]",dark_jack_cole_medium_C_4.jpg
335,dark,jack_cole,medium,D,1,True,False,False,32125237,['2.0'],[2.0],dark_jack_cole_medium_D_0.jpg
336,dark,jack_cole,medium,D,1,True,False,False,38581062,['0.0'],[0.0],dark_jack_cole_medium_D_1.jpg
337,dark,jack_cole,medium,D,1,True,False,False,30455512,['1.0'],[1.0],dark_jack_cole_medium_D_2.jpg
338,dark,jack_cole,medium,D,1,True,False,False,29204006,['1.0'],[1.0],dark_jack_cole_medium_D_3.jpg
339,dark,jack_cole,medium,D,1,True,False,False,27615315,['1.0'],[1.0],dark_jack_cole_medium_D_4.jpg
340,dark,jack_cole,short,A,3,True,False,False,30927925,"['1.0', ' 1.4142135623730951', ' 2.0']","[1.0, 1.4142135623730951, 2.0]",dark_jack_cole_short_A_0.jpg
341,dark,jack_cole,short,A,3,True,False,False,28283362,"['0.0', ' 1.0', ' 2.23606797749979']","[0.0, 1.0, 2.23606797749979]",dark_jack_cole_short_A_1.jpg
342,dark,jack_cole,short,A,3,True,False,False,31273245,"['1.4142135623730951', ' 1.4142135623730951', ' 3.605551275463989']","[1.4142135623730951, 1.4142135623730951, 3.605551275463989]",dark_jack_cole_short_A_2.jpg
343,dark,jack_cole,short,A,3,True,False,False,32710623,"['0.0', ' 2.23606797749979', ' 2.23606797749979']","[0.0, 2.23606797749979, 2.23606797749979]",dark_jack_cole_short_A_3.jpg
344,dark,jack_cole,short,A,3,True,False,False,30060113,"['1.4142135623730951', ' 2.23606797749979', ' 2.23606797749979']","[1.4142135623730951, 2.23606797749979, 2.23606797749979]",dark_jack_cole_short_A_4.jpg
345,dark,jack_cole,short,B,4,True,True,True,34620577,"['1.4142135623730951', ' 2.0', ' 2.23606797749979', ' 3.1622776601683795']","[1.4142135623730951, 2.0, 2.23606797749979, 3.1622776601683795]",dark_jack_cole_short_B_0.jpg
346,dark,jack_cole,short,B,4,True,True,True,38723911,"['1.4142135623730951', ' 2.23606797749979', ' 2.8284271247461903', ' 3.0']","[1.4142135623730951, 2.23606797749979, 2.8284271247461903, 3.0]",dark_jack_cole_short_B_1.jpg
347,dark,jack_cole,short,B,4,True,True,True,31305021,"['1.4142135623730951', ' 1.4142135623730951', ' 1.4142135623730951', ' 2.8284271247461903']","[1.4142135623730951, 1.4142135623730951, 1.4142135623730951, 2.8284271247461903]",dark_jack_cole_short_B_2.jpg
348,dark,jack_cole,short,B,4,True,True,True,33802654,"['1.0', ' 1.0', ' 1.0', ' 1.4142135623730951']","[1.0, 1.0, 1.0, 1.4142135623730951]",dark_jack_cole_short_B_3.jpg
349,dark,jack_cole,short,B,4,True,True,True,35820488,"['1.0', ' 1.4142135623730951', ' 2.0', ' 2.23606797749979']","[1.0, 1.4142135623730951, 2.0, 2.23606797749979]",dark_jack_cole_short_B_4.jpg
350,dark,jack_cole,short,C,3,True,False,False,31818581,"['1.4142135623730951', ' 2.23606797749979', ' 2.23606797749979']","[1.4142135623730951, 2.23606797749979, 2.23606797749979]",dark_jack_cole_short_C_0.jpg
351,dark,jack_cole,short,C,3,True,False,False,34049798,"['1.0', ' 2.23606797749979', ' 2.8284271247461903']","[1.0, 2.23606797749979, 2.8284271247461903]",dark_jack_cole_short_C_1.jpg
352,dark,jack_cole,short,C,3,True,False,False,33791537,"['1.0', ' 1.4142135623730951', ' 1.4142135623730951']","[1.0, 1.4142135623730951, 1.4142135623730951]",dark_jack_cole_short_C_2.jpg
353,dark,jack_cole,short,C,3,True,False,False,29414803,"['1.0', ' 1.0', ' 1.0']","[1.0, 1.0, 1.0]",dark_jack_cole_short_C_3.jpg
354,dark,jack_cole,short,C,3,True,False,False,29352715,"['1.0', ' 1.0', ' 4.123105625617661']","[1.0, 1.0, 4.123105625617661]",dark_jack_cole_short_C_4.jpg
355,dark,jack_cole,short,D,1,True,False,False,32677179,['3.1622776601683795'],[3.1622776601683795],dark_jack_cole_short_D_0.jpg
356,dark,jack_cole,short,D,1,True,False,False,39600864,['3.0'],[3.0],dark_jack_cole_short_D_1.jpg
357,dark,jack_cole,short,D,1,True,False,False,31968767,['1.0'],[1.0],dark_jack_cole_short_D_2.jpg
358,dark,jack_cole,short,D,1,True,False,False,33271709,['1.0'],[1.0],dark_jack_cole_short_D_3.jpg
359,dark,jack_cole,short,D,1,True,False,False,26634101,['2.23606797749979'],[2.23606797749979],dark_jack_cole_short_D_4.jpg
360,dark,john_honey,high,A,3,True,False,False,43218751,"['1.0', ' 1.0', ' 2.23606797749979']","[1.0, 1.0, 2.23606797749979]",dark_john_honey_high_A_0.jpg
361,dark,john_honey,high,A,2,True,False,False,44888064,"['1.4142135623730951', ' 1.4142135623730951']","[1.4142135623730951, 1.4142135623730951]",dark_john_honey_high_A_1.jpg
362,dark,john_honey,high,A,3,True,False,False,46707813,"['1.0', ' 2.0', ' 2.8284271247461903']","[1.0, 2.0, 2.8284271247461903]",dark_john_honey_high_A_2.jpg
363,dark,john_honey,high,A,3,True,False,False,52363629,"['1.0', ' 2.23606797749979', ' 2.8284271247461903']","[1.0, 2.23606797749979, 2.8284271247461903]",dark_john_honey_high_A_3.jpg
364,dark,john_honey,high,A,3,True,False,False,50459536,"['0.0', ' 1.0', ' 2.23606797749979']","[0.0, 1.0, 2.23606797749979]",dark_john_honey_high_A_4.jpg
365,dark,john_honey,high,B,4,True,True,True,50589606,"['0.0', ' 1.0', ' 1.0', ' 1.0']","[0.0, 1.0, 1.0, 1.0]",dark_john_honey_high_B_0.jpg
366,dark,john_honey,high,B,4,True,True,True,54050146,"['0.0', ' 1.0', ' 2.23606797749979', ' 2.8284271247461903']","[0.0, 1.0, 2.23606797749979, 2.8284271247461903]",dark_john_honey_high_B_1.jpg
367,dark,john_honey,high,B,4,True,True,True,60285818,"['1.4142135623730951', ' 2.0', ' 2.23606797749979', ' 2.23606797749979']","[1.4142135623730951, 2.0, 2.23606797749979, 2.23606797749979]",dark_john_honey_high_B_2.jpg
368,dark,john_honey,high,B,4,True,True,True,53236788,"['0.0', ' 1.4142135623730951', ' 2.23606797749979', ' 2.23606797749979']","[0.0, 1.4142135623730951, 2.23606797749979, 2.23606797749979]",dark_john_honey_high_B_3.jpg
369,dark,john_honey,high,B,4,True,True,True,50338565,"['1.4142135623730951', ' 1.4142135623730951', ' 2.0', ' 3.1622776601683795']","[1.4142135623730951, 1.4142135623730951, 2.0, 3.1622776601683795]",dark_john_honey_high_B_4.jpg
370,dark,john_honey,high,C,3,True,False,False,49908989,"['0.0', ' 1.0', ' 1.4142135623730951']","[0.0, 1.0, 1.4142135623730951]",dark_john_honey_high_C_0.jpg
371,dark,john_honey,high,C,3,True,False,False,44096807,"['1.0', ' 1.0', ' 1.4142135623730951']","[1.0, 1.0, 1.4142135623730951]",dark_john_honey_high_C_1.jpg
372,dark,john_honey,high,C,3,True,False,False,52761397,"['1.0', ' 1.4142135623730951', ' 2.8284271247461903']","[1.0, 1.4142135623730951, 2.8284271247461903]",dark_john_honey_high_C_2.jpg
373,dark,john_honey,high,C,3,True,False,False,48418157,"['1.0', ' 2.23606797749979', ' 2.23606797749979']","[1.0, 2.23606797749979, 2.23606797749979]",dark_john_honey_high_C_3.jpg
374,dark,john_honey,high,C,3,True,False,False,47254588,"['1.0', ' 1.4142135623730951', ' 1.4142135623730951']","[1.0, 1.4142135623730951, 1.4142135623730951]",dark_john_honey_high_C_4.jpg
375,dark,john_honey,high,D,1,True,False,False,43266959,['1.0'],[1.0],dark_john_honey_high_D_0.jpg
376,dark,john_honey,high,D,1,True,False,False,48862848,['1.0'],[1.0],dark_john_honey_high_D_1.jpg
377,dark,john_honey,high,D,1,True,False,False,48798908,['2.23606797749979'],[2.23606797749979],dark_john_honey_high_D_2.jpg
378,dark,john_honey,high,D,1,True,False,False,49752575,['2.23606797749979'],[2.23606797749979],dark_john_honey_high_D_3.jpg
379,dark,john_honey,high,D,1,True,False,False,45860621,['2.23606797749979'],[2.23606797749979],dark_john_honey_high_D_4.jpg
380,dark,john_honey,medium,A,3,True,False,False,44535810,"['1.4142135623730951', ' 2.23606797749979', ' 2.8284271247461903']","[1.4142135623730951, 2.23606797749979, 2.8284271247461903]",dark_john_honey_medium_A_0.jpg
381,dark,john_honey,medium,A,3,True,False,False,50888555,"['1.4142135623730951', ' 2.0', ' 2.23606797749979']","[1.4142135623730951, 2.0, 2.23606797749979]",dark_john_honey_medium_A_1.jpg
382,dark,john_honey,medium,A,3,True,False,False,49325110,"['0.0', ' 1.0', ' 2.0']","[0.0, 1.0, 2.0]",dark_john_honey_medium_A_2.jpg
383,dark,john_honey,medium,A,3,True,False,False,48556602,"['1.0', ' 1.4142135623730951', ' 3.0']","[1.0, 1.4142135623730951, 3.0]",dark_john_honey_medium_A_3.jpg
384,dark,john_honey,medium,A,3,True,False,False,45352239,"['1.0', ' 1.0', ' 1.0']","[1.0, 1.0, 1.0]",dark_john_honey_medium_A_4.jpg
385,dark,john_honey,medium,B,4,True,True,True,50508455,"['1.0', ' 1.0', ' 2.0', ' 2.23606797749979']","[1.0, 1.0, 2.0, 2.23606797749979]",dark_john_honey_medium_B_0.jpg
386,dark,john_honey,medium,B,4,True,True,True,51328202,"['0.0', ' 1.0', ' 1.4142135623730951', ' 2.23606797749979']","[0.0, 1.0, 1.4142135623730951, 2.23606797749979]",dark_john_honey_medium_B_1.jpg
387,dark,john_honey,medium,B,4,True,True,True,52694311,"['0.0', ' 1.0', ' 1.0', ' 2.0']","[0.0, 1.0, 1.0, 2.0]",dark_john_honey_medium_B_2.jpg
388,dark,john_honey,medium,B,4,True,True,True,53535734,"['1.0', ' 1.0', ' 2.0', ' 2.23606797749979']","[1.0, 1.0, 2.0, 2.23606797749979]",dark_john_honey_medium_B_3.jpg
389,dark,john_honey,medium,B,4,True,True,True,44221330,"['0.0', ' 0.0', ' 1.0', ' 2.0']","[0.0, 0.0, 1.0, 2.0]",dark_john_honey_medium_B_4.jpg
390,dark,john_honey,medium,C,3,True,False,False,54893197,"['1.0', ' 1.0', ' 1.0']","[1.0, 1.0, 1.0]",dark_john_honey_medium_C_0.jpg
391,dark,john_honey,medium,C,3,True,False,False,57202890,"['1.4142135623730951', ' 1.4142135623730951', ' 2.23606797749979']","[1.4142135623730951, 1.4142135623730951, 2.23606797749979]",dark_john_honey_medium_C_1.jpg
392,dark,john_honey,medium,C,3,True,False,False,49962114,"['1.0', ' 2.0', ' 2.0']","[1.0, 2.0, 2.0]",dark_john_honey_medium_C_2.jpg
393,dark,john_honey,medium,C,3,True,False,False,53335910,"['0.0', ' 1.0', ' 1.4142135623730951']","[0.0, 1.0, 1.4142135623730951]",dark_john_honey_medium_C_3.jpg
394,dark,john_honey,medium,C,3,True,False,False,45991265,"['2.23606797749979', ' 2.23606797749979', ' 2.23606797749979']","[2.23606797749979, 2.23606797749979, 2.23606797749979]",dark_john_honey_medium_C_4.jpg
395,dark,john_honey,medium,D,1,True,False,False,51868132,['2.23606797749979'],[2.23606797749979],dark_john_honey_medium_D_0.jpg
396,dark,john_honey,medium,D,1,True,False,False,47811868,['1.4142135623730951'],[1.4142135623730951],dark_john_honey_medium_D_1.jpg
397,dark,john_honey,medium,D,1,True,False,False,50868746,['1.4142135623730951'],[1.4142135623730951],dark_john_honey_medium_D_2.jpg
398,dark,john_honey,medium,D,1,True,False,False,47182408,['2.23606797749979'],[2.23606797749979],dark_john_honey_medium_D_3.jpg
399,dark,john_honey,medium,D,1,True,False,False,42502144,['1.0'],[1.0],dark_john_honey_medium_D_4.jpg
400,dark,john_honey,short,A,3,True,False,False,47682911,"['1.4142135623730951', ' 2.0', ' 3.1622776601683795']","[1.4142135623730951, 2.0, 3.1622776601683795]",dark_john_honey_short_A_0.jpg
401,dark,john_honey,short,A,3,True,False,False,51218949,"['0.0', ' 1.0', ' 3.605551275463989']","[0.0, 1.0, 3.605551275463989]",dark_john_honey_short_A_1.jpg
402,dark,john_honey,short,A,3,True,False,False,49273384,"['0.0', ' 1.4142135623730951', ' 1.4142135623730951']","[0.0, 1.4142135623730951, 1.4142135623730951]",dark_john_honey_short_A_2.jpg
403,dark,john_honey,short,A,2,True,False,False,44872887,"['2.0', ' 3.0']","[2.0, 3.0]",dark_john_honey_short_A_3.jpg
404,dark,john_honey,short,A,3,True,False,False,40933448,"['1.4142135623730951', ' 1.4142135623730951', ' 2.23606797749979']","[1.4142135623730951, 1.4142135623730951, 2.23606797749979]",dark_john_honey_short_A_4.jpg
405,dark,john_honey,short,B,5,True,False,False,50487813,"['0.0', ' 1.0', ' 2.23606797749979', ' 2.23606797749979']","[0.0, 1.0, 2.23606797749979, 2.23606797749979, 584.5220269587794]",dark_john_honey_short_B_0.jpg
406,dark,john_honey,short,B,4,True,True,True,45379875,"['1.4142135623730951', ' 1.4142135623730951', ' 2.23606797749979', ' 2.23606797749979']","[1.4142135623730951, 1.4142135623730951, 2.23606797749979, 2.23606797749979]",dark_john_honey_short_B_1.jpg
407,dark,john_honey,short,B,2,True,False,False,46500926,"['1.0', ' 2.23606797749979']","[1.0, 2.23606797749979]",dark_john_honey_short_B_2.jpg
408,dark,john_honey,short,B,2,True,False,False,48768301,"['1.0', ' 2.23606797749979']","[1.0, 2.23606797749979]",dark_john_honey_short_B_3.jpg
409,dark,john_honey,short,B,4,True,True,True,40383949,"['1.0', ' 1.0', ' 1.0', ' 1.4142135623730951']","[1.0, 1.0, 1.0, 1.4142135623730951]",dark_john_honey_short_B_4.jpg
410,dark,john_honey,short,C,3,True,False,False,52413490,"['1.0', ' 1.0', ' 1.4142135623730951']","[1.0, 1.0, 1.4142135623730951]",dark_john_honey_short_C_0.jpg
411,dark,john_honey,short,C,3,True,False,False,43436743,"['0.0', ' 1.0', ' 1.0']","[0.0, 1.0, 1.0]",dark_john_honey_short_C_1.jpg
412,dark,john_honey,short,C,3,True,False,False,44829311,"['0.0', ' 1.4142135623730951', ' 2.23606797749979']","[0.0, 1.4142135623730951, 2.23606797749979]",dark_john_honey_short_C_2.jpg
413,dark,john_honey,short,C,3,True,False,False,51157490,"['1.4142135623730951', ' 2.23606797749979', ' 2.23606797749979']","[1.4142135623730951, 2.23606797749979, 2.23606797749979]",dark_john_honey_short_C_3.jpg
414,dark,john_honey,short,C,3,True,False,False,44465938,"['2.0', ' 2.8284271247461903', ' 4.0']","[2.0, 2.8284271247461903, 4.0]",dark_john_honey_short_C_4.jpg
415,dark,john_honey,short,D,1,True,False,False,50671876,['2.0'],[2.0],dark_john_honey_short_D_0.jpg
416,dark,john_honey,short,D,1,True,False,False,50291477,['1.0'],[1.0],dark_john_honey_short_D_1.jpg
417,dark,john_honey,short,D,1,True,False,False,48316414,['0.0'],[0.0],dark_john_honey_short_D_2.jpg
418,dark,john_honey,short,D,1,True,False,False,46708691,['2.0'],[2.0],dark_john_honey_short_D_3.jpg
419,dark,john_honey,short,D,1,True,False,False,49847563,['2.23606797749979'],[2.23606797749979],dark_john_honey_short_D_4.jpg
420,dark,michaels,high,A,3,True,False,False,48010421,"['1.0', ' 1.4142135623730951', ' 3.1622776601683795']","[1.0, 1.4142135623730951, 3.1622776601683795]",dark_michaels_high_A_0.jpg
421,dark,michaels,high,A,3,True,False,False,33240454,"['0.0', ' 2.0', ' 2.23606797749979']","[0.0, 2.0, 2.23606797749979]",dark_michaels_high_A_1.jpg
422,dark,michaels,high,A,3,True,False,False,48171754,"['0.0', ' 1.0', ' 2.0']","[0.0, 1.0, 2.0]",dark_michaels_high_A_2.jpg
423,dark,michaels,high,A,3,True,False,False,34648087,"['1.0', ' 1.4142135623730951', ' 2.0']","[1.0, 1.4142135623730951, 2.0]",dark_michaels_high_A_3.jpg
424,dark,michaels,high,A,3,True,False,False,36838650,"['1.0', ' 1.4142135623730951', ' 1.4142135623730951']","[1.0, 1.4142135623730951, 1.4142135623730951]",dark_michaels_high_A_4.jpg
425,dark,michaels,high,B,4,True,True,True,35378635,"['1.0', ' 1.0', ' 2.23606797749979', ' 3.1622776601683795']","[1.0, 1.0, 2.23606797749979, 3.1622776601683795]",dark_michaels_high_B_0.jpg
426,dark,michaels,high,B,4,True,True,True,35800616,"['0.0', ' 1.0', ' 1.0', ' 2.23606797749979']","[0.0, 1.0, 1.0, 2.23606797749979]",dark_michaels_high_B_1.jpg
427,dark,michaels,high,B,4,True,True,True,37892963,"['1.0', ' 2.0', ' 2.0', ' 2.23606797749979']","[1.0, 2.0, 2.0, 2.23606797749979]",dark_michaels_high_B_2.jpg
428,dark,michaels,high,B,4,True,True,True,39550117,"['1.0', ' 1.0', ' 2.23606797749979', ' 3.1622776601683795']","[1.0, 1.0, 2.23606797749979, 3.1622776601683795]",dark_michaels_high_B_3.jpg
429,dark,michaels,high,B,4,True,True,True,35918862,"['0.0', ' 1.4142135623730951', ' 2.0', ' 2.23606797749979']","[0.0, 1.4142135623730951, 2.0, 2.23606797749979]",dark_michaels_high_B_4.jpg
430,dark,michaels,high,C,3,True,False,False,34061749,"['0.0', ' 1.0', ' 2.0']","[0.0, 1.0, 2.0]",dark_michaels_high_C_0.jpg
431,dark,michaels,high,C,3,True,False,False,35866691,"['1.4142135623730951', ' 1.4142135623730951', ' 2.23606797749979']","[1.4142135623730951, 1.4142135623730951, 2.23606797749979]",dark_michaels_high_C_1.jpg
432,dark,michaels,high,C,3,True,False,False,36341976,"['1.0', ' 2.0', ' 2.23606797749979']","[1.0, 2.0, 2.23606797749979]",dark_michaels_high_C_2.jpg
433,dark,michaels,high,C,3,True,False,False,43701155,"['1.0', ' 1.4142135623730951', ' 2.0']","[1.0, 1.4142135623730951, 2.0]",dark_michaels_high_C_3.jpg
434,dark,michaels,high,C,3,True,False,False,34027934,"['0.0', ' 2.0', ' 2.0']","[0.0, 2.0, 2.0]",dark_michaels_high_C_4.jpg
435,dark,michaels,high,D,1,True,False,False,33270645,['3.1622776601683795'],[3.1622776601683795],dark_michaels_high_D_0.jpg
436,dark,michaels,high,D,1,True,False,False,43455254,['2.0'],[2.0],dark_michaels_high_D_1.jpg
437,dark,michaels,high,D,1,True,False,False,37190432,['3.0'],[3.0],dark_michaels_high_D_2.jpg
438,dark,michaels,high,D,1,True,False,False,36777746,['2.23606797749979'],[2.23606797749979],dark_michaels_high_D_3.jpg
439,dark,michaels,high,D,1,True,False,False,27717205,['1.4142135623730951'],[1.4142135623730951],dark_michaels_high_D_4.jpg
440,dark,michaels,medium,A,2,True,False,False,41336229,"['0.0', ' 1.0']","[0.0, 1.0]",dark_michaels_medium_A_0.jpg
441,dark,michaels,medium,A,1,True,False,False,39577820,['1.4142135623730951'],[1.4142135623730951],dark_michaels_medium_A_1.jpg
442,dark,michaels,medium,A,3,True,False,False,37008514,"['2.0', ' 3.0', ' 3.1622776601683795']","[2.0, 3.0, 3.1622776601683795]",dark_michaels_medium_A_2.jpg
443,dark,michaels,medium,A,3,True,False,False,40494498,"['0.0', ' 2.23606797749979', ' 2.23606797749979']","[0.0, 2.23606797749979, 2.23606797749979]",dark_michaels_medium_A_3.jpg
444,dark,michaels,medium,A,3,True,False,False,39505009,"['1.4142135623730951', ' 2.23606797749979', ' 2.23606797749979']","[1.4142135623730951, 2.23606797749979, 2.23606797749979]",dark_michaels_medium_A_4.jpg
445,dark,michaels,medium,B,3,True,False,False,38452191,"['1.4142135623730951', ' 2.0', ' 2.23606797749979']","[1.4142135623730951, 2.0, 2.23606797749979]",dark_michaels_medium_B_0.jpg
446,dark,michaels,medium,B,2,True,False,False,40646052,"['0.0', ' 2.23606797749979']","[0.0, 2.23606797749979]",dark_michaels_medium_B_1.jpg
447,dark,michaels,medium,B,3,True,False,False,43689073,"['2.23606797749979', ' 2.8284271247461903', ' 2.8284271247461903']","[2.23606797749979, 2.8284271247461903, 2.8284271247461903]",dark_michaels_medium_B_2.jpg
448,dark,michaels,medium,B,2,True,False,False,38733602,"['1.0', ' 1.0']","[1.0, 1.0]",dark_michaels_medium_B_3.jpg
449,dark,michaels,medium,B,2,True,False,False,39256166,"['1.4142135623730951', ' 2.0']","[1.4142135623730951, 2.0]",dark_michaels_medium_B_4.jpg
450,dark,michaels,medium,C,3,True,False,False,39664878,"['1.0', ' 1.0', ' 1.0']","[1.0, 1.0, 1.0]",dark_michaels_medium_C_0.jpg
451,dark,michaels,medium,C,3,True,False,False,43482760,"['0.0', ' 1.0', ' 2.23606797749979']","[0.0, 1.0, 2.23606797749979]",dark_michaels_medium_C_1.jpg
452,dark,michaels,medium,C,3,True,False,False,34467937,"['0.0', ' 1.0', ' 1.4142135623730951']","[0.0, 1.0, 1.4142135623730951]",dark_michaels_medium_C_2.jpg
453,dark,michaels,medium,C,1,True,False,False,39551942,['1.4142135623730951'],[1.4142135623730951],dark_michaels_medium_C_3.jpg
454,dark,michaels,medium,C,2,True,False,False,34628962,"['1.0', ' 2.0']","[1.0, 2.0]",dark_michaels_medium_C_4.jpg
455,dark,michaels,medium,D,2,False,False,False,34219522,"['2.0', ' 291.49614062625255']","[2.0, 291.49614062625255]",dark_michaels_medium_D_0.jpg
456,dark,michaels,medium,D,1,True,False,False,43703096,['1.4142135623730951'],[1.4142135623730951],dark_michaels_medium_D_1.jpg
457,dark,michaels,medium,D,1,True,False,False,44869712,['1.4142135623730951'],[1.4142135623730951],dark_michaels_medium_D_2.jpg
458,dark,michaels,medium,D,1,True,False,False,37975318,['1.4142135623730951'],[1.4142135623730951],dark_michaels_medium_D_3.jpg
459,dark,michaels,medium,D,1,True,False,False,30526312,['2.0'],[2.0],dark_michaels_medium_D_4.jpg
460,dark,michaels,short,A,3,True,False,False,33278222,"['1.0', ' 1.0', ' 2.8284271247461903']","[1.0, 1.0, 2.8284271247461903]",dark_michaels_short_A_0.jpg
461,dark,michaels,short,A,2,True,False,False,35743201,"['1.4142135623730951', ' 2.0']","[1.4142135623730951, 2.0]",dark_michaels_short_A_1.jpg
462,dark,michaels,short,A,3,False,False,False,41464862,"['1.0', ' 2.0', ' 180.54639292990598']","[1.0, 2.0, 180.54639292990598]",dark_michaels_short_A_2.jpg
463,dark,michaels,short,A,2,True,False,False,44316754,"['1.4142135623730951', ' 3.1622776601683795']","[1.4142135623730951, 3.1622776601683795]",dark_michaels_short_A_3.jpg
464,dark,michaels,short,A,3,True,False,False,36688832,"['1.4142135623730951', ' 2.23606797749979', ' 2.8284271247461903']","[1.4142135623730951, 2.23606797749979, 2.8284271247461903]",dark_michaels_short_A_4.jpg
465,dark,michaels,short,B,4,True,True,True,37078143,"['1.0', ' 2.0', ' 3.1622776601683795', ' 3.605551275463989']","[1.0, 2.0, 3.1622776601683795, 3.605551275463989]",dark_michaels_short_B_0.jpg
466,dark,michaels,short,B,4,True,True,True,37741458,"['1.4142135623730951', ' 2.23606797749979', ' 3.0', ' 3.1622776601683795']","[1.4142135623730951, 2.23606797749979, 3.0, 3.1622776601683795]",dark_michaels_short_B_1.jpg
467,dark,michaels,short,B,4,True,True,True,48424903,"['1.4142135623730951', ' 1.4142135623730951', ' 1.4142135623730951', ' 1.4142135623730951']","[1.4142135623730951, 1.4142135623730951, 1.4142135623730951, 1.4142135623730951]",dark_michaels_short_B_2.jpg
468,dark,michaels,short,B,5,True,False,False,47064256,"['0.0', ' 1.0', ' 1.4142135623730951', ' 3.1622776601683795']","[0.0, 1.0, 1.4142135623730951, 3.1622776601683795, 233.09440147716975]",dark_michaels_short_B_3.jpg
469,dark,michaels,short,B,4,True,True,True,33340080,"['0.0', ' 1.4142135623730951', ' 2.0', ' 2.23606797749979']","[0.0, 1.4142135623730951, 2.0, 2.23606797749979]",dark_michaels_short_B_4.jpg
470,dark,michaels,short,C,3,True,False,False,31990047,"['1.4142135623730951', ' 2.0', ' 3.0']","[1.4142135623730951, 2.0, 3.0]",dark_michaels_short_C_0.jpg
471,dark,michaels,short,C,3,True,False,False,42341862,"['2.23606797749979', ' 2.8284271247461903', ' 3.0']","[2.23606797749979, 2.8284271247461903, 3.0]",dark_michaels_short_C_1.jpg
472,dark,michaels,short,C,3,True,False,False,52394450,"['0.0', ' 2.0', ' 2.23606797749979']","[0.0, 2.0, 2.23606797749979]",dark_michaels_short_C_2.jpg
473,dark,michaels,short,C,3,True,False,False,39327050,"['0.0', ' 1.4142135623730951', ' 2.23606797749979']","[0.0, 1.4142135623730951, 2.23606797749979]",dark_michaels_short_C_3.jpg
474,dark,michaels,short,C,3,True,False,False,29194119,"['0.0', ' 1.0', ' 1.0']","[0.0, 1.0, 1.0]",dark_michaels_short_C_4.jpg
475,dark,michaels,short,D,1,True,False,False,32297457,['1.4142135623730951'],[1.4142135623730951],dark_michaels_short_D_0.jpg
476,dark,michaels,short,D,1,True,False,False,40708305,['3.1622776601683795'],[3.1622776601683795],dark_michaels_short_D_1.jpg
477,dark,michaels,short,D,1,True,False,False,36024918,['2.0'],[2.0],dark_michaels_short_D_2.jpg
478,dark,michaels,short,D,1,True,False,False,40240284,['2.0'],[2.0],dark_michaels_short_D_3.jpg
479,dark,michaels,short,D,1,True,False,False,38891093,['1.4142135623730951'],[1.4142135623730951],dark_michaels_short_D_4.jpg
