,0,1,2,3
"(1, 300, np.float64(0.1))",3.0,0.20416666666666666,39520040.04375,39461594.5
"(1, 300, np.float64(0.2))",3.0,0.20416666666666666,40571691.458333336,40472544.5
"(1, 300, np.float64(0.30000000000000004))",3.0,0.20416666666666666,40167139.5125,40615697.5
"(1, 300, np.float64(0.4))",3.0,0.20416666666666666,38821264.7,39096217.5
"(1, 300, np.float64(0.5))",3.0,0.20416666666666666,39325570.30625,39626458.0
"(1, 300, np.float64(0.6))",3.0,0.20416666666666666,39635538.916666664,39673814.5
"(1, 300, np.float64(0.7000000000000001))",3.0,0.2125,39675937.270833336,40210697.0
"(1, 300, np.float64(0.8))",3.0,0.19583333333333333,38621165.833333336,38809355.5
"(1, 300, np.float64(0.9))",3.0,0.0020833333333333333,37273218.670833334,37103239.0
"(1, 310, np.float64(0.1))",3.0,0.20416666666666666,41049583.360416666,40796543.5
"(1, 310, np.float64(0.2))",3.0,0.20416666666666666,39191567.947916664,38418805.5
"(1, 310, np.float64(0.30000000000000004))",3.0,0.20416666666666666,39646537.83541667,39195340.5
"(1, 310, np.float64(0.4))",3.0,0.20416666666666666,38721268.9,38638667.5
"(1, 310, np.float64(0.5))",3.0,0.20416666666666666,39029846.0125,39204452.5
"(1, 310, np.float64(0.6))",3.0,0.20416666666666666,38127355.12916667,37944924.0
"(1, 310, np.float64(0.7000000000000001))",3.0,0.2125,39419079.56875,39455809.0
"(1, 310, np.float64(0.8))",3.0,0.19583333333333333,40072377.447916664,40213883.0
"(1, 310, np.float64(0.9))",3.0,0.0020833333333333333,38636948.44583333,39247265.5
"(1, 320, np.float64(0.1))",3.0,0.20416666666666666,41070946.78541667,41829082.0
"(1, 320, np.float64(0.2))",3.0,0.20416666666666666,38896106.79375,39429194.5
"(1, 320, np.float64(0.30000000000000004))",3.0,0.20416666666666666,38859332.760416664,38325697.5
"(1, 320, np.float64(0.4))",3.0,0.20416666666666666,38589066.12083333,38094888.5
"(1, 320, np.float64(0.5))",3.0,0.20416666666666666,38168981.3375,37628899.0
"(1, 320, np.float64(0.6))",3.0,0.20416666666666666,39181280.79375,38970480.5
"(1, 320, np.float64(0.7000000000000001))",3.0,0.2125,38714258.62708333,39033393.5
"(1, 320, np.float64(0.8))",3.0,0.19583333333333333,38884506.64791667,39502913.5
"(1, 320, np.float64(0.9))",3.0,0.0020833333333333333,38905219.73125,39521260.0
"(1, 330, np.float64(0.1))",3.0,0.20416666666666666,42159227.325,42468383.5
"(1, 330, np.float64(0.2))",3.0,0.20416666666666666,38724296.08541667,38922437.5
"(1, 330, np.float64(0.30000000000000004))",3.0,0.20416666666666666,40167880.983333334,39700741.5
"(1, 330, np.float64(0.4))",3.0,0.20416666666666666,38210979.33125,37612141.0
"(1, 330, np.float64(0.5))",3.0,0.20416666666666666,38020760.65208333,37618391.5
"(1, 330, np.float64(0.6))",3.0,0.20416666666666666,37955944.18958333,37792350.0
"(1, 330, np.float64(0.7000000000000001))",3.0,0.2125,38919876.7125,38802188.0
"(1, 330, np.float64(0.8))",3.0,0.19583333333333333,38609192.23125,39065516.5
"(1, 330, np.float64(0.9))",3.0,0.0020833333333333333,37885799.7875,38175795.5
"(1, 340, np.float64(0.1))",3.0,0.20416666666666666,40904134.672916666,41082057.5
"(1, 340, np.float64(0.2))",3.0,0.20416666666666666,38606014.47708333,39153911.0
"(1, 340, np.float64(0.30000000000000004))",3.0,0.20416666666666666,40045892.79375,40556698.5
"(1, 340, np.float64(0.4))",3.0,0.20416666666666666,40444241.53125,40985429.0
"(1, 340, np.float64(0.5))",3.0,0.20416666666666666,38156093.614583336,37023247.5
"(1, 340, np.float64(0.6))",3.0,0.20416666666666666,37850481.43125,37733756.0
"(1, 340, np.float64(0.7000000000000001))",3.0,0.2125,38338766.55625,37770392.0
"(1, 340, np.float64(0.8))",3.0,0.19583333333333333,38411726.59375,38855076.0
"(1, 340, np.float64(0.9))",3.0,0.0020833333333333333,38495838.375,38948633.0
"(1, 350, np.float64(0.1))",3.0,0.20416666666666666,40496391.9125,40367727.0
"(1, 350, np.float64(0.2))",3.0,0.20416666666666666,40165434.97708333,40130640.0
"(1, 350, np.float64(0.30000000000000004))",3.0,0.20416666666666666,40189779.34583333,40853106.0
"(1, 350, np.float64(0.4))",3.0,0.20416666666666666,40133846.18333333,40440977.0
"(1, 350, np.float64(0.5))",3.0,0.20416666666666666,39053326.766666666,39179020.5
"(1, 350, np.float64(0.6))",3.0,0.20416666666666666,37913031.264583334,37725747.5
"(1, 350, np.float64(0.7000000000000001))",3.0,0.2125,37724814.9,37609768.0
"(1, 350, np.float64(0.8))",3.0,0.19583333333333333,37487801.97291667,37197709.5
"(1, 350, np.float64(0.9))",3.0,0.0020833333333333333,38230958.93541667,38341820.0
"(1, 360, np.float64(0.1))",3.0,0.20416666666666666,40671328.708333336,40535643.5
"(1, 360, np.float64(0.2))",3.0,0.20416666666666666,40056373.02291667,39764572.0
"(1, 360, np.float64(0.30000000000000004))",3.0,0.20416666666666666,38431478.33541667,38847438.0
"(1, 360, np.float64(0.4))",3.0,0.20416666666666666,40188382.68125,40218007.0
"(1, 360, np.float64(0.5))",3.0,0.20416666666666666,39123683.420833334,39590388.5
"(1, 360, np.float64(0.6))",3.0,0.20416666666666666,39461050.5875,39644353.5
"(1, 360, np.float64(0.7000000000000001))",3.0,0.2125,38960369.27916667,38829166.0
"(1, 360, np.float64(0.8))",3.0,0.19583333333333333,37351815.90416667,38020966.5
"(1, 360, np.float64(0.9))",3.0,0.0020833333333333333,37194537.864583336,37753224.0
"(1, 370, np.float64(0.1))",3.0,0.20416666666666666,40142941.12916667,39862339.5
"(1, 370, np.float64(0.2))",3.0,0.20416666666666666,40192492.708333336,40376273.5
"(1, 370, np.float64(0.30000000000000004))",3.0,0.20416666666666666,38528000.208333336,38484859.0
"(1, 370, np.float64(0.4))",3.0,0.20416666666666666,39644403.72291667,39630370.0
"(1, 370, np.float64(0.5))",3.0,0.20416666666666666,39415698.139583334,39763148.0
"(1, 370, np.float64(0.6))",3.0,0.20416666666666666,38770172.21666667,38599850.0
"(1, 370, np.float64(0.7000000000000001))",3.0,0.2125,39151877.8875,39786660.5
"(1, 370, np.float64(0.8))",3.0,0.19583333333333333,37380232.0,38226349.5
"(1, 370, np.float64(0.9))",3.0,0.0020833333333333333,37230332.93333333,38084374.5
"(1, 380, np.float64(0.1))",3.0,0.20416666666666666,39409812.27916667,39072972.5
"(1, 380, np.float64(0.2))",3.0,0.20416666666666666,39743084.50833333,39484799.0
"(1, 380, np.float64(0.30000000000000004))",3.0,0.20416666666666666,38418430.33541667,38447606.0
"(1, 380, np.float64(0.4))",3.0,0.20416666666666666,39657828.108333334,39003703.5
"(1, 380, np.float64(0.5))",3.0,0.20416666666666666,39207097.48125,39372562.5
"(1, 380, np.float64(0.6))",3.0,0.20416666666666666,39573453.485416666,40054981.5
"(1, 380, np.float64(0.7000000000000001))",3.0,0.2125,38710368.43125,39149828.5
"(1, 380, np.float64(0.8))",3.0,0.19583333333333333,38748297.50625,38828776.0
"(1, 380, np.float64(0.9))",3.0,0.0020833333333333333,37144108.829166666,37478307.5
"(1, 390, np.float64(0.1))",3.0,0.20416666666666666,39301971.625,39464461.5
"(1, 390, np.float64(0.2))",3.0,0.20416666666666666,38835924.32083333,38508398.0
"(1, 390, np.float64(0.30000000000000004))",3.0,0.20416666666666666,39447796.422916666,39883692.5
"(1, 390, np.float64(0.4))",3.0,0.20416666666666666,38056851.40416667,37683986.0
"(1, 390, np.float64(0.5))",3.0,0.20416666666666666,39582017.575,39742543.0
"(1, 390, np.float64(0.6))",3.0,0.20416666666666666,39030452.197916664,39145914.5
"(1, 390, np.float64(0.7000000000000001))",3.0,0.2125,40067259.62083333,40122892.0
"(1, 390, np.float64(0.8))",3.0,0.19583333333333333,38979289.858333334,39375395.5
"(1, 390, np.float64(0.9))",3.0,0.0020833333333333333,38444816.95625,39169967.5
"(1, 400, np.float64(0.1))",3.0,0.20416666666666666,39154968.25625,39025240.5
"(1, 400, np.float64(0.2))",3.0,0.20416666666666666,39157148.958333336,39564239.0
"(1, 400, np.float64(0.30000000000000004))",3.0,0.20416666666666666,38682622.49791667,38670726.5
"(1, 400, np.float64(0.4))",3.0,0.20416666666666666,39628763.625,39225954.0
"(1, 400, np.float64(0.5))",3.0,0.20416666666666666,39087106.10625,38707396.0
"(1, 400, np.float64(0.6))",3.0,0.20416666666666666,39514825.59583333,39425391.5
"(1, 400, np.float64(0.7000000000000001))",3.0,0.2125,38721987.31666667,38948396.5
"(1, 400, np.float64(0.8))",3.0,0.19583333333333333,39172290.608333334,39589376.5
"(1, 400, np.float64(0.9))",3.0,0.0020833333333333333,38362216.91875,38776246.0
"(3, 300, np.float64(0.1))",3.0,0.20208333333333334,36668034.28541667,36827866.5
"(3, 300, np.float64(0.2))",3.0,0.20208333333333334,34855447.83125,34945847.0
"(3, 300, np.float64(0.30000000000000004))",3.0,0.20208333333333334,34657046.6125,34752288.5
"(3, 300, np.float64(0.4))",3.0,0.20208333333333334,34387746.71458333,34141057.0
"(3, 300, np.float64(0.5))",3.0,0.20208333333333334,34355945.0375,34079780.0
"(3, 300, np.float64(0.6))",3.0,0.20208333333333334,34978478.31666667,34421141.5
"(3, 300, np.float64(0.7000000000000001))",3.0,0.2125,35287989.0,34856834.5
"(3, 300, np.float64(0.8))",3.0,0.20625,35469593.479166664,35772482.5
"(3, 300, np.float64(0.9))",3.0,0.016666666666666666,35469723.5875,35145314.5
"(3, 310, np.float64(0.1))",3.0,0.20208333333333334,37369784.670833334,37586819.5
"(3, 310, np.float64(0.2))",3.0,0.20208333333333334,36250914.235416666,35951174.0
"(3, 310, np.float64(0.30000000000000004))",3.0,0.20208333333333334,34871422.791666664,34285772.5
"(3, 310, np.float64(0.4))",3.0,0.20208333333333334,34685889.77708333,34648562.5
"(3, 310, np.float64(0.5))",3.0,0.20208333333333334,34311622.416666664,34136834.5
"(3, 310, np.float64(0.6))",3.0,0.20208333333333334,34014638.40833333,33806243.5
"(3, 310, np.float64(0.7000000000000001))",3.0,0.2125,35173955.53125,35307560.0
"(3, 310, np.float64(0.8))",3.0,0.20625,35272152.145833336,35244800.0
"(3, 310, np.float64(0.9))",3.0,0.016666666666666666,35251454.264583334,35328991.0
"(3, 320, np.float64(0.1))",3.0,0.20208333333333334,37339024.73125,37374020.0
"(3, 320, np.float64(0.2))",3.0,0.20208333333333334,36371113.06041667,36368947.0
"(3, 320, np.float64(0.30000000000000004))",3.0,0.20208333333333334,36664237.62916667,36840897.0
"(3, 320, np.float64(0.4))",3.0,0.20208333333333334,34604893.59166667,34353535.0
"(3, 320, np.float64(0.5))",3.0,0.20208333333333334,34492318.42916667,34165467.0
"(3, 320, np.float64(0.6))",3.0,0.20208333333333334,34103456.04375,34209277.5
"(3, 320, np.float64(0.7000000000000001))",3.0,0.2125,33907839.27291667,33830660.0
"(3, 320, np.float64(0.8))",3.0,0.20625,34796287.702083334,34709330.5
"(3, 320, np.float64(0.9))",3.0,0.016666666666666666,35338268.13125,35031286.0
"(3, 330, np.float64(0.1))",3.0,0.20208333333333334,37405774.139583334,37143732.0
"(3, 330, np.float64(0.2))",3.0,0.20208333333333334,37078736.70625,37164599.5
"(3, 330, np.float64(0.30000000000000004))",3.0,0.20208333333333334,35871881.78125,35802729.0
"(3, 330, np.float64(0.4))",3.0,0.20208333333333334,36438011.270833336,36438555.5
"(3, 330, np.float64(0.5))",3.0,0.20208333333333334,34477590.54375,34277074.5
"(3, 330, np.float64(0.6))",3.0,0.20208333333333334,34338046.51875,34283122.5
"(3, 330, np.float64(0.7000000000000001))",3.0,0.2125,33957875.31875,34196954.5
"(3, 330, np.float64(0.8))",3.0,0.20625,33809192.46041667,33979016.0
"(3, 330, np.float64(0.9))",3.0,0.016666666666666666,34562442.891666666,34672420.0
"(3, 340, np.float64(0.1))",3.0,0.20416666666666666,37229547.90208333,36620340.0
"(3, 340, np.float64(0.2))",3.0,0.20416666666666666,36840947.5625,36738021.0
"(3, 340, np.float64(0.30000000000000004))",3.0,0.20416666666666666,36880385.08125,36606658.0
"(3, 340, np.float64(0.4))",3.0,0.20416666666666666,35804237.739583336,35659011.5
"(3, 340, np.float64(0.5))",3.0,0.20416666666666666,36129177.35625,36497288.0
"(3, 340, np.float64(0.6))",3.0,0.20416666666666666,34385862.34166667,33898211.0
"(3, 340, np.float64(0.7000000000000001))",3.0,0.21458333333333332,34247813.21041667,34211409.0
"(3, 340, np.float64(0.8))",3.0,0.20833333333333334,33760488.93333333,33739713.5
"(3, 340, np.float64(0.9))",3.0,0.016666666666666666,33426247.8,33501528.5
"(3, 350, np.float64(0.1))",3.0,0.20416666666666666,36608360.264583334,36410677.5
"(3, 350, np.float64(0.2))",3.0,0.20416666666666666,36061978.05,35742666.0
"(3, 350, np.float64(0.30000000000000004))",3.0,0.20416666666666666,36524473.916666664,36000349.5
"(3, 350, np.float64(0.4))",3.0,0.20416666666666666,36589176.9875,36959545.0
"(3, 350, np.float64(0.5))",3.0,0.20416666666666666,36409576.416666664,36209815.0
"(3, 350, np.float64(0.6))",3.0,0.20416666666666666,35894771.46875,36249317.5
"(3, 350, np.float64(0.7000000000000001))",3.0,0.21458333333333332,33942617.291666664,33912143.0
"(3, 350, np.float64(0.8))",3.0,0.20833333333333334,33680188.733333334,33711625.5
"(3, 350, np.float64(0.9))",3.0,0.016666666666666666,33600122.88125,33521063.0
"(3, 360, np.float64(0.1))",3.0,0.20416666666666666,35247551.5625,35542627.5
"(3, 360, np.float64(0.2))",3.0,0.20416666666666666,35809899.75625,35339143.5
"(3, 360, np.float64(0.30000000000000004))",3.0,0.20416666666666666,36649282.78333333,36311578.0
"(3, 360, np.float64(0.4))",3.0,0.20416666666666666,36170430.52291667,36533114.5
"(3, 360, np.float64(0.5))",3.0,0.20416666666666666,35309608.56458333,35510485.5
"(3, 360, np.float64(0.6))",3.0,0.20416666666666666,36205611.9,36051842.0
"(3, 360, np.float64(0.7000000000000001))",3.0,0.21458333333333332,35691829.91875,36187047.5
"(3, 360, np.float64(0.8))",3.0,0.20833333333333334,33720746.85208333,33627288.5
"(3, 360, np.float64(0.9))",3.0,0.016666666666666666,33756006.5625,33896824.5
"(3, 370, np.float64(0.1))",3.0,0.20416666666666666,35534017.735416666,34840112.5
"(3, 370, np.float64(0.2))",3.0,0.20416666666666666,34872039.452083334,34621940.0
"(3, 370, np.float64(0.30000000000000004))",3.0,0.20416666666666666,35764989.03541667,35743047.0
"(3, 370, np.float64(0.4))",3.0,0.20416666666666666,36527375.645833336,36623018.5
"(3, 370, np.float64(0.5))",3.0,0.20416666666666666,36081775.1875,36299225.5
"(3, 370, np.float64(0.6))",3.0,0.20416666666666666,36528639.88125,35848420.0
"(3, 370, np.float64(0.7000000000000001))",3.0,0.21458333333333332,35824456.635416664,36054842.5
"(3, 370, np.float64(0.8))",3.0,0.20833333333333334,35473336.65208333,35784884.0
"(3, 370, np.float64(0.9))",3.0,0.016666666666666666,33438163.397916667,33742079.0
"(3, 380, np.float64(0.1))",3.0,0.20416666666666666,35213597.239583336,35181749.5
"(3, 380, np.float64(0.2))",3.0,0.20416666666666666,35163997.87916667,34825649.0
"(3, 380, np.float64(0.30000000000000004))",3.0,0.20416666666666666,34701302.0875,34857110.0
"(3, 380, np.float64(0.4))",3.0,0.20416666666666666,35485399.270833336,35567045.0
"(3, 380, np.float64(0.5))",3.0,0.20416666666666666,36259727.833333336,36152179.5
"(3, 380, np.float64(0.6))",3.0,0.20416666666666666,35970875.197916664,36135336.5
"(3, 380, np.float64(0.7000000000000001))",3.0,0.21458333333333332,34991958.197916664,35166383.0
"(3, 380, np.float64(0.8))",3.0,0.20833333333333334,35621524.16041667,36018742.0
"(3, 380, np.float64(0.9))",3.0,0.016666666666666666,35562270.55833333,35894352.0
"(3, 390, np.float64(0.1))",3.0,0.20416666666666666,35447539.04375,35405023.0
"(3, 390, np.float64(0.2))",3.0,0.20416666666666666,34982028.6875,34560096.0
"(3, 390, np.float64(0.30000000000000004))",3.0,0.20416666666666666,34753209.875,34536978.0
"(3, 390, np.float64(0.4))",3.0,0.20416666666666666,34453495.69583333,34127912.5
"(3, 390, np.float64(0.5))",3.0,0.20416666666666666,35132853.83541667,35158759.0
"(3, 390, np.float64(0.6))",3.0,0.20416666666666666,35220864.552083336,35110150.5
"(3, 390, np.float64(0.7000000000000001))",3.0,0.21458333333333332,35792816.68333333,35879852.0
"(3, 390, np.float64(0.8))",3.0,0.20833333333333334,36071511.25833333,36291931.5
"(3, 390, np.float64(0.9))",3.0,0.016666666666666666,35386909.09791667,35576500.0
"(3, 400, np.float64(0.1))",3.0,0.20416666666666666,37053698.40208333,36499384.5
"(3, 400, np.float64(0.2))",3.0,0.20416666666666666,35039901.49791667,34921332.0
"(3, 400, np.float64(0.30000000000000004))",3.0,0.20416666666666666,34654117.822916664,34729733.5
"(3, 400, np.float64(0.4))",3.0,0.20416666666666666,34512239.00416667,34561626.0
"(3, 400, np.float64(0.5))",3.0,0.20416666666666666,34182903.108333334,34398718.0
"(3, 400, np.float64(0.6))",3.0,0.20416666666666666,35214630.93541667,35286581.5
"(3, 400, np.float64(0.7000000000000001))",3.0,0.21458333333333332,35145421.76875,35492422.5
"(3, 400, np.float64(0.8))",3.0,0.20833333333333334,35011701.61666667,35228320.5
"(3, 400, np.float64(0.9))",3.0,0.016666666666666666,34927555.30416667,34985366.0
"(5, 300, np.float64(0.1))",3.0,0.19791666666666666,35794117.41458333,35502566.5
"(5, 300, np.float64(0.2))",3.0,0.19791666666666666,35727699.1,35526120.5
"(5, 300, np.float64(0.30000000000000004))",3.0,0.19791666666666666,33384991.6375,33136090.5
"(5, 300, np.float64(0.4))",3.0,0.19791666666666666,33182079.758333333,33085602.5
"(5, 300, np.float64(0.5))",3.0,0.19791666666666666,33217682.875,33325461.5
"(5, 300, np.float64(0.6))",3.0,0.19791666666666666,32658565.25,32657193.0
"(5, 300, np.float64(0.7000000000000001))",3.0,0.21458333333333332,33456394.025,33382213.0
"(5, 300, np.float64(0.8))",3.0,0.21458333333333332,33649027.56875,33139840.5
"(5, 300, np.float64(0.9))",3.0,0.03333333333333333,33916390.87916667,33554775.0
"(5, 310, np.float64(0.1))",3.0,0.19791666666666666,35824435.25,35621723.5
"(5, 310, np.float64(0.2))",3.0,0.19791666666666666,36032210.479166664,35738747.5
"(5, 310, np.float64(0.30000000000000004))",3.0,0.19791666666666666,35175077.541666664,34797235.0
"(5, 310, np.float64(0.4))",3.0,0.19791666666666666,32974904.108333334,32769973.0
"(5, 310, np.float64(0.5))",3.0,0.19791666666666666,33010125.110416666,32880581.5
"(5, 310, np.float64(0.6))",3.0,0.19791666666666666,32866590.970833335,32943729.0
"(5, 310, np.float64(0.7000000000000001))",3.0,0.21458333333333332,32158532.427083332,32005757.0
"(5, 310, np.float64(0.8))",3.0,0.21458333333333332,33394801.858333334,33272906.5
"(5, 310, np.float64(0.9))",3.0,0.03333333333333333,33657223.20625,33393111.0
"(5, 320, np.float64(0.1))",3.0,0.19791666666666666,35457349.7625,35001002.5
"(5, 320, np.float64(0.2))",3.0,0.19791666666666666,35643085.78125,35557041.0
"(5, 320, np.float64(0.30000000000000004))",3.0,0.19791666666666666,33224134.385416668,32731660.5
"(5, 320, np.float64(0.4))",3.0,0.19791666666666666,34538950.983333334,34490881.0
"(5, 320, np.float64(0.5))",3.0,0.19791666666666666,35048785.16041667,35055786.5
"(5, 320, np.float64(0.6))",3.0,0.19791666666666666,32922825.727083333,32783518.5
"(5, 320, np.float64(0.7000000000000001))",3.0,0.21458333333333332,32725149.220833335,32850882.0
"(5, 320, np.float64(0.8))",3.0,0.21458333333333332,32269530.685416665,32524157.0
"(5, 320, np.float64(0.9))",3.0,0.03333333333333333,33486457.627083335,33880853.0
"(5, 330, np.float64(0.1))",3.0,0.19791666666666666,35457944.8,34942453.5
"(5, 330, np.float64(0.2))",3.0,0.19791666666666666,35307536.80833333,34641053.0
"(5, 330, np.float64(0.30000000000000004))",3.0,0.19791666666666666,33309251.75,32850164.5
"(5, 330, np.float64(0.4))",3.0,0.19791666666666666,33134501.047916666,33126373.5
"(5, 330, np.float64(0.5))",3.0,0.19791666666666666,34633061.825,34771411.0
"(5, 330, np.float64(0.6))",3.0,0.19791666666666666,34076487.62916667,33949933.5
"(5, 330, np.float64(0.7000000000000001))",3.0,0.21458333333333332,32821837.302083332,32852892.5
"(5, 330, np.float64(0.8))",3.0,0.21458333333333332,34437358.475,34599410.5
"(5, 330, np.float64(0.9))",3.0,0.03333333333333333,32087823.497916665,32074233.0
"(5, 340, np.float64(0.1))",3.0,0.2,35198072.45625,35339024.0
"(5, 340, np.float64(0.2))",3.0,0.2,35211605.5625,34673261.0
"(5, 340, np.float64(0.30000000000000004))",3.0,0.2,33409042.691666666,32601085.0
"(5, 340, np.float64(0.4))",3.0,0.2,34711063.35625,34544252.5
"(5, 340, np.float64(0.5))",3.0,0.2,33028222.889583334,32674738.5
"(5, 340, np.float64(0.6))",3.0,0.2,32987162.102083333,32912937.5
"(5, 340, np.float64(0.7000000000000001))",3.0,0.21666666666666667,34648974.15625,34276034.5
"(5, 340, np.float64(0.8))",3.0,0.21666666666666667,34661884.141666666,34398246.0
"(5, 340, np.float64(0.9))",3.0,0.03333333333333333,32115089.714583334,32013256.5
"(5, 350, np.float64(0.1))",3.0,0.2,35735374.48125,35846377.0
"(5, 350, np.float64(0.2))",3.0,0.2,33477337.995833334,33511711.0
"(5, 350, np.float64(0.30000000000000004))",3.0,0.2,33353172.13125,32726795.0
"(5, 350, np.float64(0.4))",3.0,0.2,34382198.475,34215512.5
"(5, 350, np.float64(0.5))",3.0,0.2,33016461.491666667,32659375.5
"(5, 350, np.float64(0.6))",3.0,0.2,34553645.52708333,34642470.5
"(5, 350, np.float64(0.7000000000000001))",3.0,0.21666666666666667,32848051.454166666,32529415.5
"(5, 350, np.float64(0.8))",3.0,0.21666666666666667,32038315.729166668,31587688.0
"(5, 350, np.float64(0.9))",3.0,0.03333333333333333,33745367.041666664,33825578.0
"(5, 360, np.float64(0.1))",3.0,0.2,36035875.78958333,36387266.0
"(5, 360, np.float64(0.2))",3.0,0.2,35651416.68958333,35761812.0
"(5, 360, np.float64(0.30000000000000004))",3.0,0.2,34305958.266666666,34401411.5
"(5, 360, np.float64(0.4))",3.0,0.2,33010445.622916665,32895069.0
"(5, 360, np.float64(0.5))",3.0,0.2,33013301.44375,32862912.5
"(5, 360, np.float64(0.6))",3.0,0.2,34083078.65,34005439.5
"(5, 360, np.float64(0.7000000000000001))",3.0,0.21666666666666667,32856815.585416667,32847618.5
"(5, 360, np.float64(0.8))",3.0,0.21666666666666667,32232821.060416665,32080265.0
"(5, 360, np.float64(0.9))",3.0,0.03333333333333333,33951803.51875,34196110.0
"(5, 370, np.float64(0.1))",3.0,0.20208333333333334,35042499.33958333,35173802.5
"(5, 370, np.float64(0.2))",3.0,0.20208333333333334,35477077.25833333,35439430.0
"(5, 370, np.float64(0.30000000000000004))",3.0,0.20208333333333334,35416107.704166666,34951553.0
"(5, 370, np.float64(0.4))",3.0,0.20208333333333334,34252974.7,34060480.0
"(5, 370, np.float64(0.5))",3.0,0.20208333333333334,32851118.477083333,32505976.5
"(5, 370, np.float64(0.6))",3.0,0.20208333333333334,32732089.339583334,32793620.5
"(5, 370, np.float64(0.7000000000000001))",3.0,0.21875,32395078.583333332,32472839.5
"(5, 370, np.float64(0.8))",3.0,0.21666666666666667,32676929.54375,32730330.5
"(5, 370, np.float64(0.9))",3.0,0.03333333333333333,33765857.577083334,33708633.0
"(5, 380, np.float64(0.1))",3.0,0.20208333333333334,35652854.78541667,35697335.0
"(5, 380, np.float64(0.2))",3.0,0.20208333333333334,34844681.65208333,34617562.0
"(5, 380, np.float64(0.30000000000000004))",3.0,0.20208333333333334,34938728.229166664,34573913.0
"(5, 380, np.float64(0.4))",3.0,0.20208333333333334,35005628.083333336,34749047.0
"(5, 380, np.float64(0.5))",3.0,0.20208333333333334,33757234.07083333,33735357.5
"(5, 380, np.float64(0.6))",3.0,0.20208333333333334,32522942.85,32477981.0
"(5, 380, np.float64(0.7000000000000001))",3.0,0.21875,32576374.060416665,32445369.0
"(5, 380, np.float64(0.8))",3.0,0.21666666666666667,32113525.627083335,32112069.5
"(5, 380, np.float64(0.9))",3.0,0.03333333333333333,32372784.314583335,32470015.0
"(5, 390, np.float64(0.1))",3.0,0.20416666666666666,35317257.87708333,35298421.5
"(5, 390, np.float64(0.2))",3.0,0.20416666666666666,35269777.72291667,34930139.0
"(5, 390, np.float64(0.30000000000000004))",3.0,0.20416666666666666,34494335.03541667,34228464.5
"(5, 390, np.float64(0.4))",3.0,0.20416666666666666,34981641.0,34599779.5
"(5, 390, np.float64(0.5))",3.0,0.20416666666666666,34566592.58125,34084178.5
"(5, 390, np.float64(0.6))",3.0,0.20416666666666666,33678777.78125,33398238.5
"(5, 390, np.float64(0.7000000000000001))",3.0,0.22083333333333333,32484792.170833334,32550320.5
"(5, 390, np.float64(0.8))",3.0,0.21875,32153608.63125,32098987.0
"(5, 390, np.float64(0.9))",3.0,0.03333333333333333,32201142.15625,32143558.0
"(5, 400, np.float64(0.1))",3.0,0.20416666666666666,33838292.59375,33426671.0
"(5, 400, np.float64(0.2))",3.0,0.20416666666666666,34581609.94166667,33914289.0
"(5, 400, np.float64(0.30000000000000004))",3.0,0.20416666666666666,34189256.702083334,33522201.0
"(5, 400, np.float64(0.4))",3.0,0.20416666666666666,33273997.90625,32243438.0
"(5, 400, np.float64(0.5))",3.0,0.20416666666666666,33268999.129166666,32778530.5
"(5, 400, np.float64(0.6))",3.0,0.20416666666666666,32721178.785416666,32106000.5
"(5, 400, np.float64(0.7000000000000001))",3.0,0.22083333333333333,29964128.397916667,29373861.5
"(5, 400, np.float64(0.8))",3.0,0.21875,27937650.15,27359671.0
"(5, 400, np.float64(0.9))",3.0,0.03333333333333333,27562867.529166665,27027850.5
"(7, 300, np.float64(0.1))",3.0,0.19375,113982009.09166667,111670469.5
"(7, 300, np.float64(0.2))",3.0,0.19375,112970981.24166666,110700115.0
"(7, 300, np.float64(0.30000000000000004))",3.0,0.19375,112041287.73958333,110237934.0
"(7, 300, np.float64(0.4))",3.0,0.19375,111535584.29166667,110306679.5
"(7, 300, np.float64(0.5))",3.0,0.19375,111567604.08541666,110229128.0
"(7, 300, np.float64(0.6))",3.0,0.19375,111325416.71041666,109905471.5
"(7, 300, np.float64(0.7000000000000001))",3.0,0.20416666666666666,111062401.08958334,110078042.5
"(7, 300, np.float64(0.8))",3.0,0.22291666666666668,109012279.6875,108440295.0
"(7, 300, np.float64(0.9))",3.0,0.016666666666666666,107576810.9125,107496261.5
"(7, 310, np.float64(0.1))",3.0,0.19375,109359412.64375,109382734.0
"(7, 310, np.float64(0.2))",3.0,0.19375,109743449.55625,109542921.0
"(7, 310, np.float64(0.30000000000000004))",3.0,0.19375,108713518.8625,108402614.0
"(7, 310, np.float64(0.4))",3.0,0.19375,109577204.44375,109153511.5
"(7, 310, np.float64(0.5))",3.0,0.19375,108775672.86458333,108303416.0
"(7, 310, np.float64(0.6))",3.0,0.19375,109098371.00416666,108569591.5
"(7, 310, np.float64(0.7000000000000001))",3.0,0.20416666666666666,109885752.15416667,109717650.0
"(7, 310, np.float64(0.8))",3.0,0.22291666666666668,109569590.54375,109426609.5
"(7, 310, np.float64(0.9))",3.0,0.016666666666666666,108665324.925,108340740.5
"(7, 320, np.float64(0.1))",3.0,0.19583333333333333,108384085.75208333,107742889.5
"(7, 320, np.float64(0.2))",3.0,0.19583333333333333,109037626.60625,108587774.5
"(7, 320, np.float64(0.30000000000000004))",3.0,0.19583333333333333,109486701.55833334,109333694.0
"(7, 320, np.float64(0.4))",3.0,0.19583333333333333,108111107.7125,107549896.5
"(7, 320, np.float64(0.5))",3.0,0.19583333333333333,109581832.61666666,109238654.5
"(7, 320, np.float64(0.6))",3.0,0.19583333333333333,109052360.35625,108605582.5
"(7, 320, np.float64(0.7000000000000001))",3.0,0.20625,109312862.89791666,108973494.0
"(7, 320, np.float64(0.8))",3.0,0.225,109964581.55625,109382121.0
"(7, 320, np.float64(0.9))",3.0,0.016666666666666666,109499358.79791667,109269721.5
"(7, 330, np.float64(0.1))",3.0,0.19583333333333333,109714610.08125,109393262.0
"(7, 330, np.float64(0.2))",3.0,0.19583333333333333,108407299.9125,108152666.0
"(7, 330, np.float64(0.30000000000000004))",3.0,0.19583333333333333,108827363.56875,108197797.0
"(7, 330, np.float64(0.4))",3.0,0.19583333333333333,108695541.50625,108434777.0
"(7, 330, np.float64(0.5))",3.0,0.19583333333333333,109510315.93333334,109393434.5
"(7, 330, np.float64(0.6))",3.0,0.19583333333333333,109523859.86041667,109194032.0
"(7, 330, np.float64(0.7000000000000001))",3.0,0.20625,109096326.925,108794537.0
"(7, 330, np.float64(0.8))",3.0,0.225,109334129.03333333,109560790.0
"(7, 330, np.float64(0.9))",3.0,0.016666666666666666,109824424.35833333,109827179.5
"(7, 340, np.float64(0.1))",3.0,0.19583333333333333,110793048.83125,110413074.0
"(7, 340, np.float64(0.2))",3.0,0.19583333333333333,108270276.04791667,107650359.0
"(7, 340, np.float64(0.30000000000000004))",3.0,0.19583333333333333,109294120.10625,109058125.0
"(7, 340, np.float64(0.4))",3.0,0.19583333333333333,108568574.525,107943136.5
"(7, 340, np.float64(0.5))",3.0,0.19583333333333333,108537197.525,108128775.0
"(7, 340, np.float64(0.6))",3.0,0.19583333333333333,108028838.6375,107212741.0
"(7, 340, np.float64(0.7000000000000001))",3.0,0.20625,108769968.42291667,108454916.5
"(7, 340, np.float64(0.8))",3.0,0.225,109064777.67708333,108577546.0
"(7, 340, np.float64(0.9))",3.0,0.016666666666666666,109166827.27708334,108541507.0
"(7, 350, np.float64(0.1))",3.0,0.19583333333333333,110880881.80208333,110453966.0
"(7, 350, np.float64(0.2))",3.0,0.19583333333333333,110358893.25208333,109724097.5
"(7, 350, np.float64(0.30000000000000004))",3.0,0.19583333333333333,108039509.55208333,107799969.0
"(7, 350, np.float64(0.4))",3.0,0.19583333333333333,109578213.57083334,109188911.5
"(7, 350, np.float64(0.5))",3.0,0.19583333333333333,108496683.33333333,108163429.0
"(7, 350, np.float64(0.6))",3.0,0.19583333333333333,108639108.20833333,108147840.5
"(7, 350, np.float64(0.7000000000000001))",3.0,0.20625,107997404.08333333,107405358.0
"(7, 350, np.float64(0.8))",3.0,0.225,109096631.275,108618027.5
"(7, 350, np.float64(0.9))",3.0,0.016666666666666666,109539890.9625,109269519.5
"(7, 360, np.float64(0.1))",3.0,0.19583333333333333,110131150.03541666,109900012.0
"(7, 360, np.float64(0.2))",3.0,0.19583333333333333,110081972.33541666,110052396.0
"(7, 360, np.float64(0.30000000000000004))",3.0,0.19583333333333333,109744702.0875,109268372.0
"(7, 360, np.float64(0.4))",3.0,0.19583333333333333,107897904.9125,107610540.5
"(7, 360, np.float64(0.5))",3.0,0.19583333333333333,108037667.61875,107895716.5
"(7, 360, np.float64(0.6))",3.0,0.19583333333333333,108848844.96458334,108664053.0
"(7, 360, np.float64(0.7000000000000001))",3.0,0.20625,108285773.66666667,107757508.0
"(7, 360, np.float64(0.8))",3.0,0.225,107659232.62291667,107445235.5
"(7, 360, np.float64(0.9))",3.0,0.016666666666666666,108704461.6,108626405.5
"(7, 370, np.float64(0.1))",3.0,0.19583333333333333,110504984.83333333,110666744.5
"(7, 370, np.float64(0.2))",3.0,0.19583333333333333,110152705.15208334,109896216.0
"(7, 370, np.float64(0.30000000000000004))",3.0,0.19583333333333333,110349388.73958333,110244771.5
"(7, 370, np.float64(0.4))",3.0,0.19583333333333333,107944747.28125,107865101.0
"(7, 370, np.float64(0.5))",3.0,0.19583333333333333,109472750.34583333,109194417.5
"(7, 370, np.float64(0.6))",3.0,0.19583333333333333,108615474.24166666,108245615.0
"(7, 370, np.float64(0.7000000000000001))",3.0,0.20625,108691028.72708334,108560664.0
"(7, 370, np.float64(0.8))",3.0,0.225,107649006.15416667,107314668.0
"(7, 370, np.float64(0.9))",3.0,0.016666666666666666,107624222.50833334,107023520.5
"(7, 380, np.float64(0.1))",3.0,0.2,109423167.42916666,108832613.5
"(7, 380, np.float64(0.2))",3.0,0.2,110807899.14791666,110474150.5
"(7, 380, np.float64(0.30000000000000004))",3.0,0.2,109893616.83541666,109054784.5
"(7, 380, np.float64(0.4))",3.0,0.2,108201990.0625,107901165.5
"(7, 380, np.float64(0.5))",3.0,0.2,109813908.68333334,109806304.0
"(7, 380, np.float64(0.6))",3.0,0.2,109343691.27083333,109072605.0
"(7, 380, np.float64(0.7000000000000001))",3.0,0.21041666666666667,108023332.47083333,107984649.0
"(7, 380, np.float64(0.8))",3.0,0.22916666666666666,108879539.51458333,108486558.0
"(7, 380, np.float64(0.9))",3.0,0.016666666666666666,107727755.09583333,107326427.0
"(7, 390, np.float64(0.1))",3.0,0.20416666666666666,108862552.40625,108446876.0
"(7, 390, np.float64(0.2))",3.0,0.20416666666666666,109486224.47708334,109222878.5
"(7, 390, np.float64(0.30000000000000004))",3.0,0.20416666666666666,110172187.63125,109561070.0
"(7, 390, np.float64(0.4))",3.0,0.20416666666666666,109454563.04791667,108999517.5
"(7, 390, np.float64(0.5))",3.0,0.20416666666666666,108200149.25,107551782.0
"(7, 390, np.float64(0.6))",3.0,0.20416666666666666,109649942.50833334,109762227.5
"(7, 390, np.float64(0.7000000000000001))",3.0,0.21458333333333332,109696774.23333333,109455296.0
"(7, 390, np.float64(0.8))",3.0,0.23125,107933426.46458334,107443785.5
"(7, 390, np.float64(0.9))",3.0,0.016666666666666666,108816805.49166666,108127660.5
"(7, 400, np.float64(0.1))",3.0,0.20416666666666666,108587527.29791667,107875609.0
"(7, 400, np.float64(0.2))",3.0,0.20416666666666666,108213654.81666666,107755377.5
"(7, 400, np.float64(0.30000000000000004))",3.0,0.20416666666666666,109744751.9375,109448765.0
"(7, 400, np.float64(0.4))",3.0,0.20416666666666666,109698460.07291667,109424021.0
"(7, 400, np.float64(0.5))",3.0,0.20416666666666666,109245736.45625,108510326.0
"(7, 400, np.float64(0.6))",3.0,0.20416666666666666,107688839.75625,107204184.5
"(7, 400, np.float64(0.7000000000000001))",3.0,0.21458333333333332,108182180.99166666,107889064.0
"(7, 400, np.float64(0.8))",3.0,0.23125,109208285.14166667,108745290.5
"(7, 400, np.float64(0.9))",3.0,0.016666666666666666,109059348.0625,108834399.0
"(9, 300, np.float64(0.1))",3.0,0.19583333333333333,115150509.27083333,114591048.0
"(9, 300, np.float64(0.2))",3.0,0.19583333333333333,113841885.93125,113529567.0
"(9, 300, np.float64(0.30000000000000004))",3.0,0.19583333333333333,113822675.81875,113558337.5
"(9, 300, np.float64(0.4))",3.0,0.19583333333333333,114533022.31041667,113880685.0
"(9, 300, np.float64(0.5))",3.0,0.19583333333333333,112722802.21041666,112702197.5
"(9, 300, np.float64(0.6))",3.0,0.19583333333333333,113965799.89166667,113423578.5
"(9, 300, np.float64(0.7000000000000001))",3.0,0.2,114081318.96458334,113393116.0
"(9, 300, np.float64(0.8))",3.0,0.22291666666666668,112960883.2875,112390005.5
"(9, 300, np.float64(0.9))",3.0,0.014583333333333334,113481953.28541666,112980238.5
"(9, 310, np.float64(0.1))",3.0,0.19791666666666666,114748309.06666666,114741876.0
"(9, 310, np.float64(0.2))",3.0,0.19791666666666666,114310697.09791666,113566241.5
"(9, 310, np.float64(0.30000000000000004))",3.0,0.19791666666666666,113774511.80208333,113371136.0
"(9, 310, np.float64(0.4))",3.0,0.19791666666666666,113463088.47708334,113030366.5
"(9, 310, np.float64(0.5))",3.0,0.19791666666666666,114005750.41666667,114008031.5
"(9, 310, np.float64(0.6))",3.0,0.19791666666666666,112542332.55208333,112119617.5
"(9, 310, np.float64(0.7000000000000001))",3.0,0.20208333333333334,113244420.73125,112662187.5
"(9, 310, np.float64(0.8))",3.0,0.22291666666666668,114175313.92083333,113992682.5
"(9, 310, np.float64(0.9))",3.0,0.014583333333333334,112936737.62291667,113008005.0
"(9, 320, np.float64(0.1))",3.0,0.20208333333333334,114603247.03541666,114352120.0
"(9, 320, np.float64(0.2))",3.0,0.20208333333333334,114875716.42708333,114814160.0
"(9, 320, np.float64(0.30000000000000004))",3.0,0.20208333333333334,114147829.67083333,113886222.5
"(9, 320, np.float64(0.4))",3.0,0.20208333333333334,113425053.11875,113060458.0
"(9, 320, np.float64(0.5))",3.0,0.20208333333333334,113016728.72708334,112377877.5
"(9, 320, np.float64(0.6))",3.0,0.20208333333333334,114064497.975,113530774.0
"(9, 320, np.float64(0.7000000000000001))",3.0,0.20625,112751375.14166667,112309468.5
"(9, 320, np.float64(0.8))",3.0,0.225,114109426.71875,113543309.5
"(9, 320, np.float64(0.9))",3.0,0.014583333333333334,112985261.45416667,112531099.5
"(9, 330, np.float64(0.1))",3.0,0.20416666666666666,114035073.41041666,113611386.0
"(9, 330, np.float64(0.2))",3.0,0.20416666666666666,114645759.77708334,113881215.5
"(9, 330, np.float64(0.30000000000000004))",3.0,0.20416666666666666,114143395.73333333,114010874.5
"(9, 330, np.float64(0.4))",3.0,0.20416666666666666,114289923.8125,113363726.0
"(9, 330, np.float64(0.5))",3.0,0.20416666666666666,113092297.11041667,112432962.5
"(9, 330, np.float64(0.6))",3.0,0.20416666666666666,113015615.49166666,112452319.5
"(9, 330, np.float64(0.7000000000000001))",3.0,0.20833333333333334,112504764.98125,112022901.5
"(9, 330, np.float64(0.8))",3.0,0.225,113702959.01041667,113376167.5
"(9, 330, np.float64(0.9))",3.0,0.014583333333333334,113314554.21875,113121295.0
"(9, 340, np.float64(0.1))",3.0,0.20416666666666666,114365204.6625,114148271.0
"(9, 340, np.float64(0.2))",3.0,0.20416666666666666,113855903.675,113621655.0
"(9, 340, np.float64(0.30000000000000004))",3.0,0.20416666666666666,114479670.9125,113992969.0
"(9, 340, np.float64(0.4))",3.0,0.20416666666666666,113854563.81041667,113439101.0
"(9, 340, np.float64(0.5))",3.0,0.20416666666666666,114110514.78958334,113603527.5
"(9, 340, np.float64(0.6))",3.0,0.20416666666666666,112827532.19791667,112455639.5
"(9, 340, np.float64(0.7000000000000001))",3.0,0.20833333333333334,113649004.1125,113138775.5
"(9, 340, np.float64(0.8))",3.0,0.225,112839553.22291666,111946738.5
"(9, 340, np.float64(0.9))",3.0,0.014583333333333334,113404801.88541667,112903149.5
"(9, 350, np.float64(0.1))",3.0,0.20416666666666666,114435603.24166666,114244717.0
"(9, 350, np.float64(0.2))",3.0,0.20416666666666666,114431129.18333334,113822858.0
"(9, 350, np.float64(0.30000000000000004))",3.0,0.20416666666666666,113732099.40208334,113564292.5
"(9, 350, np.float64(0.4))",3.0,0.20416666666666666,114314988.08333333,113977456.0
"(9, 350, np.float64(0.5))",3.0,0.20416666666666666,113529269.11041667,113014666.0
"(9, 350, np.float64(0.6))",3.0,0.20416666666666666,114035005.7125,113878608.0
"(9, 350, np.float64(0.7000000000000001))",3.0,0.20833333333333334,112967817.26458333,112442714.0
"(9, 350, np.float64(0.8))",3.0,0.225,113044109.35416667,112803927.0
"(9, 350, np.float64(0.9))",3.0,0.014583333333333334,112335257.24583334,112129827.0
"(9, 360, np.float64(0.1))",3.0,0.21041666666666667,115087006.99375,114956991.5
"(9, 360, np.float64(0.2))",3.0,0.21041666666666667,114354357.50625,114164738.5
"(9, 360, np.float64(0.30000000000000004))",3.0,0.21041666666666667,114284702.31458333,113712125.5
"(9, 360, np.float64(0.4))",3.0,0.21041666666666667,113565153.1875,113525213.5
"(9, 360, np.float64(0.5))",3.0,0.21041666666666667,113613899.43958333,113193958.5
"(9, 360, np.float64(0.6))",3.0,0.21041666666666667,113997813.25625,114155534.5
"(9, 360, np.float64(0.7000000000000001))",3.0,0.21458333333333332,113251050.64166667,112781926.5
"(9, 360, np.float64(0.8))",3.0,0.22916666666666666,112816240.4375,112362381.5
"(9, 360, np.float64(0.9))",3.0,0.014583333333333334,113311119.26875,112745950.5
"(9, 370, np.float64(0.1))",3.0,0.2125,113904336.47291666,113509955.0
"(9, 370, np.float64(0.2))",3.0,0.2125,114577819.35833333,113940619.5
"(9, 370, np.float64(0.30000000000000004))",3.0,0.2125,114441344.34375,114067174.5
"(9, 370, np.float64(0.4))",3.0,0.2125,113421062.6875,113218269.0
"(9, 370, np.float64(0.5))",3.0,0.2125,113443664.31041667,113083104.5
"(9, 370, np.float64(0.6))",3.0,0.2125,113809125.60833333,113245968.0
"(9, 370, np.float64(0.7000000000000001))",3.0,0.21666666666666667,113935057.16666667,113747689.0
"(9, 370, np.float64(0.8))",3.0,0.23125,113559824.65625,113047865.0
"(9, 370, np.float64(0.9))",3.0,0.014583333333333334,112674382.35833333,112055360.5
"(9, 380, np.float64(0.1))",3.0,0.2125,114358463.08125,113794776.0
"(9, 380, np.float64(0.2))",3.0,0.2125,113348329.11875,112733582.0
"(9, 380, np.float64(0.30000000000000004))",3.0,0.2125,114226489.275,113841110.5
"(9, 380, np.float64(0.4))",3.0,0.2125,113309081.99166666,112822292.5
"(9, 380, np.float64(0.5))",3.0,0.2125,114653753.28333333,114191117.5
"(9, 380, np.float64(0.6))",3.0,0.2125,113358826.88541667,112932551.0
"(9, 380, np.float64(0.7000000000000001))",3.0,0.21666666666666667,114011060.4,113726334.5
"(9, 380, np.float64(0.8))",3.0,0.23125,113556333.97708334,112824640.0
"(9, 380, np.float64(0.9))",3.0,0.014583333333333334,113684437.85208334,113192001.5
"(9, 390, np.float64(0.1))",3.0,0.21458333333333332,113962110.93958333,113484131.0
"(9, 390, np.float64(0.2))",3.0,0.21458333333333332,114548519.60416667,114246560.0
"(9, 390, np.float64(0.30000000000000004))",3.0,0.21458333333333332,113420536.12291667,112956604.0
"(9, 390, np.float64(0.4))",3.0,0.21458333333333332,114204149.48958333,114205467.5
"(9, 390, np.float64(0.5))",3.0,0.21458333333333332,113362079.42916666,113293229.0
"(9, 390, np.float64(0.6))",3.0,0.21458333333333332,113958681.46875,113717670.5
"(9, 390, np.float64(0.7000000000000001))",3.0,0.21875,113799629.2375,113401177.5
"(9, 390, np.float64(0.8))",3.0,0.23125,113588658.89375,113390928.0
"(9, 390, np.float64(0.9))",3.0,0.014583333333333334,113573160.72291666,113114494.5
"(9, 400, np.float64(0.1))",3.0,0.21458333333333332,114088785.13333334,114200612.0
"(9, 400, np.float64(0.2))",3.0,0.21458333333333332,114128975.53125,113523083.5
"(9, 400, np.float64(0.30000000000000004))",3.0,0.21458333333333332,114680605.125,114058764.5
"(9, 400, np.float64(0.4))",3.0,0.21458333333333332,113682156.27083333,113200863.0
"(9, 400, np.float64(0.5))",3.0,0.21458333333333332,115079336.30833334,114501417.0
"(9, 400, np.float64(0.6))",3.0,0.21458333333333332,114496765.19791667,114571219.5
"(9, 400, np.float64(0.7000000000000001))",3.0,0.21875,114576817.52708334,114239058.5
"(9, 400, np.float64(0.8))",3.0,0.23125,114663294.22291666,114630436.5
"(9, 400, np.float64(0.9))",3.0,0.014583333333333334,114806508.97291666,114282554.0
"(11, 300, np.float64(0.1))",3.0,0.2,89149720.05416666,88942768.5
"(11, 300, np.float64(0.2))",3.0,0.2,88411672.80625,88056165.5
"(11, 300, np.float64(0.30000000000000004))",3.0,0.2,90647933.62083334,90198334.5
"(11, 300, np.float64(0.4))",3.0,0.2,91355808.45,91119192.0
"(11, 300, np.float64(0.5))",3.0,0.2,91228633.56458333,90595964.0
"(11, 300, np.float64(0.6))",3.0,0.2,91259528.6875,90381573.5
"(11, 300, np.float64(0.7000000000000001))",3.0,0.20416666666666666,90570621.85208334,89818313.0
"(11, 300, np.float64(0.8))",3.0,0.22291666666666668,91218958.67916666,90930265.0
"(11, 300, np.float64(0.9))",3.0,0.020833333333333332,90612314.60833333,90706886.5
"(11, 310, np.float64(0.1))",3.0,0.20416666666666666,92140290.52291666,91505821.5
"(11, 310, np.float64(0.2))",3.0,0.20416666666666666,92300359.7125,92294626.0
"(11, 310, np.float64(0.30000000000000004))",3.0,0.20416666666666666,92340752.01458333,92295780.5
"(11, 310, np.float64(0.4))",3.0,0.20416666666666666,91231109.5,91362445.5
"(11, 310, np.float64(0.5))",3.0,0.20416666666666666,91414072.02291666,91119741.0
"(11, 310, np.float64(0.6))",3.0,0.20416666666666666,91950231.50208333,91573609.5
"(11, 310, np.float64(0.7000000000000001))",3.0,0.20625,91053450.81041667,90633415.0
"(11, 310, np.float64(0.8))",3.0,0.22291666666666668,91439548.99583334,91181165.0
"(11, 310, np.float64(0.9))",3.0,0.020833333333333332,90855329.03541666,90443571.5
"(11, 320, np.float64(0.1))",3.0,0.20833333333333334,92036858.99166666,91803891.5
"(11, 320, np.float64(0.2))",3.0,0.20833333333333334,92368499.28958334,92326481.0
"(11, 320, np.float64(0.30000000000000004))",3.0,0.20833333333333334,91560746.2875,91342306.5
"(11, 320, np.float64(0.4))",3.0,0.20833333333333334,91401018.99375,91062309.0
"(11, 320, np.float64(0.5))",3.0,0.20833333333333334,91180012.36875,90763669.0
"(11, 320, np.float64(0.6))",3.0,0.20833333333333334,91119647.87708333,91041168.0
"(11, 320, np.float64(0.7000000000000001))",3.0,0.21041666666666667,91840422.0875,91382469.5
"(11, 320, np.float64(0.8))",3.0,0.22708333333333333,90738396.9875,90679023.5
"(11, 320, np.float64(0.9))",3.0,0.020833333333333332,90086840.47916667,89509846.0
"(11, 330, np.float64(0.1))",3.0,0.20833333333333334,92413989.00833334,92121790.5
"(11, 330, np.float64(0.2))",3.0,0.20833333333333334,91768254.39166667,91169078.0
"(11, 330, np.float64(0.30000000000000004))",3.0,0.20833333333333334,92049267.3375,91476145.5
"(11, 330, np.float64(0.4))",3.0,0.20833333333333334,91956873.75833334,91532229.0
"(11, 330, np.float64(0.5))",3.0,0.20833333333333334,92270850.03541666,91978974.0
"(11, 330, np.float64(0.6))",3.0,0.20833333333333334,91215939.6625,91110509.5
"(11, 330, np.float64(0.7000000000000001))",3.0,0.21041666666666667,90885036.67708333,91264415.5
"(11, 330, np.float64(0.8))",3.0,0.22708333333333333,91808206.17083333,91473750.0
"(11, 330, np.float64(0.9))",3.0,0.020833333333333332,90530616.58333333,90503506.5
"(11, 340, np.float64(0.1))",3.0,0.20833333333333334,91225609.43958333,90807755.5
"(11, 340, np.float64(0.2))",3.0,0.20833333333333334,92212479.26458333,92023572.0
"(11, 340, np.float64(0.30000000000000004))",3.0,0.20833333333333334,91667004.39791666,91425940.5
"(11, 340, np.float64(0.4))",3.0,0.20833333333333334,91601342.68958333,91615337.0
"(11, 340, np.float64(0.5))",3.0,0.20833333333333334,91865388.70833333,91463587.0
"(11, 340, np.float64(0.6))",3.0,0.20833333333333334,91121347.80833334,90954121.5
"(11, 340, np.float64(0.7000000000000001))",3.0,0.21041666666666667,90736285.475,90298525.5
"(11, 340, np.float64(0.8))",3.0,0.22708333333333333,91167242.90416667,91395407.0
"(11, 340, np.float64(0.9))",3.0,0.020833333333333332,90479004.50625,90250190.0
"(11, 350, np.float64(0.1))",3.0,0.21041666666666667,91591164.99166666,91449212.5
"(11, 350, np.float64(0.2))",3.0,0.21041666666666667,91254029.70208333,91128028.0
"(11, 350, np.float64(0.30000000000000004))",3.0,0.21041666666666667,92053899.43541667,91962656.0
"(11, 350, np.float64(0.4))",3.0,0.21041666666666667,91853794.375,91456501.0
"(11, 350, np.float64(0.5))",3.0,0.21041666666666667,91373478.50625,90807180.0
"(11, 350, np.float64(0.6))",3.0,0.21041666666666667,91293276.49791667,90760474.0
"(11, 350, np.float64(0.7000000000000001))",3.0,0.2125,92027728.67291667,91439575.5
"(11, 350, np.float64(0.8))",3.0,0.22708333333333333,91035144.74583334,90952670.0
"(11, 350, np.float64(0.9))",3.0,0.020833333333333332,90727410.10625,90639639.0
"(11, 360, np.float64(0.1))",3.0,0.21041666666666667,92434905.73125,92312132.0
"(11, 360, np.float64(0.2))",3.0,0.21041666666666667,91434211.03541666,91412455.5
"(11, 360, np.float64(0.30000000000000004))",3.0,0.21041666666666667,91859837.95833333,91298366.5
"(11, 360, np.float64(0.4))",3.0,0.21041666666666667,91661404.64583333,91206469.0
"(11, 360, np.float64(0.5))",3.0,0.21041666666666667,91078450.4625,91096011.0
"(11, 360, np.float64(0.6))",3.0,0.21041666666666667,91393629.6875,91275454.5
"(11, 360, np.float64(0.7000000000000001))",3.0,0.2125,91128244.9625,90929209.0
"(11, 360, np.float64(0.8))",3.0,0.22708333333333333,91938359.96666667,91944111.5
"(11, 360, np.float64(0.9))",3.0,0.020833333333333332,90852256.57083334,90955217.0
"(11, 370, np.float64(0.1))",3.0,0.21041666666666667,91640030.7,91664281.0
"(11, 370, np.float64(0.2))",3.0,0.21041666666666667,92713689.84791666,92584421.5
"(11, 370, np.float64(0.30000000000000004))",3.0,0.21041666666666667,91361327.40208334,91260364.0
"(11, 370, np.float64(0.4))",3.0,0.21041666666666667,91692183.15208334,91033598.5
"(11, 370, np.float64(0.5))",3.0,0.21041666666666667,91513840.16458334,91382871.0
"(11, 370, np.float64(0.6))",3.0,0.21041666666666667,91665867.43333334,91406531.0
"(11, 370, np.float64(0.7000000000000001))",3.0,0.2125,91262681.78541666,91027850.0
"(11, 370, np.float64(0.8))",3.0,0.22708333333333333,91769476.05416666,91359606.0
"(11, 370, np.float64(0.9))",3.0,0.020833333333333332,91209911.26666667,91762353.0
"(11, 380, np.float64(0.1))",3.0,0.21041666666666667,91367253.34791666,90905425.0
"(11, 380, np.float64(0.2))",3.0,0.21041666666666667,91513036.9625,91499168.5
"(11, 380, np.float64(0.30000000000000004))",3.0,0.21041666666666667,92233514.95,92010944.0
"(11, 380, np.float64(0.4))",3.0,0.21041666666666667,91019734.38125,90795731.0
"(11, 380, np.float64(0.5))",3.0,0.21041666666666667,91437906.42083333,91091817.5
"(11, 380, np.float64(0.6))",3.0,0.21041666666666667,90979597.275,90401023.5
"(11, 380, np.float64(0.7000000000000001))",3.0,0.2125,91438171.99375,90851804.0
"(11, 380, np.float64(0.8))",3.0,0.22708333333333333,91326299.29166667,91051708.0
"(11, 380, np.float64(0.9))",3.0,0.020833333333333332,91472010.5375,90988876.0
"(11, 390, np.float64(0.1))",3.0,0.2125,92259896.40625,92314097.5
"(11, 390, np.float64(0.2))",3.0,0.2125,91465273.58333333,91027396.5
"(11, 390, np.float64(0.30000000000000004))",3.0,0.2125,91857495.97708334,91430544.5
"(11, 390, np.float64(0.4))",3.0,0.2125,90890177.34583333,90568217.5
"(11, 390, np.float64(0.5))",3.0,0.2125,92077467.58541666,91567542.5
"(11, 390, np.float64(0.6))",3.0,0.2125,91048257.39791666,90933440.5
"(11, 390, np.float64(0.7000000000000001))",3.0,0.21458333333333332,91042849.55833334,90937490.5
"(11, 390, np.float64(0.8))",3.0,0.22708333333333333,91267273.175,90602569.5
"(11, 390, np.float64(0.9))",3.0,0.020833333333333332,90629455.52708334,90109097.5
"(11, 400, np.float64(0.1))",3.0,0.2125,92652563.30625,92278967.0
"(11, 400, np.float64(0.2))",3.0,0.2125,91957401.35,91000914.0
"(11, 400, np.float64(0.30000000000000004))",3.0,0.2125,87326799.8625,85613414.5
"(11, 400, np.float64(0.4))",3.0,0.2125,86531691.17916666,85597215.0
"(11, 400, np.float64(0.5))",3.0,0.2125,85207981.26666667,84596429.5
"(11, 400, np.float64(0.6))",3.0,0.2125,85553617.45625,84857678.5
"(11, 400, np.float64(0.7000000000000001))",3.0,0.21458333333333332,84820055.17916666,83626072.0
"(11, 400, np.float64(0.8))",3.0,0.22708333333333333,82370952.69375,82051886.0
"(11, 400, np.float64(0.9))",3.0,0.020833333333333332,82075497.01458333,81909900.0
