,palette,loc,height,set,blobCount,closeEnough,count4,closeCount4,time,compareArr,points,path
0,custom,davids,high,A,5,TRUE,FALSE,FALSE,122559000,"['0.0', ' 1.0', ' 1.0', ' 1.0']","[0.0, 1.0, 1.0, 1.0, 885.641010793877]",custom_davids_high_A_0.jpg
1,custom,davids,high,A,5,TRUE,FALSE,FALSE,118452197,"['1.0', ' 1.0', ' 1.0', ' 2.23606797749979']","[1.0, 1.0, 1.0, 2.23606797749979, 906.5208216031224]",custom_davids_high_A_1.jpg
2,custom,davids,high,A,5,TRUE,FALSE,FALSE,116719450,"['0.0', ' 1.0', ' 1.0', ' 1.4142135623730951']","[0.0, 1.0, 1.0, 1.4142135623730951, 762.1679604916491]",custom_davids_high_A_2.jpg
3,custom,davids,high,A,4,TRUE,TRUE,TRUE,126987905,"['1.0', ' 1.4142135623730951', ' 2.0', ' 2.23606797749979']","[1.0, 1.4142135623730951, 2.0, 2.23606797749979]",custom_davids_high_A_3.jpg
4,custom,davids,high,A,4,TRUE,TRUE,TRUE,121398044,"['1.0', ' 1.0', ' 1.4142135623730951', ' 2.0']","[1.0, 1.0, 1.4142135623730951, 2.0]",custom_davids_high_A_4.jpg
5,custom,davids,high,B,4,TRUE,TRUE,TRUE,120236337,"['1.0', ' 1.0', ' 2.23606797749979', ' 3.1622776601683795']","[1.0, 1.0, 2.23606797749979, 3.1622776601683795]",custom_davids_high_B_0.jpg
6,custom,davids,high,B,2,TRUE,FALSE,FALSE,122626988,"['0.0', ' 1.0']","[0.0, 1.0]",custom_davids_high_B_1.jpg
7,custom,davids,high,B,4,TRUE,TRUE,TRUE,119415889,"['0.0', ' 1.0', ' 1.4142135623730951', ' 2.0']","[0.0, 1.0, 1.4142135623730951, 2.0]",custom_davids_high_B_2.jpg
8,custom,davids,high,B,4,TRUE,TRUE,TRUE,115689789,"['1.0', ' 1.4142135623730951', ' 1.4142135623730951', ' 2.0']","[1.0, 1.4142135623730951, 1.4142135623730951, 2.0]",custom_davids_high_B_3.jpg
9,custom,davids,high,B,4,FALSE,TRUE,FALSE,108527647,"['1.0', ' 2.0', ' 6.0', ' 8.94427190999916']","[1.0, 2.0, 6.0, 8.94427190999916]",custom_davids_high_B_4.jpg
10,custom,davids,high,C,2,TRUE,FALSE,FALSE,107017013,"['1.4142135623730951', ' 2.23606797749979']","[1.4142135623730951, 2.23606797749979]",custom_davids_high_C_0.jpg
11,custom,davids,high,C,2,TRUE,FALSE,FALSE,120503389,"['0.0', ' 3.1622776601683795']","[0.0, 3.1622776601683795]",custom_davids_high_C_1.jpg
12,custom,davids,high,C,2,TRUE,FALSE,FALSE,115629687,"['0.0', ' 1.0']","[0.0, 1.0]",custom_davids_high_C_2.jpg
13,custom,davids,high,C,2,TRUE,FALSE,FALSE,112995312,"['1.0', ' 1.4142135623730951']","[1.0, 1.4142135623730951]",custom_davids_high_C_3.jpg
14,custom,davids,high,C,2,TRUE,FALSE,FALSE,107054004,"['1.4142135623730951', ' 2.0']","[1.4142135623730951, 2.0]",custom_davids_high_C_4.jpg
15,custom,davids,high,D,4,TRUE,TRUE,TRUE,110502169,"['1.4142135623730951', ' 1.4142135623730951', ' 1.4142135623730951', ' 2.23606797749979']","[1.4142135623730951, 1.4142135623730951, 1.4142135623730951, 2.23606797749979]",custom_davids_high_D_0.jpg
16,custom,davids,high,D,4,TRUE,TRUE,TRUE,117842882,"['0.0', ' 1.0', ' 1.0', ' 1.4142135623730951']","[0.0, 1.0, 1.0, 1.4142135623730951]",custom_davids_high_D_1.jpg
17,custom,davids,high,D,5,TRUE,FALSE,FALSE,118748886,"['1.0', ' 1.4142135623730951', ' 2.23606797749979', ' 2.23606797749979']","[1.0, 1.4142135623730951, 2.23606797749979, 2.23606797749979, 438.8576078866584]",custom_davids_high_D_2.jpg
18,custom,davids,high,D,5,TRUE,FALSE,FALSE,117406969,"['0.0', ' 1.0', ' 1.0', ' 1.4142135623730951']","[0.0, 1.0, 1.0, 1.4142135623730951, 356.4056677439347]",custom_davids_high_D_3.jpg
19,custom,davids,high,D,4,TRUE,TRUE,TRUE,108164811,"['1.0', ' 1.0', ' 2.0', ' 2.23606797749979']","[1.0, 1.0, 2.0, 2.23606797749979]",custom_davids_high_D_4.jpg
20,custom,davids,medium,A,4,TRUE,TRUE,TRUE,111209578,"['1.0', ' 1.0', ' 1.0', ' 1.0']","[1.0, 1.0, 1.0, 1.0]",custom_davids_medium_A_0.jpg
21,custom,davids,medium,A,4,TRUE,TRUE,TRUE,111931180,"['1.0', ' 2.0', ' 2.0', ' 2.23606797749979']","[1.0, 2.0, 2.0, 2.23606797749979]",custom_davids_medium_A_1.jpg
22,custom,davids,medium,A,3,TRUE,FALSE,FALSE,113600402,"['1.4142135623730951', ' 1.4142135623730951', ' 2.23606797749979']","[1.4142135623730951, 1.4142135623730951, 2.23606797749979]",custom_davids_medium_A_2.jpg
23,custom,davids,medium,A,2,TRUE,FALSE,FALSE,122270130,"['1.4142135623730951', ' 1.4142135623730951']","[1.4142135623730951, 1.4142135623730951]",custom_davids_medium_A_3.jpg
24,custom,davids,medium,A,1,TRUE,FALSE,FALSE,111485545,['2.0'],[2.0],custom_davids_medium_A_4.jpg
25,custom,davids,medium,B,4,TRUE,TRUE,TRUE,109198736,"['0.0', ' 0.0', ' 2.23606797749979', ' 2.23606797749979']","[0.0, 0.0, 2.23606797749979, 2.23606797749979]",custom_davids_medium_B_0.jpg
26,custom,davids,medium,B,4,TRUE,TRUE,TRUE,118904727,"['0.0', ' 0.0', ' 1.4142135623730951', ' 2.23606797749979']","[0.0, 0.0, 1.4142135623730951, 2.23606797749979]",custom_davids_medium_B_1.jpg
27,custom,davids,medium,B,5,TRUE,FALSE,FALSE,117980441,"['0.0', ' 1.0', ' 1.0', ' 1.0']","[0.0, 1.0, 1.0, 1.0, 510.0480369533834]",custom_davids_medium_B_2.jpg
28,custom,davids,medium,B,4,TRUE,TRUE,TRUE,117448535,"['0.0', ' 0.0', ' 1.0', ' 1.4142135623730951']","[0.0, 0.0, 1.0, 1.4142135623730951]",custom_davids_medium_B_3.jpg
29,custom,davids,medium,B,4,TRUE,TRUE,TRUE,105925017,"['0.0', ' 1.0', ' 1.0', ' 1.0']","[0.0, 1.0, 1.0, 1.0]",custom_davids_medium_B_4.jpg
30,custom,davids,medium,C,3,FALSE,FALSE,FALSE,114291479,"['1.0', ' 1.4142135623730951', ' 565.7923647416957']","[1.0, 1.4142135623730951, 565.7923647416957]",custom_davids_medium_C_0.jpg
31,custom,davids,medium,C,2,TRUE,FALSE,FALSE,105683070,"['1.0', ' 2.23606797749979']","[1.0, 2.23606797749979]",custom_davids_medium_C_1.jpg
32,custom,davids,medium,C,2,TRUE,FALSE,FALSE,109943851,"['0.0', ' 1.0']","[0.0, 1.0]",custom_davids_medium_C_2.jpg
33,custom,davids,medium,C,1,TRUE,FALSE,FALSE,110031999,['2.23606797749979'],[2.23606797749979],custom_davids_medium_C_3.jpg
34,custom,davids,medium,C,1,TRUE,FALSE,FALSE,105293844,['1.4142135623730951'],[1.4142135623730951],custom_davids_medium_C_4.jpg
35,custom,davids,medium,D,3,FALSE,FALSE,FALSE,109105131,"['1.4142135623730951', ' 2.23606797749979', ' 211.14213222377006']","[1.4142135623730951, 2.23606797749979, 211.14213222377006]",custom_davids_medium_D_0.jpg
36,custom,davids,medium,D,4,FALSE,TRUE,FALSE,114987131,"['1.0', ' 2.23606797749979', ' 2.23606797749979', ' 210.23082552280482']","[1.0, 2.23606797749979, 2.23606797749979, 210.23082552280482]",custom_davids_medium_D_1.jpg
37,custom,davids,medium,D,4,TRUE,TRUE,TRUE,113030553,"['1.0', ' 1.0', ' 1.4142135623730951', ' 3.0']","[1.0, 1.0, 1.4142135623730951, 3.0]",custom_davids_medium_D_2.jpg
38,custom,davids,medium,D,4,TRUE,TRUE,TRUE,116527841,"['1.0', ' 1.0', ' 1.0', ' 2.23606797749979']","[1.0, 1.0, 1.0, 2.23606797749979]",custom_davids_medium_D_3.jpg
39,custom,davids,medium,D,4,TRUE,TRUE,TRUE,109821555,"['0.0', ' 0.0', ' 1.0', ' 2.0']","[0.0, 0.0, 1.0, 2.0]",custom_davids_medium_D_4.jpg
40,custom,davids,short,A,4,TRUE,TRUE,TRUE,113490996,"['1.0', ' 1.0', ' 2.23606797749979', ' 2.23606797749979']","[1.0, 1.0, 2.23606797749979, 2.23606797749979]",custom_davids_short_A_0.jpg
41,custom,davids,short,A,4,TRUE,TRUE,TRUE,117061322,"['1.0', ' 1.0', ' 2.0', ' 2.23606797749979']","[1.0, 1.0, 2.0, 2.23606797749979]",custom_davids_short_A_1.jpg
42,custom,davids,short,A,3,TRUE,FALSE,FALSE,115905772,"['1.0', ' 1.0', ' 3.1622776601683795']","[1.0, 1.0, 3.1622776601683795]",custom_davids_short_A_2.jpg
43,custom,davids,short,A,1,TRUE,FALSE,FALSE,114129173,['0.0'],[0.0],custom_davids_short_A_3.jpg
44,custom,davids,short,A,3,FALSE,FALSE,FALSE,111495643,"['0.0', ' 2.8284271247461903', ' 10.198039027185569']","[0.0, 2.8284271247461903, 10.198039027185569]",custom_davids_short_A_4.jpg
45,custom,davids,short,B,7,TRUE,FALSE,FALSE,118974986,"['1.0', ' 1.4142135623730951', ' 1.4142135623730951', ' 3.0']","[1.0, 1.4142135623730951, 1.4142135623730951, 3.0, 318.7789202566569, 334.4846782739084, 356.6791275081849]",custom_davids_short_B_0.jpg
46,custom,davids,short,B,3,TRUE,FALSE,FALSE,131861644,"['0.0', ' 1.0', ' 2.23606797749979']","[0.0, 1.0, 2.23606797749979]",custom_davids_short_B_1.jpg
47,custom,davids,short,B,2,TRUE,FALSE,FALSE,125065320,"['1.0', ' 2.23606797749979']","[1.0, 2.23606797749979]",custom_davids_short_B_2.jpg
48,custom,davids,short,B,2,TRUE,FALSE,FALSE,119663180,"['1.0', ' 2.0']","[1.0, 2.0]",custom_davids_short_B_3.jpg
49,custom,davids,short,B,3,TRUE,FALSE,FALSE,113743169,"['1.0', ' 1.0', ' 2.0']","[1.0, 1.0, 2.0]",custom_davids_short_B_4.jpg
50,custom,davids,short,C,1,TRUE,FALSE,FALSE,116523645,['1.0'],[1.0],custom_davids_short_C_0.jpg
51,custom,davids,short,C,2,TRUE,FALSE,FALSE,112604612,"['1.4142135623730951', ' 2.0']","[1.4142135623730951, 2.0]",custom_davids_short_C_1.jpg
52,custom,davids,short,C,2,FALSE,FALSE,FALSE,112697777,"['1.0', ' 288.1700886629284']","[1.0, 288.1700886629284]",custom_davids_short_C_2.jpg
53,custom,davids,short,C,2,TRUE,FALSE,FALSE,107480985,"['0.0', ' 1.4142135623730951']","[0.0, 1.4142135623730951]",custom_davids_short_C_3.jpg
54,custom,davids,short,C,2,TRUE,FALSE,FALSE,112315833,"['0.0', ' 2.0']","[0.0, 2.0]",custom_davids_short_C_4.jpg
55,custom,davids,short,D,3,TRUE,FALSE,FALSE,117741387,"['0.0', ' 1.0', ' 1.4142135623730951']","[0.0, 1.0, 1.4142135623730951]",custom_davids_short_D_0.jpg
56,custom,davids,short,D,3,TRUE,FALSE,FALSE,132694628,"['0.0', ' 1.0', ' 2.23606797749979']","[0.0, 1.0, 2.23606797749979]",custom_davids_short_D_1.jpg
57,custom,davids,short,D,4,TRUE,TRUE,TRUE,123478813,"['0.0', ' 0.0', ' 1.0', ' 4.123105625617661']","[0.0, 0.0, 1.0, 4.123105625617661]",custom_davids_short_D_2.jpg
58,custom,davids,short,D,3,TRUE,FALSE,FALSE,117162724,"['0.0', ' 1.0', ' 2.0']","[0.0, 1.0, 2.0]",custom_davids_short_D_3.jpg
59,custom,davids,short,D,3,FALSE,FALSE,FALSE,111185119,"['1.0', ' 1.0', ' 6.0']","[1.0, 1.0, 6.0]",custom_davids_short_D_4.jpg
60,custom,jack_cole,high,A,4,TRUE,TRUE,TRUE,113764358,"['0.0', ' 1.0', ' 1.4142135623730951', ' 2.23606797749979']","[0.0, 1.0, 1.4142135623730951, 2.23606797749979]",custom_jack_cole_high_A_0.jpg
61,custom,jack_cole,high,A,4,TRUE,TRUE,TRUE,112219591,"['0.0', ' 1.0', ' 1.0', ' 2.23606797749979']","[0.0, 1.0, 1.0, 2.23606797749979]",custom_jack_cole_high_A_1.jpg
62,custom,jack_cole,high,A,4,TRUE,TRUE,TRUE,113051650,"['1.4142135623730951', ' 1.4142135623730951', ' 2.0', ' 2.23606797749979']","[1.4142135623730951, 1.4142135623730951, 2.0, 2.23606797749979]",custom_jack_cole_high_A_2.jpg
63,custom,jack_cole,high,A,4,TRUE,TRUE,TRUE,109511373,"['1.0', ' 1.0', ' 1.0', ' 1.4142135623730951']","[1.0, 1.0, 1.0, 1.4142135623730951]",custom_jack_cole_high_A_3.jpg
64,custom,jack_cole,high,A,4,TRUE,TRUE,TRUE,112262039,"['0.0', ' 1.0', ' 2.23606797749979', ' 2.23606797749979']","[0.0, 1.0, 2.23606797749979, 2.23606797749979]",custom_jack_cole_high_A_4.jpg
65,custom,jack_cole,high,B,4,TRUE,TRUE,TRUE,113937591,"['1.0', ' 1.0', ' 1.4142135623730951', ' 2.0']","[1.0, 1.0, 1.4142135623730951, 2.0]",custom_jack_cole_high_B_0.jpg
66,custom,jack_cole,high,B,4,TRUE,TRUE,TRUE,111027653,"['1.0', ' 1.4142135623730951', ' 1.4142135623730951', ' 1.4142135623730951']","[1.0, 1.4142135623730951, 1.4142135623730951, 1.4142135623730951]",custom_jack_cole_high_B_1.jpg
67,custom,jack_cole,high,B,4,TRUE,TRUE,TRUE,111743179,"['1.0', ' 1.4142135623730951', ' 2.23606797749979', ' 2.23606797749979']","[1.0, 1.4142135623730951, 2.23606797749979, 2.23606797749979]",custom_jack_cole_high_B_2.jpg
68,custom,jack_cole,high,B,4,TRUE,TRUE,TRUE,117613738,"['0.0', ' 1.0', ' 1.0', ' 1.4142135623730951']","[0.0, 1.0, 1.0, 1.4142135623730951]",custom_jack_cole_high_B_3.jpg
69,custom,jack_cole,high,B,4,TRUE,TRUE,TRUE,109812336,"['1.0', ' 1.0', ' 1.0', ' 1.0']","[1.0, 1.0, 1.0, 1.0]",custom_jack_cole_high_B_4.jpg
70,custom,jack_cole,high,C,2,TRUE,FALSE,FALSE,109761856,"['1.4142135623730951', ' 2.0']","[1.4142135623730951, 2.0]",custom_jack_cole_high_C_0.jpg
71,custom,jack_cole,high,C,2,TRUE,FALSE,FALSE,111009299,"['1.0', ' 1.0']","[1.0, 1.0]",custom_jack_cole_high_C_1.jpg
72,custom,jack_cole,high,C,3,FALSE,FALSE,FALSE,109056079,"['0.0', ' 1.0', ' 732.002732235338']","[0.0, 1.0, 732.002732235338]",custom_jack_cole_high_C_2.jpg
73,custom,jack_cole,high,C,2,TRUE,FALSE,FALSE,110272008,"['1.0', ' 1.4142135623730951']","[1.0, 1.4142135623730951]",custom_jack_cole_high_C_3.jpg
74,custom,jack_cole,high,C,1,TRUE,FALSE,FALSE,108514234,['1.4142135623730951'],[1.4142135623730951],custom_jack_cole_high_C_4.jpg
75,custom,jack_cole,high,D,4,TRUE,TRUE,TRUE,106746888,"['1.4142135623730951', ' 2.0', ' 2.23606797749979', ' 2.23606797749979']","[1.4142135623730951, 2.0, 2.23606797749979, 2.23606797749979]",custom_jack_cole_high_D_0.jpg
76,custom,jack_cole,high,D,3,TRUE,FALSE,FALSE,106293158,"['1.0', ' 1.0', ' 1.4142135623730951']","[1.0, 1.0, 1.4142135623730951]",custom_jack_cole_high_D_1.jpg
77,custom,jack_cole,high,D,3,TRUE,FALSE,FALSE,115217432,"['1.0', ' 1.4142135623730951', ' 3.605551275463989']","[1.0, 1.4142135623730951, 3.605551275463989]",custom_jack_cole_high_D_2.jpg
78,custom,jack_cole,high,D,4,FALSE,TRUE,FALSE,118397467,"['1.0', ' 1.4142135623730951', ' 2.0', ' 8.54400374531753']","[1.0, 1.4142135623730951, 2.0, 8.54400374531753]",custom_jack_cole_high_D_3.jpg
79,custom,jack_cole,high,D,4,TRUE,TRUE,TRUE,109553223,"['1.0', ' 1.0', ' 1.4142135623730951', ' 2.0']","[1.0, 1.0, 1.4142135623730951, 2.0]",custom_jack_cole_high_D_4.jpg
80,custom,jack_cole,medium,A,4,TRUE,TRUE,TRUE,104513600,"['1.0', ' 1.0', ' 1.4142135623730951', ' 2.0']","[1.0, 1.0, 1.4142135623730951, 2.0]",custom_jack_cole_medium_A_0.jpg
81,custom,jack_cole,medium,A,4,TRUE,TRUE,TRUE,111631588,"['1.0', ' 1.4142135623730951', ' 2.23606797749979', ' 3.0']","[1.0, 1.4142135623730951, 2.23606797749979, 3.0]",custom_jack_cole_medium_A_1.jpg
82,custom,jack_cole,medium,A,4,TRUE,TRUE,TRUE,109384623,"['1.0', ' 1.0', ' 1.0', ' 1.4142135623730951']","[1.0, 1.0, 1.0, 1.4142135623730951]",custom_jack_cole_medium_A_2.jpg
83,custom,jack_cole,medium,A,4,TRUE,TRUE,TRUE,118408597,"['0.0', ' 0.0', ' 1.4142135623730951', ' 2.23606797749979']","[0.0, 0.0, 1.4142135623730951, 2.23606797749979]",custom_jack_cole_medium_A_3.jpg
84,custom,jack_cole,medium,A,4,TRUE,TRUE,TRUE,105987445,"['1.0', ' 1.4142135623730951', ' 1.4142135623730951', ' 2.0']","[1.0, 1.4142135623730951, 1.4142135623730951, 2.0]",custom_jack_cole_medium_A_4.jpg
85,custom,jack_cole,medium,B,4,TRUE,TRUE,TRUE,105129179,"['1.0', ' 1.0', ' 1.4142135623730951', ' 1.4142135623730951']","[1.0, 1.0, 1.4142135623730951, 1.4142135623730951]",custom_jack_cole_medium_B_0.jpg
86,custom,jack_cole,medium,B,4,TRUE,TRUE,TRUE,105562705,"['0.0', ' 1.0', ' 2.23606797749979', ' 2.23606797749979']","[0.0, 1.0, 2.23606797749979, 2.23606797749979]",custom_jack_cole_medium_B_1.jpg
87,custom,jack_cole,medium,B,4,TRUE,TRUE,TRUE,114048581,"['1.0', ' 2.0', ' 2.0', ' 2.23606797749979']","[1.0, 2.0, 2.0, 2.23606797749979]",custom_jack_cole_medium_B_2.jpg
88,custom,jack_cole,medium,B,4,TRUE,TRUE,TRUE,110147425,"['1.4142135623730951', ' 2.23606797749979', ' 2.23606797749979', ' 3.0']","[1.4142135623730951, 2.23606797749979, 2.23606797749979, 3.0]",custom_jack_cole_medium_B_3.jpg
89,custom,jack_cole,medium,B,4,FALSE,TRUE,FALSE,109304885,"['0.0', ' 1.0', ' 3.1622776601683795', ' 6.0']","[0.0, 1.0, 3.1622776601683795, 6.0]",custom_jack_cole_medium_B_4.jpg
90,custom,jack_cole,medium,C,1,TRUE,FALSE,FALSE,111607282,['1.4142135623730951'],[1.4142135623730951],custom_jack_cole_medium_C_0.jpg
91,custom,jack_cole,medium,C,2,TRUE,FALSE,FALSE,110094194,"['0.0', ' 4.0']","[0.0, 4.0]",custom_jack_cole_medium_C_1.jpg
92,custom,jack_cole,medium,C,2,TRUE,FALSE,FALSE,114976934,"['2.0', ' 4.123105625617661']","[2.0, 4.123105625617661]",custom_jack_cole_medium_C_2.jpg
93,custom,jack_cole,medium,C,3,FALSE,FALSE,FALSE,114707657,"['2.23606797749979', ' 3.605551275463989', ' 609.3808333054134']","[2.23606797749979, 3.605551275463989, 609.3808333054134]",custom_jack_cole_medium_C_3.jpg
94,custom,jack_cole,medium,C,2,TRUE,FALSE,FALSE,109277625,"['2.23606797749979', ' 2.8284271247461903']","[2.23606797749979, 2.8284271247461903]",custom_jack_cole_medium_C_4.jpg
95,custom,jack_cole,medium,D,4,TRUE,TRUE,TRUE,107982506,"['2.0', ' 2.0', ' 2.23606797749979', ' 3.0']","[2.0, 2.0, 2.23606797749979, 3.0]",custom_jack_cole_medium_D_0.jpg
96,custom,jack_cole,medium,D,4,TRUE,TRUE,TRUE,117911905,"['0.0', ' 1.0', ' 1.0', ' 2.0']","[0.0, 1.0, 1.0, 2.0]",custom_jack_cole_medium_D_1.jpg
97,custom,jack_cole,medium,D,4,TRUE,TRUE,TRUE,113533313,"['1.0', ' 1.0', ' 1.4142135623730951', ' 2.0']","[1.0, 1.0, 1.4142135623730951, 2.0]",custom_jack_cole_medium_D_2.jpg
98,custom,jack_cole,medium,D,4,TRUE,TRUE,TRUE,115718793,"['1.0', ' 1.4142135623730951', ' 1.4142135623730951', ' 2.23606797749979']","[1.0, 1.4142135623730951, 1.4142135623730951, 2.23606797749979]",custom_jack_cole_medium_D_3.jpg
99,custom,jack_cole,medium,D,4,TRUE,TRUE,TRUE,105532329,"['1.0', ' 1.4142135623730951', ' 2.23606797749979', ' 4.47213595499958']","[1.0, 1.4142135623730951, 2.23606797749979, 4.47213595499958]",custom_jack_cole_medium_D_4.jpg
100,custom,jack_cole,short,A,4,TRUE,TRUE,TRUE,112828089,"['1.0', ' 2.23606797749979', ' 3.1622776601683795', ' 3.605551275463989']","[1.0, 2.23606797749979, 3.1622776601683795, 3.605551275463989]",custom_jack_cole_short_A_0.jpg
101,custom,jack_cole,short,A,4,TRUE,TRUE,TRUE,113650453,"['2.23606797749979', ' 2.23606797749979', ' 3.0', ' 3.0']","[2.23606797749979, 2.23606797749979, 3.0, 3.0]",custom_jack_cole_short_A_1.jpg
102,custom,jack_cole,short,A,4,TRUE,TRUE,TRUE,114775498,"['1.0', ' 1.0', ' 1.0', ' 1.4142135623730951']","[1.0, 1.0, 1.0, 1.4142135623730951]",custom_jack_cole_short_A_2.jpg
103,custom,jack_cole,short,A,5,TRUE,FALSE,FALSE,115081398,"['1.4142135623730951', ' 1.4142135623730951', ' 2.8284271247461903', ' 3.1622776601683795']","[1.4142135623730951, 1.4142135623730951, 2.8284271247461903, 3.1622776601683795, 373.1621631409058]",custom_jack_cole_short_A_3.jpg
104,custom,jack_cole,short,A,4,TRUE,TRUE,TRUE,108464406,"['2.23606797749979', ' 2.23606797749979', ' 2.8284271247461903', ' 4.242640687119285']","[2.23606797749979, 2.23606797749979, 2.8284271247461903, 4.242640687119285]",custom_jack_cole_short_A_4.jpg
105,custom,jack_cole,short,B,4,TRUE,TRUE,TRUE,112335345,"['0.0', ' 1.0', ' 1.4142135623730951', ' 2.0']","[0.0, 1.0, 1.4142135623730951, 2.0]",custom_jack_cole_short_B_0.jpg
106,custom,jack_cole,short,B,5,TRUE,FALSE,FALSE,117120053,"['1.0', ' 1.0', ' 1.0', ' 2.0']","[1.0, 1.0, 1.0, 2.0, 523.2150609453057]",custom_jack_cole_short_B_1.jpg
107,custom,jack_cole,short,B,4,TRUE,TRUE,TRUE,113108657,"['1.0', ' 1.4142135623730951', ' 2.0', ' 2.0']","[1.0, 1.4142135623730951, 2.0, 2.0]",custom_jack_cole_short_B_2.jpg
108,custom,jack_cole,short,B,4,TRUE,TRUE,TRUE,106598377,"['0.0', ' 1.4142135623730951', ' 2.0', ' 2.0']","[0.0, 1.4142135623730951, 2.0, 2.0]",custom_jack_cole_short_B_3.jpg
109,custom,jack_cole,short,B,4,TRUE,TRUE,TRUE,107137311,"['0.0', ' 1.4142135623730951', ' 2.23606797749979', ' 2.23606797749979']","[0.0, 1.4142135623730951, 2.23606797749979, 2.23606797749979]",custom_jack_cole_short_B_4.jpg
110,custom,jack_cole,short,C,2,TRUE,FALSE,FALSE,108269876,"['1.0', ' 2.23606797749979']","[1.0, 2.23606797749979]",custom_jack_cole_short_C_0.jpg
111,custom,jack_cole,short,C,2,TRUE,FALSE,FALSE,119690481,"['2.23606797749979', ' 3.0']","[2.23606797749979, 3.0]",custom_jack_cole_short_C_1.jpg
112,custom,jack_cole,short,C,2,TRUE,FALSE,FALSE,119779984,"['1.0', ' 2.0']","[1.0, 2.0]",custom_jack_cole_short_C_2.jpg
113,custom,jack_cole,short,C,2,TRUE,FALSE,FALSE,112610770,"['2.23606797749979', ' 2.23606797749979']","[2.23606797749979, 2.23606797749979]",custom_jack_cole_short_C_3.jpg
114,custom,jack_cole,short,C,2,TRUE,FALSE,FALSE,106941974,"['2.8284271247461903', ' 4.123105625617661']","[2.8284271247461903, 4.123105625617661]",custom_jack_cole_short_C_4.jpg
115,custom,jack_cole,short,D,4,TRUE,TRUE,TRUE,109451061,"['0.0', ' 1.4142135623730951', ' 2.0', ' 2.23606797749979']","[0.0, 1.4142135623730951, 2.0, 2.23606797749979]",custom_jack_cole_short_D_0.jpg
116,custom,jack_cole,short,D,4,TRUE,TRUE,TRUE,108896882,"['0.0', ' 1.4142135623730951', ' 2.23606797749979', ' 3.1622776601683795']","[0.0, 1.4142135623730951, 2.23606797749979, 3.1622776601683795]",custom_jack_cole_short_D_1.jpg
117,custom,jack_cole,short,D,4,TRUE,TRUE,TRUE,113609438,"['1.0', ' 1.0', ' 1.0', ' 1.4142135623730951']","[1.0, 1.0, 1.0, 1.4142135623730951]",custom_jack_cole_short_D_2.jpg
118,custom,jack_cole,short,D,4,TRUE,TRUE,TRUE,110011601,"['0.0', ' 2.23606797749979', ' 2.23606797749979', ' 3.1622776601683795']","[0.0, 2.23606797749979, 2.23606797749979, 3.1622776601683795]",custom_jack_cole_short_D_3.jpg
119,custom,jack_cole,short,D,4,TRUE,TRUE,TRUE,107123867,"['2.0', ' 2.23606797749979', ' 2.8284271247461903', ' 2.8284271247461903']","[2.0, 2.23606797749979, 2.8284271247461903, 2.8284271247461903]",custom_jack_cole_short_D_4.jpg
120,custom,john_honey,high,A,4,TRUE,TRUE,TRUE,114056254,"['1.0', ' 1.0', ' 3.1622776601683795', ' 3.1622776601683795']","[1.0, 1.0, 3.1622776601683795, 3.1622776601683795]",custom_john_honey_high_A_0.jpg
121,custom,john_honey,high,A,2,FALSE,FALSE,FALSE,115772336,"['1.4142135623730951', ' 5.0']","[1.4142135623730951, 5.0]",custom_john_honey_high_A_1.jpg
122,custom,john_honey,high,A,4,TRUE,TRUE,TRUE,116422063,"['0.0', ' 1.0', ' 1.4142135623730951', ' 1.4142135623730951']","[0.0, 1.0, 1.4142135623730951, 1.4142135623730951]",custom_john_honey_high_A_2.jpg
123,custom,john_honey,high,A,5,TRUE,FALSE,FALSE,116808446,"['0.0', ' 1.4142135623730951', ' 2.23606797749979', ' 2.8284271247461903']","[0.0, 1.4142135623730951, 2.23606797749979, 2.8284271247461903, 266.18038996139444]",custom_john_honey_high_A_3.jpg
124,custom,john_honey,high,A,4,TRUE,TRUE,TRUE,107877148,"['1.0', ' 1.0', ' 1.4142135623730951', ' 1.4142135623730951']","[1.0, 1.0, 1.4142135623730951, 1.4142135623730951]",custom_john_honey_high_A_4.jpg
125,custom,john_honey,high,B,3,TRUE,FALSE,FALSE,111637819,"['1.0', ' 1.0', ' 2.0']","[1.0, 1.0, 2.0]",custom_john_honey_high_B_0.jpg
126,custom,john_honey,high,B,3,TRUE,FALSE,FALSE,114003267,"['0.0', ' 1.0', ' 1.4142135623730951']","[0.0, 1.0, 1.4142135623730951]",custom_john_honey_high_B_1.jpg
127,custom,john_honey,high,B,3,FALSE,FALSE,FALSE,111141559,"['1.0', ' 2.0', ' 5.0']","[1.0, 2.0, 5.0]",custom_john_honey_high_B_2.jpg
128,custom,john_honey,high,B,3,TRUE,FALSE,FALSE,113804944,"['1.4142135623730951', ' 2.0', ' 3.0']","[1.4142135623730951, 2.0, 3.0]",custom_john_honey_high_B_3.jpg
129,custom,john_honey,high,B,3,TRUE,FALSE,FALSE,112068819,"['0.0', ' 1.0', ' 1.4142135623730951']","[0.0, 1.0, 1.4142135623730951]",custom_john_honey_high_B_4.jpg
130,custom,john_honey,high,C,2,TRUE,FALSE,FALSE,111752789,"['1.0', ' 1.0']","[1.0, 1.0]",custom_john_honey_high_C_0.jpg
131,custom,john_honey,high,C,2,FALSE,FALSE,FALSE,114467755,"['1.4142135623730951', ' 5.830951894845301']","[1.4142135623730951, 5.830951894845301]",custom_john_honey_high_C_1.jpg
132,custom,john_honey,high,C,2,TRUE,FALSE,FALSE,117666636,"['0.0', ' 1.0']","[0.0, 1.0]",custom_john_honey_high_C_2.jpg
133,custom,john_honey,high,C,1,TRUE,FALSE,FALSE,112510569,['1.0'],[1.0],custom_john_honey_high_C_3.jpg
134,custom,john_honey,high,C,2,TRUE,FALSE,FALSE,107563411,"['1.0', ' 1.4142135623730951']","[1.0, 1.4142135623730951]",custom_john_honey_high_C_4.jpg
135,custom,john_honey,high,D,4,TRUE,TRUE,TRUE,112087823,"['1.0', ' 1.0', ' 1.4142135623730951', ' 2.8284271247461903']","[1.0, 1.0, 1.4142135623730951, 2.8284271247461903]",custom_john_honey_high_D_0.jpg
136,custom,john_honey,high,D,4,TRUE,TRUE,TRUE,119137545,"['1.0', ' 1.0', ' 1.4142135623730951', ' 2.23606797749979']","[1.0, 1.0, 1.4142135623730951, 2.23606797749979]",custom_john_honey_high_D_1.jpg
137,custom,john_honey,high,D,4,TRUE,TRUE,TRUE,116229070,"['0.0', ' 1.4142135623730951', ' 2.0', ' 2.0']","[0.0, 1.4142135623730951, 2.0, 2.0]",custom_john_honey_high_D_2.jpg
138,custom,john_honey,high,D,4,TRUE,TRUE,TRUE,111518677,"['1.0', ' 1.0', ' 1.4142135623730951', ' 1.4142135623730951']","[1.0, 1.0, 1.4142135623730951, 1.4142135623730951]",custom_john_honey_high_D_3.jpg
139,custom,john_honey,high,D,4,TRUE,TRUE,TRUE,111632210,"['1.0', ' 1.0', ' 2.0', ' 2.23606797749979']","[1.0, 1.0, 2.0, 2.23606797749979]",custom_john_honey_high_D_4.jpg
140,custom,john_honey,medium,A,4,TRUE,TRUE,TRUE,115883160,"['0.0', ' 1.0', ' 1.0', ' 1.4142135623730951']","[0.0, 1.0, 1.0, 1.4142135623730951]",custom_john_honey_medium_A_0.jpg
141,custom,john_honey,medium,A,4,TRUE,TRUE,TRUE,119362444,"['0.0', ' 1.0', ' 1.0', ' 1.4142135623730951']","[0.0, 1.0, 1.0, 1.4142135623730951]",custom_john_honey_medium_A_1.jpg
142,custom,john_honey,medium,A,4,TRUE,TRUE,TRUE,115160484,"['0.0', ' 1.0', ' 1.0', ' 1.4142135623730951']","[0.0, 1.0, 1.0, 1.4142135623730951]",custom_john_honey_medium_A_2.jpg
143,custom,john_honey,medium,A,5,TRUE,FALSE,FALSE,117324736,"['1.0', ' 1.4142135623730951', ' 1.4142135623730951', ' 2.0']","[1.0, 1.4142135623730951, 1.4142135623730951, 2.0, 396.92064698123227]",custom_john_honey_medium_A_3.jpg
144,custom,john_honey,medium,A,4,TRUE,TRUE,TRUE,114472076,"['1.0', ' 1.0', ' 1.4142135623730951', ' 1.4142135623730951']","[1.0, 1.0, 1.4142135623730951, 1.4142135623730951]",custom_john_honey_medium_A_4.jpg
145,custom,john_honey,medium,B,4,TRUE,TRUE,TRUE,120029769,"['1.0', ' 1.0', ' 1.4142135623730951', ' 4.0']","[1.0, 1.0, 1.4142135623730951, 4.0]",custom_john_honey_medium_B_0.jpg
146,custom,john_honey,medium,B,4,TRUE,TRUE,TRUE,116256992,"['1.0', ' 1.0', ' 2.23606797749979', ' 4.123105625617661']","[1.0, 1.0, 2.23606797749979, 4.123105625617661]",custom_john_honey_medium_B_1.jpg
147,custom,john_honey,medium,B,4,TRUE,TRUE,TRUE,115686181,"['0.0', ' 1.4142135623730951', ' 2.23606797749979', ' 3.605551275463989']","[0.0, 1.4142135623730951, 2.23606797749979, 3.605551275463989]",custom_john_honey_medium_B_2.jpg
148,custom,john_honey,medium,B,4,TRUE,TRUE,TRUE,117844317,"['1.0', ' 1.0', ' 2.0', ' 2.8284271247461903']","[1.0, 1.0, 2.0, 2.8284271247461903]",custom_john_honey_medium_B_3.jpg
149,custom,john_honey,medium,B,4,TRUE,TRUE,TRUE,117787172,"['1.0', ' 1.4142135623730951', ' 2.23606797749979', ' 2.23606797749979']","[1.0, 1.4142135623730951, 2.23606797749979, 2.23606797749979]",custom_john_honey_medium_B_4.jpg
150,custom,john_honey,medium,C,2,TRUE,FALSE,FALSE,127439525,"['1.0', ' 1.4142135623730951']","[1.0, 1.4142135623730951]",custom_john_honey_medium_C_0.jpg
151,custom,john_honey,medium,C,2,TRUE,FALSE,FALSE,123061733,"['1.0', ' 1.4142135623730951']","[1.0, 1.4142135623730951]",custom_john_honey_medium_C_1.jpg
152,custom,john_honey,medium,C,2,TRUE,FALSE,FALSE,118198502,"['0.0', ' 1.4142135623730951']","[0.0, 1.4142135623730951]",custom_john_honey_medium_C_2.jpg
153,custom,john_honey,medium,C,2,TRUE,FALSE,FALSE,119139696,"['1.0', ' 1.4142135623730951']","[1.0, 1.4142135623730951]",custom_john_honey_medium_C_3.jpg
154,custom,john_honey,medium,C,2,TRUE,FALSE,FALSE,113968048,"['1.0', ' 1.0']","[1.0, 1.0]",custom_john_honey_medium_C_4.jpg
155,custom,john_honey,medium,D,4,TRUE,TRUE,TRUE,115934814,"['0.0', ' 1.0', ' 1.4142135623730951', ' 2.23606797749979']","[0.0, 1.0, 1.4142135623730951, 2.23606797749979]",custom_john_honey_medium_D_0.jpg
156,custom,john_honey,medium,D,4,TRUE,TRUE,TRUE,119124788,"['0.0', ' 1.0', ' 1.4142135623730951', ' 1.4142135623730951']","[0.0, 1.0, 1.4142135623730951, 1.4142135623730951]",custom_john_honey_medium_D_1.jpg
157,custom,john_honey,medium,D,4,TRUE,TRUE,TRUE,119731306,"['0.0', ' 1.4142135623730951', ' 1.4142135623730951', ' 1.4142135623730951']","[0.0, 1.4142135623730951, 1.4142135623730951, 1.4142135623730951]",custom_john_honey_medium_D_2.jpg
158,custom,john_honey,medium,D,4,TRUE,TRUE,TRUE,120433594,"['0.0', ' 1.0', ' 1.0', ' 2.23606797749979']","[0.0, 1.0, 1.0, 2.23606797749979]",custom_john_honey_medium_D_3.jpg
159,custom,john_honey,medium,D,4,TRUE,TRUE,TRUE,117560896,"['1.0', ' 1.4142135623730951', ' 1.4142135623730951', ' 2.23606797749979']","[1.0, 1.4142135623730951, 1.4142135623730951, 2.23606797749979]",custom_john_honey_medium_D_4.jpg
160,custom,john_honey,short,A,4,TRUE,TRUE,TRUE,114413599,"['0.0', ' 1.0', ' 1.4142135623730951', ' 2.0']","[0.0, 1.0, 1.4142135623730951, 2.0]",custom_john_honey_short_A_0.jpg
161,custom,john_honey,short,A,4,TRUE,TRUE,TRUE,123503242,"['1.4142135623730951', ' 2.23606797749979', ' 2.23606797749979', ' 3.0']","[1.4142135623730951, 2.23606797749979, 2.23606797749979, 3.0]",custom_john_honey_short_A_1.jpg
162,custom,john_honey,short,A,4,TRUE,TRUE,TRUE,130941388,"['1.0', ' 1.0', ' 1.4142135623730951', ' 2.0']","[1.0, 1.0, 1.4142135623730951, 2.0]",custom_john_honey_short_A_2.jpg
163,custom,john_honey,short,A,4,TRUE,TRUE,TRUE,122635918,"['1.0', ' 1.4142135623730951', ' 2.0', ' 2.0']","[1.0, 1.4142135623730951, 2.0, 2.0]",custom_john_honey_short_A_3.jpg
164,custom,john_honey,short,A,4,TRUE,TRUE,TRUE,119545454,"['0.0', ' 1.4142135623730951', ' 2.23606797749979', ' 2.23606797749979']","[0.0, 1.4142135623730951, 2.23606797749979, 2.23606797749979]",custom_john_honey_short_A_4.jpg
165,custom,john_honey,short,B,4,TRUE,TRUE,TRUE,126127473,"['1.0', ' 1.0', ' 2.0', ' 2.23606797749979']","[1.0, 1.0, 2.0, 2.23606797749979]",custom_john_honey_short_B_0.jpg
166,custom,john_honey,short,B,4,TRUE,TRUE,TRUE,118685026,"['1.0', ' 2.0', ' 2.23606797749979', ' 3.0']","[1.0, 2.0, 2.23606797749979, 3.0]",custom_john_honey_short_B_1.jpg
167,custom,john_honey,short,B,4,TRUE,TRUE,TRUE,119825604,"['1.0', ' 1.0', ' 1.4142135623730951', ' 1.4142135623730951']","[1.0, 1.0, 1.4142135623730951, 1.4142135623730951]",custom_john_honey_short_B_2.jpg
168,custom,john_honey,short,B,4,TRUE,TRUE,TRUE,128508054,"['1.0', ' 1.0', ' 1.0', ' 3.0']","[1.0, 1.0, 1.0, 3.0]",custom_john_honey_short_B_3.jpg
169,custom,john_honey,short,B,4,TRUE,TRUE,TRUE,110182572,"['1.0', ' 1.0', ' 1.4142135623730951', ' 3.0']","[1.0, 1.0, 1.4142135623730951, 3.0]",custom_john_honey_short_B_4.jpg
170,custom,john_honey,short,C,2,TRUE,FALSE,FALSE,118109046,"['1.4142135623730951', ' 2.8284271247461903']","[1.4142135623730951, 2.8284271247461903]",custom_john_honey_short_C_0.jpg
171,custom,john_honey,short,C,2,TRUE,FALSE,FALSE,115100684,"['1.0', ' 2.23606797749979']","[1.0, 2.23606797749979]",custom_john_honey_short_C_1.jpg
172,custom,john_honey,short,C,2,TRUE,FALSE,FALSE,120296536,"['1.0', ' 4.123105625617661']","[1.0, 4.123105625617661]",custom_john_honey_short_C_2.jpg
173,custom,john_honey,short,C,2,TRUE,FALSE,FALSE,120174930,"['1.0', ' 2.0']","[1.0, 2.0]",custom_john_honey_short_C_3.jpg
174,custom,john_honey,short,C,2,TRUE,FALSE,FALSE,118820338,"['1.4142135623730951', ' 1.4142135623730951']","[1.4142135623730951, 1.4142135623730951]",custom_john_honey_short_C_4.jpg
175,custom,john_honey,short,D,4,TRUE,TRUE,TRUE,125579545,"['0.0', ' 1.4142135623730951', ' 1.4142135623730951', ' 2.8284271247461903']","[0.0, 1.4142135623730951, 1.4142135623730951, 2.8284271247461903]",custom_john_honey_short_D_0.jpg
176,custom,john_honey,short,D,4,TRUE,TRUE,TRUE,121314558,"['1.0', ' 1.0', ' 1.4142135623730951', ' 1.4142135623730951']","[1.0, 1.0, 1.4142135623730951, 1.4142135623730951]",custom_john_honey_short_D_1.jpg
177,custom,john_honey,short,D,4,TRUE,TRUE,TRUE,126732429,"['0.0', ' 1.4142135623730951', ' 1.4142135623730951', ' 2.0']","[0.0, 1.4142135623730951, 1.4142135623730951, 2.0]",custom_john_honey_short_D_2.jpg
178,custom,john_honey,short,D,4,TRUE,TRUE,TRUE,120448843,"['0.0', ' 1.4142135623730951', ' 1.4142135623730951', ' 2.0']","[0.0, 1.4142135623730951, 1.4142135623730951, 2.0]",custom_john_honey_short_D_3.jpg
179,custom,john_honey,short,D,4,TRUE,TRUE,TRUE,119004586,"['0.0', ' 1.0', ' 1.0', ' 1.4142135623730951']","[0.0, 1.0, 1.0, 1.4142135623730951]",custom_john_honey_short_D_4.jpg
180,custom,michaels,high,A,2,TRUE,FALSE,FALSE,102323572,"['0.0', ' 0.0']","[0.0, 0.0]",custom_michaels_high_A_0.jpg
181,custom,michaels,high,A,2,TRUE,FALSE,FALSE,102219198,"['1.0', ' 1.0']","[1.0, 1.0]",custom_michaels_high_A_1.jpg
182,custom,michaels,high,A,4,TRUE,TRUE,TRUE,108191860,"['1.0', ' 1.0', ' 1.0', ' 1.4142135623730951']","[1.0, 1.0, 1.0, 1.4142135623730951]",custom_michaels_high_A_2.jpg
183,custom,michaels,high,A,4,TRUE,TRUE,TRUE,112729664,"['0.0', ' 1.0', ' 1.0', ' 1.0']","[0.0, 1.0, 1.0, 1.0]",custom_michaels_high_A_3.jpg
184,custom,michaels,high,A,4,TRUE,TRUE,TRUE,107785215,"['1.0', ' 1.4142135623730951', ' 2.0', ' 2.23606797749979']","[1.0, 1.4142135623730951, 2.0, 2.23606797749979]",custom_michaels_high_A_4.jpg
185,custom,michaels,high,B,4,TRUE,TRUE,TRUE,112241199,"['1.0', ' 1.0', ' 2.8284271247461903', ' 3.605551275463989']","[1.0, 1.0, 2.8284271247461903, 3.605551275463989]",custom_michaels_high_B_0.jpg
186,custom,michaels,high,B,4,TRUE,TRUE,TRUE,105668523,"['1.0', ' 1.0', ' 1.4142135623730951', ' 2.0']","[1.0, 1.0, 1.4142135623730951, 2.0]",custom_michaels_high_B_1.jpg
187,custom,michaels,high,B,4,TRUE,TRUE,TRUE,107798529,"['1.0', ' 1.0', ' 1.4142135623730951', ' 2.23606797749979']","[1.0, 1.0, 1.4142135623730951, 2.23606797749979]",custom_michaels_high_B_2.jpg
188,custom,michaels,high,B,4,FALSE,TRUE,FALSE,108824662,"['1.0', ' 3.1622776601683795', ' 4.123105625617661', ' 354.0903839417275']","[1.0, 3.1622776601683795, 4.123105625617661, 354.0903839417275]",custom_michaels_high_B_3.jpg
189,custom,michaels,high,B,4,TRUE,TRUE,TRUE,114979989,"['0.0', ' 1.0', ' 1.4142135623730951', ' 2.0']","[0.0, 1.0, 1.4142135623730951, 2.0]",custom_michaels_high_B_4.jpg
190,custom,michaels,high,C,2,TRUE,FALSE,FALSE,112416452,"['1.4142135623730951', ' 2.23606797749979']","[1.4142135623730951, 2.23606797749979]",custom_michaels_high_C_0.jpg
191,custom,michaels,high,C,2,TRUE,FALSE,FALSE,105122591,"['1.0', ' 1.4142135623730951']","[1.0, 1.4142135623730951]",custom_michaels_high_C_1.jpg
192,custom,michaels,high,C,2,TRUE,FALSE,FALSE,103056147,"['0.0', ' 1.0']","[0.0, 1.0]",custom_michaels_high_C_2.jpg
193,custom,michaels,high,C,2,TRUE,FALSE,FALSE,107902174,"['1.0', ' 1.4142135623730951']","[1.0, 1.4142135623730951]",custom_michaels_high_C_3.jpg
194,custom,michaels,high,C,2,TRUE,FALSE,FALSE,107225496,"['1.0', ' 2.23606797749979']","[1.0, 2.23606797749979]",custom_michaels_high_C_4.jpg
195,custom,michaels,high,D,4,TRUE,TRUE,TRUE,108468445,"['0.0', ' 0.0', ' 1.0', ' 1.4142135623730951']","[0.0, 0.0, 1.0, 1.4142135623730951]",custom_michaels_high_D_0.jpg
196,custom,michaels,high,D,4,TRUE,TRUE,TRUE,113799262,"['1.0', ' 1.0', ' 1.4142135623730951', ' 2.23606797749979']","[1.0, 1.0, 1.4142135623730951, 2.23606797749979]",custom_michaels_high_D_1.jpg
197,custom,michaels,high,D,4,FALSE,TRUE,FALSE,103233888,"['1.0', ' 1.0', ' 1.0', ' 5.0']","[1.0, 1.0, 1.0, 5.0]",custom_michaels_high_D_2.jpg
198,custom,michaels,high,D,3,TRUE,FALSE,FALSE,104385361,"['1.0', ' 2.23606797749979', ' 3.1622776601683795']","[1.0, 2.23606797749979, 3.1622776601683795]",custom_michaels_high_D_3.jpg
199,custom,michaels,high,D,3,FALSE,FALSE,FALSE,102294839,"['1.0', ' 1.4142135623730951', ' 5.0']","[1.0, 1.4142135623730951, 5.0]",custom_michaels_high_D_4.jpg
200,custom,michaels,medium,A,4,TRUE,TRUE,TRUE,113794535,"['0.0', ' 1.4142135623730951', ' 2.0', ' 2.23606797749979']","[0.0, 1.4142135623730951, 2.0, 2.23606797749979]",custom_michaels_medium_A_0.jpg
201,custom,michaels,medium,A,2,TRUE,FALSE,FALSE,113386030,"['0.0', ' 1.0']","[0.0, 1.0]",custom_michaels_medium_A_1.jpg
202,custom,michaels,medium,A,4,TRUE,TRUE,TRUE,102641811,"['1.0', ' 1.4142135623730951', ' 1.4142135623730951', ' 3.0']","[1.0, 1.4142135623730951, 1.4142135623730951, 3.0]",custom_michaels_medium_A_2.jpg
203,custom,michaels,medium,A,4,TRUE,TRUE,TRUE,112226955,"['1.0', ' 1.0', ' 2.0', ' 2.23606797749979']","[1.0, 1.0, 2.0, 2.23606797749979]",custom_michaels_medium_A_3.jpg
204,custom,michaels,medium,A,3,TRUE,FALSE,FALSE,110248833,"['0.0', ' 1.0', ' 1.4142135623730951']","[0.0, 1.0, 1.4142135623730951]",custom_michaels_medium_A_4.jpg
205,custom,michaels,medium,B,4,TRUE,TRUE,TRUE,111133473,"['1.0', ' 1.0', ' 1.0', ' 1.0']","[1.0, 1.0, 1.0, 1.0]",custom_michaels_medium_B_0.jpg
206,custom,michaels,medium,B,3,TRUE,FALSE,FALSE,117496504,"['0.0', ' 1.4142135623730951', ' 2.23606797749979']","[0.0, 1.4142135623730951, 2.23606797749979]",custom_michaels_medium_B_1.jpg
207,custom,michaels,medium,B,4,TRUE,TRUE,TRUE,111782003,"['0.0', ' 1.4142135623730951', ' 2.23606797749979', ' 2.23606797749979']","[0.0, 1.4142135623730951, 2.23606797749979, 2.23606797749979]",custom_michaels_medium_B_2.jpg
208,custom,michaels,medium,B,4,TRUE,TRUE,TRUE,115558943,"['0.0', ' 1.0', ' 1.4142135623730951', ' 2.23606797749979']","[0.0, 1.0, 1.4142135623730951, 2.23606797749979]",custom_michaels_medium_B_3.jpg
209,custom,michaels,medium,B,4,TRUE,TRUE,TRUE,111081799,"['1.0', ' 1.0', ' 1.4142135623730951', ' 2.0']","[1.0, 1.0, 1.4142135623730951, 2.0]",custom_michaels_medium_B_4.jpg
210,custom,michaels,medium,C,1,TRUE,FALSE,FALSE,107907828,['1.0'],[1.0],custom_michaels_medium_C_0.jpg
211,custom,michaels,medium,C,2,TRUE,FALSE,FALSE,113626976,"['1.0', ' 1.4142135623730951']","[1.0, 1.4142135623730951]",custom_michaels_medium_C_1.jpg
212,custom,michaels,medium,C,2,TRUE,FALSE,FALSE,117482349,"['2.23606797749979', ' 4.123105625617661']","[2.23606797749979, 4.123105625617661]",custom_michaels_medium_C_2.jpg
213,custom,michaels,medium,C,2,FALSE,FALSE,FALSE,116675296,"['1.4142135623730951', ' 5.0990195135927845']","[1.4142135623730951, 5.0990195135927845]",custom_michaels_medium_C_3.jpg
214,custom,michaels,medium,C,2,TRUE,FALSE,FALSE,111807514,"['0.0', ' 1.4142135623730951']","[0.0, 1.4142135623730951]",custom_michaels_medium_C_4.jpg
215,custom,michaels,medium,D,3,TRUE,FALSE,FALSE,119725948,"['1.0', ' 1.0', ' 1.0']","[1.0, 1.0, 1.0]",custom_michaels_medium_D_0.jpg
216,custom,michaels,medium,D,4,TRUE,TRUE,TRUE,118321002,"['0.0', ' 1.0', ' 1.4142135623730951', ' 2.23606797749979']","[0.0, 1.0, 1.4142135623730951, 2.23606797749979]",custom_michaels_medium_D_1.jpg
217,custom,michaels,medium,D,4,TRUE,TRUE,TRUE,112660336,"['0.0', ' 0.0', ' 1.0', ' 1.4142135623730951']","[0.0, 0.0, 1.0, 1.4142135623730951]",custom_michaels_medium_D_2.jpg
218,custom,michaels,medium,D,4,TRUE,TRUE,TRUE,113947533,"['1.0', ' 1.0', ' 1.4142135623730951', ' 1.4142135623730951']","[1.0, 1.0, 1.4142135623730951, 1.4142135623730951]",custom_michaels_medium_D_3.jpg
219,custom,michaels,medium,D,4,TRUE,TRUE,TRUE,110069109,"['0.0', ' 1.0', ' 1.4142135623730951', ' 2.23606797749979']","[0.0, 1.0, 1.4142135623730951, 2.23606797749979]",custom_michaels_medium_D_4.jpg
220,custom,michaels,short,A,4,TRUE,TRUE,TRUE,118867137,"['1.0', ' 1.0', ' 1.0', ' 2.23606797749979']","[1.0, 1.0, 1.0, 2.23606797749979]",custom_michaels_short_A_0.jpg
221,custom,michaels,short,A,4,TRUE,TRUE,TRUE,112550938,"['0.0', ' 1.0', ' 1.0', ' 1.4142135623730951']","[0.0, 1.0, 1.0, 1.4142135623730951]",custom_michaels_short_A_1.jpg
222,custom,michaels,short,A,4,TRUE,TRUE,TRUE,116283973,"['0.0', ' 1.4142135623730951', ' 1.4142135623730951', ' 2.0']","[0.0, 1.4142135623730951, 1.4142135623730951, 2.0]",custom_michaels_short_A_2.jpg
223,custom,michaels,short,A,4,TRUE,TRUE,TRUE,106911224,"['1.0', ' 2.0', ' 2.23606797749979', ' 2.23606797749979']","[1.0, 2.0, 2.23606797749979, 2.23606797749979]",custom_michaels_short_A_3.jpg
224,custom,michaels,short,A,4,TRUE,TRUE,TRUE,109259939,"['1.4142135623730951', ' 2.0', ' 2.23606797749979', ' 2.23606797749979']","[1.4142135623730951, 2.0, 2.23606797749979, 2.23606797749979]",custom_michaels_short_A_4.jpg
225,custom,michaels,short,B,3,FALSE,FALSE,FALSE,108127278,"['1.0', ' 1.4142135623730951', ' 6.0']","[1.0, 1.4142135623730951, 6.0]",custom_michaels_short_B_0.jpg
226,custom,michaels,short,B,4,TRUE,TRUE,TRUE,115377033,"['1.0', ' 1.0', ' 2.23606797749979', ' 2.8284271247461903']","[1.0, 1.0, 2.23606797749979, 2.8284271247461903]",custom_michaels_short_B_1.jpg
227,custom,michaels,short,B,4,TRUE,TRUE,TRUE,113956637,"['0.0', ' 1.0', ' 1.4142135623730951', ' 2.0']","[0.0, 1.0, 1.4142135623730951, 2.0]",custom_michaels_short_B_2.jpg
228,custom,michaels,short,B,3,TRUE,FALSE,FALSE,113570345,"['1.0', ' 1.4142135623730951', ' 4.123105625617661']","[1.0, 1.4142135623730951, 4.123105625617661]",custom_michaels_short_B_3.jpg
229,custom,michaels,short,B,3,TRUE,FALSE,FALSE,114167952,"['1.4142135623730951', ' 2.0', ' 2.8284271247461903']","[1.4142135623730951, 2.0, 2.8284271247461903]",custom_michaels_short_B_4.jpg
230,custom,michaels,short,C,2,TRUE,FALSE,FALSE,111071013,"['0.0', ' 1.4142135623730951']","[0.0, 1.4142135623730951]",custom_michaels_short_C_0.jpg
231,custom,michaels,short,C,2,TRUE,FALSE,FALSE,113290474,"['1.0', ' 1.0']","[1.0, 1.0]",custom_michaels_short_C_1.jpg
232,custom,michaels,short,C,2,TRUE,FALSE,FALSE,121170133,"['1.0', ' 1.0']","[1.0, 1.0]",custom_michaels_short_C_2.jpg
233,custom,michaels,short,C,1,TRUE,FALSE,FALSE,109109198,['1.4142135623730951'],[1.4142135623730951],custom_michaels_short_C_3.jpg
234,custom,michaels,short,C,2,TRUE,FALSE,FALSE,111443533,"['1.0', ' 1.4142135623730951']","[1.0, 1.4142135623730951]",custom_michaels_short_C_4.jpg
235,custom,michaels,short,D,3,TRUE,FALSE,FALSE,111084592,"['1.4142135623730951', ' 2.0', ' 2.0']","[1.4142135623730951, 2.0, 2.0]",custom_michaels_short_D_0.jpg
236,custom,michaels,short,D,4,TRUE,TRUE,TRUE,119165337,"['1.0', ' 1.4142135623730951', ' 1.4142135623730951', ' 2.8284271247461903']","[1.0, 1.4142135623730951, 1.4142135623730951, 2.8284271247461903]",custom_michaels_short_D_1.jpg
237,custom,michaels,short,D,4,TRUE,TRUE,TRUE,112952277,"['0.0', ' 2.0', ' 2.23606797749979', ' 2.23606797749979']","[0.0, 2.0, 2.23606797749979, 2.23606797749979]",custom_michaels_short_D_2.jpg
238,custom,michaels,short,D,4,TRUE,TRUE,TRUE,113112619,"['1.4142135623730951', ' 1.4142135623730951', ' 1.4142135623730951', ' 3.0']","[1.4142135623730951, 1.4142135623730951, 1.4142135623730951, 3.0]",custom_michaels_short_D_3.jpg
239,custom,michaels,short,D,4,TRUE,TRUE,TRUE,110993954,"['1.0', ' 1.0', ' 2.0', ' 3.0']","[1.0, 1.0, 2.0, 3.0]",custom_michaels_short_D_4.jpg
240,dark,davids,high,A,2,TRUE,FALSE,FALSE,112666088,"['1.0', ' 1.0']","[1.0, 1.0]",dark_davids_high_A_0.jpg
241,dark,davids,high,A,1,TRUE,FALSE,FALSE,113034480,['2.23606797749979'],[2.23606797749979],dark_davids_high_A_1.jpg
242,dark,davids,high,A,3,TRUE,FALSE,FALSE,109272592,"['0.0', ' 1.0', ' 1.0']","[0.0, 1.0, 1.0]",dark_davids_high_A_2.jpg
243,dark,davids,high,A,3,TRUE,FALSE,FALSE,113298456,"['1.4142135623730951', ' 2.23606797749979', ' 2.23606797749979']","[1.4142135623730951, 2.23606797749979, 2.23606797749979]",dark_davids_high_A_3.jpg
244,dark,davids,high,A,4,FALSE,TRUE,FALSE,107049675,"['1.0', ' 1.0', ' 1.4142135623730951', ' 819.1825193447429']","[1.0, 1.0, 1.4142135623730951, 819.1825193447429]",dark_davids_high_A_4.jpg
245,dark,davids,high,B,4,TRUE,TRUE,TRUE,116347642,"['1.0', ' 1.0', ' 1.0', ' 1.0']","[1.0, 1.0, 1.0, 1.0]",dark_davids_high_B_0.jpg
246,dark,davids,high,B,4,TRUE,TRUE,TRUE,117408311,"['1.0', ' 1.0', ' 2.0', ' 2.23606797749979']","[1.0, 1.0, 2.0, 2.23606797749979]",dark_davids_high_B_1.jpg
247,dark,davids,high,B,4,TRUE,TRUE,TRUE,115154555,"['1.0', ' 1.0', ' 1.4142135623730951', ' 2.23606797749979']","[1.0, 1.0, 1.4142135623730951, 2.23606797749979]",dark_davids_high_B_2.jpg
248,dark,davids,high,B,4,TRUE,TRUE,TRUE,113091524,"['1.0', ' 1.4142135623730951', ' 2.0', ' 2.23606797749979']","[1.0, 1.4142135623730951, 2.0, 2.23606797749979]",dark_davids_high_B_3.jpg
249,dark,davids,high,B,4,TRUE,TRUE,TRUE,112335789,"['1.0', ' 1.4142135623730951', ' 1.4142135623730951', ' 1.4142135623730951']","[1.0, 1.4142135623730951, 1.4142135623730951, 1.4142135623730951]",dark_davids_high_B_4.jpg
250,dark,davids,high,C,3,TRUE,FALSE,FALSE,110156414,"['0.0', ' 1.4142135623730951', ' 2.23606797749979']","[0.0, 1.4142135623730951, 2.23606797749979]",dark_davids_high_C_0.jpg
251,dark,davids,high,C,3,TRUE,FALSE,FALSE,117599350,"['0.0', ' 0.0', ' 1.4142135623730951']","[0.0, 0.0, 1.4142135623730951]",dark_davids_high_C_1.jpg
252,dark,davids,high,C,3,TRUE,FALSE,FALSE,109212892,"['0.0', ' 1.0', ' 1.4142135623730951']","[0.0, 1.0, 1.4142135623730951]",dark_davids_high_C_2.jpg
253,dark,davids,high,C,3,TRUE,FALSE,FALSE,113985843,"['1.0', ' 1.4142135623730951', ' 2.0']","[1.0, 1.4142135623730951, 2.0]",dark_davids_high_C_3.jpg
254,dark,davids,high,C,3,TRUE,FALSE,FALSE,113350382,"['1.0', ' 1.0', ' 2.0']","[1.0, 1.0, 2.0]",dark_davids_high_C_4.jpg
255,dark,davids,high,D,1,TRUE,FALSE,FALSE,118184458,['0.0'],[0.0],dark_davids_high_D_0.jpg
256,dark,davids,high,D,1,TRUE,FALSE,FALSE,114765397,['0.0'],[0.0],dark_davids_high_D_1.jpg
257,dark,davids,high,D,1,TRUE,FALSE,FALSE,123128107,['1.4142135623730951'],[1.4142135623730951],dark_davids_high_D_2.jpg
258,dark,davids,high,D,2,FALSE,FALSE,FALSE,121982521,"['1.0', ' 235.64804263986576']","[1.0, 235.64804263986576]",dark_davids_high_D_3.jpg
259,dark,davids,high,D,1,TRUE,FALSE,FALSE,110991688,['1.4142135623730951'],[1.4142135623730951],dark_davids_high_D_4.jpg
260,dark,davids,medium,A,3,TRUE,FALSE,FALSE,116877107,"['1.0', ' 1.4142135623730951', ' 2.23606797749979']","[1.0, 1.4142135623730951, 2.23606797749979]",dark_davids_medium_A_0.jpg
261,dark,davids,medium,A,3,TRUE,FALSE,FALSE,117663258,"['1.0', ' 1.0', ' 1.4142135623730951']","[1.0, 1.0, 1.4142135623730951]",dark_davids_medium_A_1.jpg
262,dark,davids,medium,A,3,TRUE,FALSE,FALSE,126935586,"['1.0', ' 1.0', ' 2.0']","[1.0, 1.0, 2.0]",dark_davids_medium_A_2.jpg
263,dark,davids,medium,A,3,TRUE,FALSE,FALSE,121465281,"['1.0', ' 2.23606797749979', ' 2.23606797749979']","[1.0, 2.23606797749979, 2.23606797749979]",dark_davids_medium_A_3.jpg
264,dark,davids,medium,A,3,TRUE,FALSE,FALSE,115381935,"['1.4142135623730951', ' 1.4142135623730951', ' 2.23606797749979']","[1.4142135623730951, 1.4142135623730951, 2.23606797749979]",dark_davids_medium_A_4.jpg
265,dark,davids,medium,B,6,TRUE,FALSE,FALSE,117252888,"['1.0', ' 1.0', ' 1.4142135623730951', ' 2.0']","[1.0, 1.0, 1.4142135623730951, 2.0, 614.6494936140434, 671.8720116212611]",dark_davids_medium_B_0.jpg
266,dark,davids,medium,B,6,TRUE,FALSE,FALSE,117047803,"['1.0', ' 1.0', ' 2.0', ' 2.23606797749979']","[1.0, 1.0, 2.0, 2.23606797749979, 474.911570716065, 543.3415132308593]",dark_davids_medium_B_1.jpg
267,dark,davids,medium,B,7,TRUE,FALSE,FALSE,112216166,"['1.4142135623730951', ' 1.4142135623730951', ' 2.0', ' 2.23606797749979']","[1.4142135623730951, 1.4142135623730951, 2.0, 2.23606797749979, 470.8046303935423, 539.971295533383, 647.6241193778997]",dark_davids_medium_B_2.jpg
268,dark,davids,medium,B,6,TRUE,FALSE,FALSE,112463037,"['1.4142135623730951', ' 1.4142135623730951', ' 1.4142135623730951', ' 2.23606797749979']","[1.4142135623730951, 1.4142135623730951, 1.4142135623730951, 2.23606797749979, 470.73665674132496, 538.8144393016951]",dark_davids_medium_B_3.jpg
269,dark,davids,medium,B,6,TRUE,FALSE,FALSE,106743584,"['1.0', ' 1.0', ' 1.4142135623730951', ' 2.23606797749979']","[1.0, 1.0, 1.4142135623730951, 2.23606797749979, 520.2547452931112, 589.6007123469238]",dark_davids_medium_B_4.jpg
270,dark,davids,medium,C,3,TRUE,FALSE,FALSE,116161503,"['0.0', ' 1.0', ' 1.0']","[0.0, 1.0, 1.0]",dark_davids_medium_C_0.jpg
271,dark,davids,medium,C,3,TRUE,FALSE,FALSE,112474873,"['1.0', ' 1.4142135623730951', ' 2.0']","[1.0, 1.4142135623730951, 2.0]",dark_davids_medium_C_1.jpg
272,dark,davids,medium,C,3,TRUE,FALSE,FALSE,110654116,"['1.0', ' 1.0', ' 4.242640687119285']","[1.0, 1.0, 4.242640687119285]",dark_davids_medium_C_2.jpg
273,dark,davids,medium,C,3,TRUE,FALSE,FALSE,108198170,"['1.4142135623730951', ' 1.4142135623730951', ' 2.23606797749979']","[1.4142135623730951, 1.4142135623730951, 2.23606797749979]",dark_davids_medium_C_3.jpg
274,dark,davids,medium,C,2,TRUE,FALSE,FALSE,108915044,"['1.0', ' 1.4142135623730951']","[1.0, 1.4142135623730951]",dark_davids_medium_C_4.jpg
275,dark,davids,medium,D,2,FALSE,FALSE,FALSE,109503517,"['2.23606797749979', ' 590.0']","[2.23606797749979, 590.0]",dark_davids_medium_D_0.jpg
276,dark,davids,medium,D,2,FALSE,FALSE,FALSE,113842181,"['1.0', ' 586.8466579950848']","[1.0, 586.8466579950848]",dark_davids_medium_D_1.jpg
277,dark,davids,medium,D,2,FALSE,FALSE,FALSE,113281102,"['3.1622776601683795', ' 431.6132528085763']","[3.1622776601683795, 431.6132528085763]",dark_davids_medium_D_2.jpg
278,dark,davids,medium,D,2,FALSE,FALSE,FALSE,112875873,"['1.0', ' 435.15744277215344']","[1.0, 435.15744277215344]",dark_davids_medium_D_3.jpg
279,dark,davids,medium,D,2,FALSE,FALSE,FALSE,108017883,"['1.0', ' 733.6163847679521']","[1.0, 733.6163847679521]",dark_davids_medium_D_4.jpg
280,dark,davids,short,A,3,TRUE,FALSE,FALSE,111809140,"['1.4142135623730951', ' 2.0', ' 2.23606797749979']","[1.4142135623730951, 2.0, 2.23606797749979]",dark_davids_short_A_0.jpg
281,dark,davids,short,A,3,TRUE,FALSE,FALSE,111126631,"['1.4142135623730951', ' 2.0', ' 2.0']","[1.4142135623730951, 2.0, 2.0]",dark_davids_short_A_1.jpg
282,dark,davids,short,A,3,TRUE,FALSE,FALSE,111934147,"['1.0', ' 2.23606797749979', ' 3.1622776601683795']","[1.0, 2.23606797749979, 3.1622776601683795]",dark_davids_short_A_2.jpg
283,dark,davids,short,A,3,TRUE,FALSE,FALSE,128085065,"['1.4142135623730951', ' 2.0', ' 4.0']","[1.4142135623730951, 2.0, 4.0]",dark_davids_short_A_3.jpg
284,dark,davids,short,A,3,TRUE,FALSE,FALSE,106732391,"['1.0', ' 1.4142135623730951', ' 2.0']","[1.0, 1.4142135623730951, 2.0]",dark_davids_short_A_4.jpg
285,dark,davids,short,B,4,TRUE,TRUE,TRUE,116168174,"['1.4142135623730951', ' 1.4142135623730951', ' 2.0', ' 3.605551275463989']","[1.4142135623730951, 1.4142135623730951, 2.0, 3.605551275463989]",dark_davids_short_B_0.jpg
286,dark,davids,short,B,4,TRUE,TRUE,TRUE,116762102,"['1.0', ' 1.4142135623730951', ' 1.4142135623730951', ' 1.4142135623730951']","[1.0, 1.4142135623730951, 1.4142135623730951, 1.4142135623730951]",dark_davids_short_B_1.jpg
287,dark,davids,short,B,3,TRUE,FALSE,FALSE,111432858,"['1.4142135623730951', ' 2.0', ' 3.1622776601683795']","[1.4142135623730951, 2.0, 3.1622776601683795]",dark_davids_short_B_2.jpg
288,dark,davids,short,B,4,TRUE,TRUE,TRUE,115335778,"['1.0', ' 1.4142135623730951', ' 3.0', ' 3.0']","[1.0, 1.4142135623730951, 3.0, 3.0]",dark_davids_short_B_3.jpg
289,dark,davids,short,B,4,TRUE,TRUE,TRUE,114935122,"['0.0', ' 1.0', ' 1.0', ' 2.23606797749979']","[0.0, 1.0, 1.0, 2.23606797749979]",dark_davids_short_B_4.jpg
290,dark,davids,short,C,3,TRUE,FALSE,FALSE,113991723,"['1.4142135623730951', ' 1.4142135623730951', ' 2.23606797749979']","[1.4142135623730951, 1.4142135623730951, 2.23606797749979]",dark_davids_short_C_0.jpg
291,dark,davids,short,C,3,TRUE,FALSE,FALSE,113869162,"['1.0', ' 1.4142135623730951', ' 2.23606797749979']","[1.0, 1.4142135623730951, 2.23606797749979]",dark_davids_short_C_1.jpg
292,dark,davids,short,C,2,TRUE,FALSE,FALSE,121176317,"['2.23606797749979', ' 3.1622776601683795']","[2.23606797749979, 3.1622776601683795]",dark_davids_short_C_2.jpg
293,dark,davids,short,C,2,TRUE,FALSE,FALSE,125335709,"['0.0', ' 1.4142135623730951']","[0.0, 1.4142135623730951]",dark_davids_short_C_3.jpg
294,dark,davids,short,C,3,TRUE,FALSE,FALSE,108633835,"['1.0', ' 2.23606797749979', ' 3.0']","[1.0, 2.23606797749979, 3.0]",dark_davids_short_C_4.jpg
295,dark,davids,short,D,2,FALSE,FALSE,FALSE,112974207,"['1.0', ' 209.99523804124703']","[1.0, 209.99523804124703]",dark_davids_short_D_0.jpg
296,dark,davids,short,D,1,TRUE,FALSE,FALSE,114028755,['3.605551275463989'],[3.605551275463989],dark_davids_short_D_1.jpg
297,dark,davids,short,D,1,TRUE,FALSE,FALSE,109237238,['2.0'],[2.0],dark_davids_short_D_2.jpg
298,dark,davids,short,D,1,TRUE,FALSE,FALSE,112694874,['3.605551275463989'],[3.605551275463989],dark_davids_short_D_3.jpg
299,dark,davids,short,D,1,TRUE,FALSE,FALSE,106952239,['3.0'],[3.0],dark_davids_short_D_4.jpg
300,dark,jack_cole,high,A,3,TRUE,FALSE,FALSE,110899328,"['0.0', ' 1.4142135623730951', ' 2.0']","[0.0, 1.4142135623730951, 2.0]",dark_jack_cole_high_A_0.jpg
301,dark,jack_cole,high,A,3,TRUE,FALSE,FALSE,108564867,"['1.0', ' 1.4142135623730951', ' 2.23606797749979']","[1.0, 1.4142135623730951, 2.23606797749979]",dark_jack_cole_high_A_1.jpg
302,dark,jack_cole,high,A,3,TRUE,FALSE,FALSE,105783733,"['0.0', ' 1.0', ' 3.1622776601683795']","[0.0, 1.0, 3.1622776601683795]",dark_jack_cole_high_A_2.jpg
303,dark,jack_cole,high,A,3,TRUE,FALSE,FALSE,108858779,"['0.0', ' 1.0', ' 1.0']","[0.0, 1.0, 1.0]",dark_jack_cole_high_A_3.jpg
304,dark,jack_cole,high,A,3,TRUE,FALSE,FALSE,108665144,"['1.0', ' 1.4142135623730951', ' 2.23606797749979']","[1.0, 1.4142135623730951, 2.23606797749979]",dark_jack_cole_high_A_4.jpg
305,dark,jack_cole,high,B,4,TRUE,TRUE,TRUE,113449530,"['1.0', ' 1.0', ' 1.0', ' 1.0']","[1.0, 1.0, 1.0, 1.0]",dark_jack_cole_high_B_0.jpg
306,dark,jack_cole,high,B,3,TRUE,FALSE,FALSE,110102411,"['1.0', ' 2.0', ' 2.23606797749979']","[1.0, 2.0, 2.23606797749979]",dark_jack_cole_high_B_1.jpg
307,dark,jack_cole,high,B,4,TRUE,TRUE,TRUE,109870902,"['1.0', ' 1.0', ' 2.0', ' 2.23606797749979']","[1.0, 1.0, 2.0, 2.23606797749979]",dark_jack_cole_high_B_2.jpg
308,dark,jack_cole,high,B,4,TRUE,TRUE,TRUE,116071504,"['1.0', ' 1.0', ' 1.0', ' 3.0']","[1.0, 1.0, 1.0, 3.0]",dark_jack_cole_high_B_3.jpg
309,dark,jack_cole,high,B,4,TRUE,TRUE,TRUE,114933951,"['1.0', ' 1.0', ' 1.0', ' 1.4142135623730951']","[1.0, 1.0, 1.0, 1.4142135623730951]",dark_jack_cole_high_B_4.jpg
310,dark,jack_cole,high,C,3,TRUE,FALSE,FALSE,110846566,"['1.0', ' 1.0', ' 1.4142135623730951']","[1.0, 1.0, 1.4142135623730951]",dark_jack_cole_high_C_0.jpg
311,dark,jack_cole,high,C,3,TRUE,FALSE,FALSE,105023786,"['1.0', ' 1.0', ' 1.4142135623730951']","[1.0, 1.0, 1.4142135623730951]",dark_jack_cole_high_C_1.jpg
312,dark,jack_cole,high,C,4,FALSE,TRUE,FALSE,111406226,"['0.0', ' 1.4142135623730951', ' 2.23606797749979', ' 329.460164511584']","[0.0, 1.4142135623730951, 2.23606797749979, 329.460164511584]",dark_jack_cole_high_C_2.jpg
313,dark,jack_cole,high,C,4,FALSE,TRUE,FALSE,110189849,"['1.0', ' 1.0', ' 2.23606797749979', ' 327.38509434609267']","[1.0, 1.0, 2.23606797749979, 327.38509434609267]",dark_jack_cole_high_C_3.jpg
314,dark,jack_cole,high,C,3,TRUE,FALSE,FALSE,109446270,"['1.4142135623730951', ' 2.23606797749979', ' 2.23606797749979']","[1.4142135623730951, 2.23606797749979, 2.23606797749979]",dark_jack_cole_high_C_4.jpg
315,dark,jack_cole,high,D,1,TRUE,FALSE,FALSE,105953791,['2.0'],[2.0],dark_jack_cole_high_D_0.jpg
316,dark,jack_cole,high,D,1,TRUE,FALSE,FALSE,106363168,['1.4142135623730951'],[1.4142135623730951],dark_jack_cole_high_D_1.jpg
317,dark,jack_cole,high,D,1,TRUE,FALSE,FALSE,109964409,['1.0'],[1.0],dark_jack_cole_high_D_2.jpg
318,dark,jack_cole,high,D,1,TRUE,FALSE,FALSE,106833157,['1.0'],[1.0],dark_jack_cole_high_D_3.jpg
319,dark,jack_cole,high,D,1,TRUE,FALSE,FALSE,109681243,['1.4142135623730951'],[1.4142135623730951],dark_jack_cole_high_D_4.jpg
320,dark,jack_cole,medium,A,3,TRUE,FALSE,FALSE,109920002,"['1.0', ' 1.0', ' 2.23606797749979']","[1.0, 1.0, 2.23606797749979]",dark_jack_cole_medium_A_0.jpg
321,dark,jack_cole,medium,A,3,TRUE,FALSE,FALSE,108567766,"['1.4142135623730951', ' 2.23606797749979', ' 2.8284271247461903']","[1.4142135623730951, 2.23606797749979, 2.8284271247461903]",dark_jack_cole_medium_A_1.jpg
322,dark,jack_cole,medium,A,3,TRUE,FALSE,FALSE,107458262,"['1.0', ' 1.4142135623730951', ' 3.0']","[1.0, 1.4142135623730951, 3.0]",dark_jack_cole_medium_A_2.jpg
323,dark,jack_cole,medium,A,2,TRUE,FALSE,FALSE,110325166,"['0.0', ' 2.23606797749979']","[0.0, 2.23606797749979]",dark_jack_cole_medium_A_3.jpg
324,dark,jack_cole,medium,A,3,TRUE,FALSE,FALSE,115727910,"['0.0', ' 0.0', ' 1.0']","[0.0, 0.0, 1.0]",dark_jack_cole_medium_A_4.jpg
325,dark,jack_cole,medium,B,4,TRUE,TRUE,TRUE,109052643,"['1.4142135623730951', ' 1.4142135623730951', ' 2.23606797749979', ' 3.0']","[1.4142135623730951, 1.4142135623730951, 2.23606797749979, 3.0]",dark_jack_cole_medium_B_0.jpg
326,dark,jack_cole,medium,B,4,TRUE,TRUE,TRUE,108040495,"['1.0', ' 1.0', ' 2.0', ' 2.23606797749979']","[1.0, 1.0, 2.0, 2.23606797749979]",dark_jack_cole_medium_B_1.jpg
327,dark,jack_cole,medium,B,4,TRUE,TRUE,TRUE,104400427,"['1.0', ' 2.0', ' 2.0', ' 2.23606797749979']","[1.0, 2.0, 2.0, 2.23606797749979]",dark_jack_cole_medium_B_2.jpg
328,dark,jack_cole,medium,B,3,TRUE,FALSE,FALSE,104827334,"['0.0', ' 2.23606797749979', ' 2.8284271247461903']","[0.0, 2.23606797749979, 2.8284271247461903]",dark_jack_cole_medium_B_3.jpg
329,dark,jack_cole,medium,B,4,TRUE,TRUE,TRUE,110707363,"['1.0', ' 1.4142135623730951', ' 1.4142135623730951', ' 3.605551275463989']","[1.0, 1.4142135623730951, 1.4142135623730951, 3.605551275463989]",dark_jack_cole_medium_B_4.jpg
330,dark,jack_cole,medium,C,2,TRUE,FALSE,FALSE,117240959,"['1.0', ' 1.4142135623730951']","[1.0, 1.4142135623730951]",dark_jack_cole_medium_C_0.jpg
331,dark,jack_cole,medium,C,3,TRUE,FALSE,FALSE,104771992,"['1.0', ' 1.4142135623730951', ' 1.4142135623730951']","[1.0, 1.4142135623730951, 1.4142135623730951]",dark_jack_cole_medium_C_1.jpg
332,dark,jack_cole,medium,C,3,TRUE,FALSE,FALSE,113291119,"['1.0', ' 1.0', ' 3.1622776601683795']","[1.0, 1.0, 3.1622776601683795]",dark_jack_cole_medium_C_2.jpg
333,dark,jack_cole,medium,C,3,TRUE,FALSE,FALSE,117636267,"['0.0', ' 2.0', ' 3.0']","[0.0, 2.0, 3.0]",dark_jack_cole_medium_C_3.jpg
334,dark,jack_cole,medium,C,3,TRUE,FALSE,FALSE,112299902,"['1.0', ' 3.0', ' 3.0']","[1.0, 3.0, 3.0]",dark_jack_cole_medium_C_4.jpg
335,dark,jack_cole,medium,D,1,TRUE,FALSE,FALSE,107461581,['2.0'],[2.0],dark_jack_cole_medium_D_0.jpg
336,dark,jack_cole,medium,D,1,TRUE,FALSE,FALSE,111720904,['0.0'],[0.0],dark_jack_cole_medium_D_1.jpg
337,dark,jack_cole,medium,D,1,TRUE,FALSE,FALSE,108925654,['1.0'],[1.0],dark_jack_cole_medium_D_2.jpg
338,dark,jack_cole,medium,D,1,TRUE,FALSE,FALSE,113118616,['1.0'],[1.0],dark_jack_cole_medium_D_3.jpg
339,dark,jack_cole,medium,D,1,TRUE,FALSE,FALSE,109736144,['1.0'],[1.0],dark_jack_cole_medium_D_4.jpg
340,dark,jack_cole,short,A,3,TRUE,FALSE,FALSE,106222192,"['1.0', ' 1.4142135623730951', ' 2.0']","[1.0, 1.4142135623730951, 2.0]",dark_jack_cole_short_A_0.jpg
341,dark,jack_cole,short,A,3,TRUE,FALSE,FALSE,104535254,"['0.0', ' 1.0', ' 2.23606797749979']","[0.0, 1.0, 2.23606797749979]",dark_jack_cole_short_A_1.jpg
342,dark,jack_cole,short,A,3,TRUE,FALSE,FALSE,104921613,"['1.0', ' 1.4142135623730951', ' 3.605551275463989']","[1.0, 1.4142135623730951, 3.605551275463989]",dark_jack_cole_short_A_2.jpg
343,dark,jack_cole,short,A,3,TRUE,FALSE,FALSE,104673712,"['0.0', ' 2.23606797749979', ' 2.23606797749979']","[0.0, 2.23606797749979, 2.23606797749979]",dark_jack_cole_short_A_3.jpg
344,dark,jack_cole,short,A,3,TRUE,FALSE,FALSE,106753041,"['1.4142135623730951', ' 2.23606797749979', ' 2.23606797749979']","[1.4142135623730951, 2.23606797749979, 2.23606797749979]",dark_jack_cole_short_A_4.jpg
345,dark,jack_cole,short,B,4,TRUE,TRUE,TRUE,106128357,"['1.4142135623730951', ' 2.0', ' 2.23606797749979', ' 3.1622776601683795']","[1.4142135623730951, 2.0, 2.23606797749979, 3.1622776601683795]",dark_jack_cole_short_B_0.jpg
346,dark,jack_cole,short,B,5,TRUE,FALSE,FALSE,111122424,"['1.4142135623730951', ' 2.23606797749979', ' 2.8284271247461903', ' 3.0']","[1.4142135623730951, 2.23606797749979, 2.8284271247461903, 3.0, 370.06080581439585]",dark_jack_cole_short_B_1.jpg
347,dark,jack_cole,short,B,4,TRUE,TRUE,TRUE,106809025,"['1.4142135623730951', ' 1.4142135623730951', ' 2.0', ' 2.8284271247461903']","[1.4142135623730951, 1.4142135623730951, 2.0, 2.8284271247461903]",dark_jack_cole_short_B_2.jpg
348,dark,jack_cole,short,B,4,TRUE,TRUE,TRUE,116461997,"['1.0', ' 1.0', ' 1.0', ' 1.4142135623730951']","[1.0, 1.0, 1.0, 1.4142135623730951]",dark_jack_cole_short_B_3.jpg
349,dark,jack_cole,short,B,4,TRUE,TRUE,TRUE,110389687,"['1.0', ' 1.4142135623730951', ' 2.23606797749979', ' 2.23606797749979']","[1.0, 1.4142135623730951, 2.23606797749979, 2.23606797749979]",dark_jack_cole_short_B_4.jpg
350,dark,jack_cole,short,C,3,TRUE,FALSE,FALSE,108850854,"['1.4142135623730951', ' 2.23606797749979', ' 2.23606797749979']","[1.4142135623730951, 2.23606797749979, 2.23606797749979]",dark_jack_cole_short_C_0.jpg
351,dark,jack_cole,short,C,3,TRUE,FALSE,FALSE,112055464,"['1.0', ' 2.23606797749979', ' 2.8284271247461903']","[1.0, 2.23606797749979, 2.8284271247461903]",dark_jack_cole_short_C_1.jpg
352,dark,jack_cole,short,C,3,TRUE,FALSE,FALSE,107812285,"['1.0', ' 1.4142135623730951', ' 1.4142135623730951']","[1.0, 1.4142135623730951, 1.4142135623730951]",dark_jack_cole_short_C_2.jpg
353,dark,jack_cole,short,C,3,TRUE,FALSE,FALSE,109601292,"['1.0', ' 1.0', ' 1.0']","[1.0, 1.0, 1.0]",dark_jack_cole_short_C_3.jpg
354,dark,jack_cole,short,C,3,TRUE,FALSE,FALSE,104842879,"['1.0', ' 1.0', ' 4.123105625617661']","[1.0, 1.0, 4.123105625617661]",dark_jack_cole_short_C_4.jpg
355,dark,jack_cole,short,D,1,TRUE,FALSE,FALSE,111599909,['3.1622776601683795'],[3.1622776601683795],dark_jack_cole_short_D_0.jpg
356,dark,jack_cole,short,D,1,TRUE,FALSE,FALSE,110830575,['3.0'],[3.0],dark_jack_cole_short_D_1.jpg
357,dark,jack_cole,short,D,1,TRUE,FALSE,FALSE,120265848,['1.4142135623730951'],[1.4142135623730951],dark_jack_cole_short_D_2.jpg
358,dark,jack_cole,short,D,1,TRUE,FALSE,FALSE,115211356,['1.0'],[1.0],dark_jack_cole_short_D_3.jpg
359,dark,jack_cole,short,D,1,TRUE,FALSE,FALSE,103806832,['2.23606797749979'],[2.23606797749979],dark_jack_cole_short_D_4.jpg
360,dark,john_honey,high,A,3,TRUE,FALSE,FALSE,111247529,"['0.0', ' 1.0', ' 2.23606797749979']","[0.0, 1.0, 2.23606797749979]",dark_john_honey_high_A_0.jpg
361,dark,john_honey,high,A,3,FALSE,FALSE,FALSE,115540540,"['1.4142135623730951', ' 1.4142135623730951', ' 10.816653826391969']","[1.4142135623730951, 1.4142135623730951, 10.816653826391969]",dark_john_honey_high_A_1.jpg
362,dark,john_honey,high,A,3,TRUE,FALSE,FALSE,113244729,"['1.4142135623730951', ' 2.0', ' 2.8284271247461903']","[1.4142135623730951, 2.0, 2.8284271247461903]",dark_john_honey_high_A_2.jpg
363,dark,john_honey,high,A,3,TRUE,FALSE,FALSE,113803489,"['1.4142135623730951', ' 2.23606797749979', ' 2.8284271247461903']","[1.4142135623730951, 2.23606797749979, 2.8284271247461903]",dark_john_honey_high_A_3.jpg
364,dark,john_honey,high,A,3,TRUE,FALSE,FALSE,115569752,"['0.0', ' 1.0', ' 2.0']","[0.0, 1.0, 2.0]",dark_john_honey_high_A_4.jpg
365,dark,john_honey,high,B,4,TRUE,TRUE,TRUE,114680656,"['0.0', ' 1.0', ' 1.0', ' 1.4142135623730951']","[0.0, 1.0, 1.0, 1.4142135623730951]",dark_john_honey_high_B_0.jpg
366,dark,john_honey,high,B,4,TRUE,TRUE,TRUE,119084900,"['0.0', ' 1.0', ' 2.23606797749979', ' 2.8284271247461903']","[0.0, 1.0, 2.23606797749979, 2.8284271247461903]",dark_john_honey_high_B_1.jpg
367,dark,john_honey,high,B,4,TRUE,TRUE,TRUE,116380103,"['1.4142135623730951', ' 2.0', ' 2.23606797749979', ' 2.23606797749979']","[1.4142135623730951, 2.0, 2.23606797749979, 2.23606797749979]",dark_john_honey_high_B_2.jpg
368,dark,john_honey,high,B,4,TRUE,TRUE,TRUE,118673054,"['0.0', ' 1.4142135623730951', ' 2.0', ' 3.1622776601683795']","[0.0, 1.4142135623730951, 2.0, 3.1622776601683795]",dark_john_honey_high_B_3.jpg
369,dark,john_honey,high,B,4,TRUE,TRUE,TRUE,119945030,"['1.4142135623730951', ' 1.4142135623730951', ' 2.0', ' 3.1622776601683795']","[1.4142135623730951, 1.4142135623730951, 2.0, 3.1622776601683795]",dark_john_honey_high_B_4.jpg
370,dark,john_honey,high,C,3,TRUE,FALSE,FALSE,119773397,"['0.0', ' 1.0', ' 1.4142135623730951']","[0.0, 1.0, 1.4142135623730951]",dark_john_honey_high_C_0.jpg
371,dark,john_honey,high,C,3,TRUE,FALSE,FALSE,117869316,"['0.0', ' 1.0', ' 1.4142135623730951']","[0.0, 1.0, 1.4142135623730951]",dark_john_honey_high_C_1.jpg
372,dark,john_honey,high,C,3,TRUE,FALSE,FALSE,122701864,"['1.0', ' 2.23606797749979', ' 2.8284271247461903']","[1.0, 2.23606797749979, 2.8284271247461903]",dark_john_honey_high_C_2.jpg
373,dark,john_honey,high,C,3,TRUE,FALSE,FALSE,120040660,"['1.0', ' 2.23606797749979', ' 2.23606797749979']","[1.0, 2.23606797749979, 2.23606797749979]",dark_john_honey_high_C_3.jpg
374,dark,john_honey,high,C,3,TRUE,FALSE,FALSE,119035693,"['1.0', ' 1.4142135623730951', ' 1.4142135623730951']","[1.0, 1.4142135623730951, 1.4142135623730951]",dark_john_honey_high_C_4.jpg
375,dark,john_honey,high,D,1,TRUE,FALSE,FALSE,117335072,['1.0'],[1.0],dark_john_honey_high_D_0.jpg
376,dark,john_honey,high,D,1,TRUE,FALSE,FALSE,128669642,['2.0'],[2.0],dark_john_honey_high_D_1.jpg
377,dark,john_honey,high,D,1,TRUE,FALSE,FALSE,122343388,['2.23606797749979'],[2.23606797749979],dark_john_honey_high_D_2.jpg
378,dark,john_honey,high,D,1,TRUE,FALSE,FALSE,116021121,['2.23606797749979'],[2.23606797749979],dark_john_honey_high_D_3.jpg
379,dark,john_honey,high,D,1,TRUE,FALSE,FALSE,124082908,['2.23606797749979'],[2.23606797749979],dark_john_honey_high_D_4.jpg
380,dark,john_honey,medium,A,3,TRUE,FALSE,FALSE,114877408,"['1.4142135623730951', ' 2.23606797749979', ' 2.8284271247461903']","[1.4142135623730951, 2.23606797749979, 2.8284271247461903]",dark_john_honey_medium_A_0.jpg
381,dark,john_honey,medium,A,3,TRUE,FALSE,FALSE,115102500,"['1.4142135623730951', ' 2.0', ' 2.23606797749979']","[1.4142135623730951, 2.0, 2.23606797749979]",dark_john_honey_medium_A_1.jpg
382,dark,john_honey,medium,A,3,TRUE,FALSE,FALSE,116424676,"['0.0', ' 1.0', ' 2.0']","[0.0, 1.0, 2.0]",dark_john_honey_medium_A_2.jpg
383,dark,john_honey,medium,A,3,TRUE,FALSE,FALSE,112224981,"['1.0', ' 1.4142135623730951', ' 3.1622776601683795']","[1.0, 1.4142135623730951, 3.1622776601683795]",dark_john_honey_medium_A_3.jpg
384,dark,john_honey,medium,A,3,TRUE,FALSE,FALSE,114187940,"['1.0', ' 1.0', ' 1.0']","[1.0, 1.0, 1.0]",dark_john_honey_medium_A_4.jpg
385,dark,john_honey,medium,B,4,TRUE,TRUE,TRUE,122480483,"['1.0', ' 1.0', ' 2.0', ' 2.23606797749979']","[1.0, 1.0, 2.0, 2.23606797749979]",dark_john_honey_medium_B_0.jpg
386,dark,john_honey,medium,B,4,TRUE,TRUE,TRUE,114691828,"['0.0', ' 1.0', ' 2.23606797749979', ' 2.23606797749979']","[0.0, 1.0, 2.23606797749979, 2.23606797749979]",dark_john_honey_medium_B_1.jpg
387,dark,john_honey,medium,B,4,TRUE,TRUE,TRUE,122466128,"['0.0', ' 1.0', ' 1.0', ' 2.0']","[0.0, 1.0, 1.0, 2.0]",dark_john_honey_medium_B_2.jpg
388,dark,john_honey,medium,B,4,TRUE,TRUE,TRUE,117248405,"['1.0', ' 1.0', ' 2.0', ' 2.23606797749979']","[1.0, 1.0, 2.0, 2.23606797749979]",dark_john_honey_medium_B_3.jpg
389,dark,john_honey,medium,B,4,TRUE,TRUE,TRUE,117641211,"['0.0', ' 0.0', ' 2.0', ' 2.23606797749979']","[0.0, 0.0, 2.0, 2.23606797749979]",dark_john_honey_medium_B_4.jpg
390,dark,john_honey,medium,C,3,TRUE,FALSE,FALSE,115958831,"['1.0', ' 1.0', ' 1.0']","[1.0, 1.0, 1.0]",dark_john_honey_medium_C_0.jpg
391,dark,john_honey,medium,C,3,TRUE,FALSE,FALSE,117526153,"['1.4142135623730951', ' 1.4142135623730951', ' 2.23606797749979']","[1.4142135623730951, 1.4142135623730951, 2.23606797749979]",dark_john_honey_medium_C_1.jpg
392,dark,john_honey,medium,C,3,TRUE,FALSE,FALSE,120969218,"['1.0', ' 1.0', ' 2.0']","[1.0, 1.0, 2.0]",dark_john_honey_medium_C_2.jpg
393,dark,john_honey,medium,C,3,TRUE,FALSE,FALSE,115024431,"['0.0', ' 1.0', ' 1.0']","[0.0, 1.0, 1.0]",dark_john_honey_medium_C_3.jpg
394,dark,john_honey,medium,C,3,TRUE,FALSE,FALSE,112965409,"['2.23606797749979', ' 2.23606797749979', ' 2.23606797749979']","[2.23606797749979, 2.23606797749979, 2.23606797749979]",dark_john_honey_medium_C_4.jpg
395,dark,john_honey,medium,D,1,TRUE,FALSE,FALSE,113661656,['1.4142135623730951'],[1.4142135623730951],dark_john_honey_medium_D_0.jpg
396,dark,john_honey,medium,D,1,TRUE,FALSE,FALSE,114319774,['1.4142135623730951'],[1.4142135623730951],dark_john_honey_medium_D_1.jpg
397,dark,john_honey,medium,D,1,TRUE,FALSE,FALSE,116240761,['1.4142135623730951'],[1.4142135623730951],dark_john_honey_medium_D_2.jpg
398,dark,john_honey,medium,D,1,TRUE,FALSE,FALSE,117717251,['2.23606797749979'],[2.23606797749979],dark_john_honey_medium_D_3.jpg
399,dark,john_honey,medium,D,1,TRUE,FALSE,FALSE,112100981,['1.0'],[1.0],dark_john_honey_medium_D_4.jpg
400,dark,john_honey,short,A,3,TRUE,FALSE,FALSE,111660844,"['1.4142135623730951', ' 2.23606797749979', ' 3.1622776601683795']","[1.4142135623730951, 2.23606797749979, 3.1622776601683795]",dark_john_honey_short_A_0.jpg
401,dark,john_honey,short,A,3,TRUE,FALSE,FALSE,119826640,"['0.0', ' 1.0', ' 3.605551275463989']","[0.0, 1.0, 3.605551275463989]",dark_john_honey_short_A_1.jpg
402,dark,john_honey,short,A,3,TRUE,FALSE,FALSE,115834450,"['0.0', ' 1.4142135623730951', ' 1.4142135623730951']","[0.0, 1.4142135623730951, 1.4142135623730951]",dark_john_honey_short_A_2.jpg
403,dark,john_honey,short,A,2,TRUE,FALSE,FALSE,111226078,"['2.0', ' 3.0']","[2.0, 3.0]",dark_john_honey_short_A_3.jpg
404,dark,john_honey,short,A,3,TRUE,FALSE,FALSE,110543749,"['1.4142135623730951', ' 1.4142135623730951', ' 2.23606797749979']","[1.4142135623730951, 1.4142135623730951, 2.23606797749979]",dark_john_honey_short_A_4.jpg
405,dark,john_honey,short,B,4,TRUE,TRUE,TRUE,114345433,"['0.0', ' 1.0', ' 2.23606797749979', ' 2.23606797749979']","[0.0, 1.0, 2.23606797749979, 2.23606797749979]",dark_john_honey_short_B_0.jpg
406,dark,john_honey,short,B,4,TRUE,TRUE,TRUE,113393579,"['1.4142135623730951', ' 1.4142135623730951', ' 2.23606797749979', ' 2.8284271247461903']","[1.4142135623730951, 1.4142135623730951, 2.23606797749979, 2.8284271247461903]",dark_john_honey_short_B_1.jpg
407,dark,john_honey,short,B,2,TRUE,FALSE,FALSE,107877918,"['0.0', ' 2.23606797749979']","[0.0, 2.23606797749979]",dark_john_honey_short_B_2.jpg
408,dark,john_honey,short,B,2,TRUE,FALSE,FALSE,120414410,"['1.0', ' 2.23606797749979']","[1.0, 2.23606797749979]",dark_john_honey_short_B_3.jpg
409,dark,john_honey,short,B,4,TRUE,TRUE,TRUE,113607787,"['1.0', ' 1.0', ' 1.0', ' 1.4142135623730951']","[1.0, 1.0, 1.0, 1.4142135623730951]",dark_john_honey_short_B_4.jpg
410,dark,john_honey,short,C,3,TRUE,FALSE,FALSE,113018720,"['1.0', ' 1.0', ' 1.4142135623730951']","[1.0, 1.0, 1.4142135623730951]",dark_john_honey_short_C_0.jpg
411,dark,john_honey,short,C,3,TRUE,FALSE,FALSE,108082703,"['0.0', ' 1.0', ' 1.0']","[0.0, 1.0, 1.0]",dark_john_honey_short_C_1.jpg
412,dark,john_honey,short,C,3,TRUE,FALSE,FALSE,110594143,"['0.0', ' 1.4142135623730951', ' 2.23606797749979']","[0.0, 1.4142135623730951, 2.23606797749979]",dark_john_honey_short_C_2.jpg
413,dark,john_honey,short,C,3,TRUE,FALSE,FALSE,116456005,"['1.4142135623730951', ' 2.23606797749979', ' 2.23606797749979']","[1.4142135623730951, 2.23606797749979, 2.23606797749979]",dark_john_honey_short_C_3.jpg
414,dark,john_honey,short,C,3,TRUE,FALSE,FALSE,116152085,"['2.0', ' 2.8284271247461903', ' 4.0']","[2.0, 2.8284271247461903, 4.0]",dark_john_honey_short_C_4.jpg
415,dark,john_honey,short,D,1,TRUE,FALSE,FALSE,114543307,['2.0'],[2.0],dark_john_honey_short_D_0.jpg
416,dark,john_honey,short,D,1,TRUE,FALSE,FALSE,121523550,['1.0'],[1.0],dark_john_honey_short_D_1.jpg
417,dark,john_honey,short,D,1,TRUE,FALSE,FALSE,122859985,['0.0'],[0.0],dark_john_honey_short_D_2.jpg
418,dark,john_honey,short,D,1,TRUE,FALSE,FALSE,117999106,['2.0'],[2.0],dark_john_honey_short_D_3.jpg
419,dark,john_honey,short,D,1,TRUE,FALSE,FALSE,119067862,['2.23606797749979'],[2.23606797749979],dark_john_honey_short_D_4.jpg
420,dark,michaels,high,A,3,TRUE,FALSE,FALSE,119076730,"['1.0', ' 1.4142135623730951', ' 3.1622776601683795']","[1.0, 1.4142135623730951, 3.1622776601683795]",dark_michaels_high_A_0.jpg
421,dark,michaels,high,A,3,TRUE,FALSE,FALSE,109261221,"['0.0', ' 1.0', ' 2.23606797749979']","[0.0, 1.0, 2.23606797749979]",dark_michaels_high_A_1.jpg
422,dark,michaels,high,A,3,TRUE,FALSE,FALSE,115247276,"['0.0', ' 1.0', ' 2.0']","[0.0, 1.0, 2.0]",dark_michaels_high_A_2.jpg
423,dark,michaels,high,A,3,TRUE,FALSE,FALSE,113391391,"['1.0', ' 1.4142135623730951', ' 2.23606797749979']","[1.0, 1.4142135623730951, 2.23606797749979]",dark_michaels_high_A_3.jpg
424,dark,michaels,high,A,3,TRUE,FALSE,FALSE,120973759,"['1.0', ' 1.4142135623730951', ' 1.4142135623730951']","[1.0, 1.4142135623730951, 1.4142135623730951]",dark_michaels_high_A_4.jpg
425,dark,michaels,high,B,4,TRUE,TRUE,TRUE,114946165,"['1.0', ' 1.0', ' 2.23606797749979', ' 3.1622776601683795']","[1.0, 1.0, 2.23606797749979, 3.1622776601683795]",dark_michaels_high_B_0.jpg
426,dark,michaels,high,B,4,TRUE,TRUE,TRUE,109387110,"['0.0', ' 1.0', ' 1.0', ' 2.23606797749979']","[0.0, 1.0, 1.0, 2.23606797749979]",dark_michaels_high_B_1.jpg
427,dark,michaels,high,B,4,TRUE,TRUE,TRUE,113555345,"['1.0', ' 2.0', ' 2.0', ' 2.23606797749979']","[1.0, 2.0, 2.0, 2.23606797749979]",dark_michaels_high_B_2.jpg
428,dark,michaels,high,B,4,TRUE,TRUE,TRUE,116877926,"['1.0', ' 1.0', ' 2.23606797749979', ' 3.1622776601683795']","[1.0, 1.0, 2.23606797749979, 3.1622776601683795]",dark_michaels_high_B_3.jpg
429,dark,michaels,high,B,4,TRUE,TRUE,TRUE,115412829,"['0.0', ' 1.4142135623730951', ' 2.0', ' 2.23606797749979']","[0.0, 1.4142135623730951, 2.0, 2.23606797749979]",dark_michaels_high_B_4.jpg
430,dark,michaels,high,C,3,TRUE,FALSE,FALSE,112336109,"['0.0', ' 1.0', ' 2.0']","[0.0, 1.0, 2.0]",dark_michaels_high_C_0.jpg
431,dark,michaels,high,C,3,TRUE,FALSE,FALSE,108988455,"['1.0', ' 1.4142135623730951', ' 2.23606797749979']","[1.0, 1.4142135623730951, 2.23606797749979]",dark_michaels_high_C_1.jpg
432,dark,michaels,high,C,3,TRUE,FALSE,FALSE,117697929,"['1.0', ' 2.0', ' 2.23606797749979']","[1.0, 2.0, 2.23606797749979]",dark_michaels_high_C_2.jpg
433,dark,michaels,high,C,3,TRUE,FALSE,FALSE,120009069,"['1.0', ' 1.4142135623730951', ' 2.0']","[1.0, 1.4142135623730951, 2.0]",dark_michaels_high_C_3.jpg
434,dark,michaels,high,C,3,TRUE,FALSE,FALSE,110990711,"['0.0', ' 2.0', ' 2.0']","[0.0, 2.0, 2.0]",dark_michaels_high_C_4.jpg
435,dark,michaels,high,D,1,TRUE,FALSE,FALSE,113558308,['3.1622776601683795'],[3.1622776601683795],dark_michaels_high_D_0.jpg
436,dark,michaels,high,D,1,TRUE,FALSE,FALSE,117268279,['2.0'],[2.0],dark_michaels_high_D_1.jpg
437,dark,michaels,high,D,1,TRUE,FALSE,FALSE,113755171,['3.0'],[3.0],dark_michaels_high_D_2.jpg
438,dark,michaels,high,D,1,TRUE,FALSE,FALSE,119204244,['2.8284271247461903'],[2.8284271247461903],dark_michaels_high_D_3.jpg
439,dark,michaels,high,D,1,TRUE,FALSE,FALSE,114414535,['1.4142135623730951'],[1.4142135623730951],dark_michaels_high_D_4.jpg
440,dark,michaels,medium,A,2,TRUE,FALSE,FALSE,114421568,"['0.0', ' 1.0']","[0.0, 1.0]",dark_michaels_medium_A_0.jpg
441,dark,michaels,medium,A,2,FALSE,FALSE,FALSE,119336508,"['1.4142135623730951', ' 7.0710678118654755']","[1.4142135623730951, 7.0710678118654755]",dark_michaels_medium_A_1.jpg
442,dark,michaels,medium,A,3,TRUE,FALSE,FALSE,121768347,"['2.0', ' 3.0', ' 3.1622776601683795']","[2.0, 3.0, 3.1622776601683795]",dark_michaels_medium_A_2.jpg
443,dark,michaels,medium,A,3,TRUE,FALSE,FALSE,118845627,"['0.0', ' 2.23606797749979', ' 2.23606797749979']","[0.0, 2.23606797749979, 2.23606797749979]",dark_michaels_medium_A_3.jpg
444,dark,michaels,medium,A,3,TRUE,FALSE,FALSE,118468460,"['1.4142135623730951', ' 2.23606797749979', ' 2.23606797749979']","[1.4142135623730951, 2.23606797749979, 2.23606797749979]",dark_michaels_medium_A_4.jpg
445,dark,michaels,medium,B,3,TRUE,FALSE,FALSE,119555349,"['2.0', ' 2.23606797749979', ' 2.23606797749979']","[2.0, 2.23606797749979, 2.23606797749979]",dark_michaels_medium_B_0.jpg
446,dark,michaels,medium,B,3,TRUE,FALSE,FALSE,123013439,"['0.0', ' 2.23606797749979', ' 3.0']","[0.0, 2.23606797749979, 3.0]",dark_michaels_medium_B_1.jpg
447,dark,michaels,medium,B,3,FALSE,FALSE,FALSE,122535727,"['2.8284271247461903', ' 2.8284271247461903', ' 5.0']","[2.8284271247461903, 2.8284271247461903, 5.0]",dark_michaels_medium_B_2.jpg
448,dark,michaels,medium,B,3,TRUE,FALSE,FALSE,119230258,"['1.0', ' 2.8284271247461903', ' 3.0']","[1.0, 2.8284271247461903, 3.0]",dark_michaels_medium_B_3.jpg
449,dark,michaels,medium,B,3,FALSE,FALSE,FALSE,115854340,"['1.4142135623730951', ' 2.0', ' 6.082762530298219']","[1.4142135623730951, 2.0, 6.082762530298219]",dark_michaels_medium_B_4.jpg
450,dark,michaels,medium,C,3,TRUE,FALSE,FALSE,116904186,"['1.0', ' 1.0', ' 1.0']","[1.0, 1.0, 1.0]",dark_michaels_medium_C_0.jpg
451,dark,michaels,medium,C,3,TRUE,FALSE,FALSE,120277033,"['0.0', ' 1.0', ' 2.23606797749979']","[0.0, 1.0, 2.23606797749979]",dark_michaels_medium_C_1.jpg
452,dark,michaels,medium,C,3,TRUE,FALSE,FALSE,119560756,"['0.0', ' 1.0', ' 1.4142135623730951']","[0.0, 1.0, 1.4142135623730951]",dark_michaels_medium_C_2.jpg
453,dark,michaels,medium,C,2,TRUE,FALSE,FALSE,122173015,"['1.4142135623730951', ' 2.0']","[1.4142135623730951, 2.0]",dark_michaels_medium_C_3.jpg
454,dark,michaels,medium,C,3,FALSE,FALSE,FALSE,111888532,"['1.0', ' 3.0', ' 8.06225774829855']","[1.0, 3.0, 8.06225774829855]",dark_michaels_medium_C_4.jpg
455,dark,michaels,medium,D,1,TRUE,FALSE,FALSE,116782503,['2.0'],[2.0],dark_michaels_medium_D_0.jpg
456,dark,michaels,medium,D,1,TRUE,FALSE,FALSE,120464812,['1.4142135623730951'],[1.4142135623730951],dark_michaels_medium_D_1.jpg
457,dark,michaels,medium,D,1,TRUE,FALSE,FALSE,126182949,['1.4142135623730951'],[1.4142135623730951],dark_michaels_medium_D_2.jpg
458,dark,michaels,medium,D,1,TRUE,FALSE,FALSE,129210324,['1.4142135623730951'],[1.4142135623730951],dark_michaels_medium_D_3.jpg
459,dark,michaels,medium,D,1,TRUE,FALSE,FALSE,113196743,['2.0'],[2.0],dark_michaels_medium_D_4.jpg
460,dark,michaels,short,A,3,TRUE,FALSE,FALSE,114184254,"['0.0', ' 1.0', ' 2.8284271247461903']","[0.0, 1.0, 2.8284271247461903]",dark_michaels_short_A_0.jpg
461,dark,michaels,short,A,2,TRUE,FALSE,FALSE,114021604,"['1.4142135623730951', ' 2.0']","[1.4142135623730951, 2.0]",dark_michaels_short_A_1.jpg
462,dark,michaels,short,A,2,TRUE,FALSE,FALSE,117660499,"['1.0', ' 2.0']","[1.0, 2.0]",dark_michaels_short_A_2.jpg
463,dark,michaels,short,A,2,TRUE,FALSE,FALSE,112872587,"['1.4142135623730951', ' 3.1622776601683795']","[1.4142135623730951, 3.1622776601683795]",dark_michaels_short_A_3.jpg
464,dark,michaels,short,A,2,TRUE,FALSE,FALSE,111475824,"['2.23606797749979', ' 2.8284271247461903']","[2.23606797749979, 2.8284271247461903]",dark_michaels_short_A_4.jpg
465,dark,michaels,short,B,4,TRUE,TRUE,TRUE,111374095,"['1.0', ' 2.23606797749979', ' 3.1622776601683795', ' 3.605551275463989']","[1.0, 2.23606797749979, 3.1622776601683795, 3.605551275463989]",dark_michaels_short_B_0.jpg
466,dark,michaels,short,B,4,TRUE,TRUE,TRUE,116075110,"['1.4142135623730951', ' 2.23606797749979', ' 3.0', ' 3.1622776601683795']","[1.4142135623730951, 2.23606797749979, 3.0, 3.1622776601683795]",dark_michaels_short_B_1.jpg
467,dark,michaels,short,B,4,TRUE,TRUE,TRUE,118884378,"['1.4142135623730951', ' 1.4142135623730951', ' 1.4142135623730951', ' 1.4142135623730951']","[1.4142135623730951, 1.4142135623730951, 1.4142135623730951, 1.4142135623730951]",dark_michaels_short_B_2.jpg
468,dark,michaels,short,B,4,TRUE,TRUE,TRUE,115877632,"['0.0', ' 1.0', ' 1.4142135623730951', ' 3.1622776601683795']","[0.0, 1.0, 1.4142135623730951, 3.1622776601683795]",dark_michaels_short_B_3.jpg
469,dark,michaels,short,B,4,TRUE,TRUE,TRUE,114987672,"['0.0', ' 1.4142135623730951', ' 2.0', ' 2.23606797749979']","[0.0, 1.4142135623730951, 2.0, 2.23606797749979]",dark_michaels_short_B_4.jpg
470,dark,michaels,short,C,3,TRUE,FALSE,FALSE,105092874,"['1.4142135623730951', ' 2.0', ' 3.0']","[1.4142135623730951, 2.0, 3.0]",dark_michaels_short_C_0.jpg
471,dark,michaels,short,C,3,TRUE,FALSE,FALSE,116065421,"['2.23606797749979', ' 2.8284271247461903', ' 3.0']","[2.23606797749979, 2.8284271247461903, 3.0]",dark_michaels_short_C_1.jpg
472,dark,michaels,short,C,3,TRUE,FALSE,FALSE,115750530,"['0.0', ' 2.0', ' 2.23606797749979']","[0.0, 2.0, 2.23606797749979]",dark_michaels_short_C_2.jpg
473,dark,michaels,short,C,4,FALSE,TRUE,FALSE,123369438,"['1.0', ' 1.4142135623730951', ' 2.23606797749979', ' 372.1464765384727']","[1.0, 1.4142135623730951, 2.23606797749979, 372.1464765384727]",dark_michaels_short_C_3.jpg
474,dark,michaels,short,C,3,TRUE,FALSE,FALSE,114428064,"['0.0', ' 1.0', ' 1.0']","[0.0, 1.0, 1.0]",dark_michaels_short_C_4.jpg
475,dark,michaels,short,D,1,TRUE,FALSE,FALSE,116490430,['1.4142135623730951'],[1.4142135623730951],dark_michaels_short_D_0.jpg
476,dark,michaels,short,D,1,TRUE,FALSE,FALSE,116561554,['3.1622776601683795'],[3.1622776601683795],dark_michaels_short_D_1.jpg
477,dark,michaels,short,D,1,TRUE,FALSE,FALSE,115574362,['2.0'],[2.0],dark_michaels_short_D_2.jpg
478,dark,michaels,short,D,1,TRUE,FALSE,FALSE,115188563,['2.0'],[2.0],dark_michaels_short_D_3.jpg
479,dark,michaels,short,D,1,TRUE,FALSE,FALSE,109860748,['1.4142135623730951'],[1.4142135623730951],dark_michaels_short_D_4.jpg