,key,path,found_perm,true_perm,correct,overlap,luv_coords
0,a,../data/images_copy/custom/michaels/high/A/custom_michaels_high_A_3.jpg,afd,afd,True,3,"[array([ 77, 162, 157], dtype=uint8), array([ 86, 155, 131], dtype=uint8), array([89, 85, 53], dtype=uint8)]"
1,a,../data/images_copy/custom/michaels/high/A/custom_michaels_high_A_2.jpg,afd,afd,True,3,"[array([ 93, 166, 159], dtype=uint8), array([104, 161, 127], dtype=uint8), array([105,  82,  51], dtype=uint8)]"
2,a,../data/images_copy/custom/michaels/high/A/custom_michaels_high_A_0.jpg,afh,afd,False,2,"[array([108, 173, 160], dtype=uint8), array([134, 139, 121], dtype=uint8), array([148,  83,  54], dtype=uint8)]"
3,a,../data/images_copy/custom/michaels/high/A/custom_michaels_high_A_1.jpg,efd,afd,False,2,"[array([164, 131, 153], dtype=uint8), array([138, 146, 121], dtype=uint8), array([130,  82,  42], dtype=uint8)]"
4,a,../data/images_copy/custom/michaels/high/A/custom_michaels_high_A_4.jpg,afd,afd,True,3,"[array([ 75, 164, 156], dtype=uint8), array([ 77, 148, 130], dtype=uint8), array([84, 86, 53], dtype=uint8)]"
5,a,../data/images_copy/custom/michaels/short/A/custom_michaels_short_A_3.jpg,afd,afd,True,3,"[array([ 61, 143, 152], dtype=uint8), array([ 74, 149, 133], dtype=uint8), array([89, 85, 60], dtype=uint8)]"
6,a,../data/images_copy/custom/michaels/short/A/custom_michaels_short_A_2.jpg,abd,afd,False,2,"[array([ 64, 152, 154], dtype=uint8), array([ 68, 143, 133], dtype=uint8), array([72, 88, 67], dtype=uint8)]"
7,a,../data/images_copy/custom/michaels/short/A/custom_michaels_short_A_0.jpg,afd,afd,True,3,"[array([ 85, 155, 156], dtype=uint8), array([ 79, 146, 130], dtype=uint8), array([78, 87, 66], dtype=uint8)]"
8,a,../data/images_copy/custom/michaels/short/A/custom_michaels_short_A_1.jpg,afd,afd,True,3,"[array([ 77, 160, 157], dtype=uint8), array([ 86, 145, 127], dtype=uint8), array([83, 86, 63], dtype=uint8)]"
9,a,../data/images_copy/custom/michaels/short/A/custom_michaels_short_A_4.jpg,aad,afd,False,2,"[array([ 60, 148, 153], dtype=uint8), array([ 59, 142, 139], dtype=uint8), array([70, 88, 67], dtype=uint8)]"
10,a,../data/images_copy/custom/michaels/medium/A/custom_michaels_medium_A_4.jpg,afd,afd,True,3,"[array([104, 153, 155], dtype=uint8), array([ 97, 146, 124], dtype=uint8), array([101,  84,  65], dtype=uint8)]"
11,a,../data/images_copy/custom/michaels/medium/A/custom_michaels_medium_A_1.jpg,afd,afd,True,3,"[array([105, 154, 156], dtype=uint8), array([127, 142, 125], dtype=uint8), array([102,  84,  66], dtype=uint8)]"
12,a,../data/images_copy/custom/michaels/medium/A/custom_michaels_medium_A_0.jpg,afd,afd,True,3,"[array([ 85, 166, 158], dtype=uint8), array([ 94, 148, 125], dtype=uint8), array([82, 86, 63], dtype=uint8)]"
13,a,../data/images_copy/custom/michaels/medium/A/custom_michaels_medium_A_2.jpg,afd,afd,True,3,"[array([ 94, 169, 156], dtype=uint8), array([ 93, 148, 120], dtype=uint8), array([93, 85, 65], dtype=uint8)]"
14,a,../data/images_copy/custom/michaels/medium/A/custom_michaels_medium_A_3.jpg,afd,afd,True,3,"[array([ 69, 150, 154], dtype=uint8), array([ 96, 155, 127], dtype=uint8), array([115,  82,  60], dtype=uint8)]"
15,a,../data/images_copy/custom/davids/high/A/custom_davids_high_A_4.jpg,afd,afd,True,3,"[array([ 79, 163, 158], dtype=uint8), array([ 83, 154, 133], dtype=uint8), array([80, 87, 56], dtype=uint8)]"
16,a,../data/images_copy/custom/davids/high/A/custom_davids_high_A_2.jpg,afd,afd,True,3,"[array([ 79, 163, 158], dtype=uint8), array([ 83, 154, 133], dtype=uint8), array([80, 87, 56], dtype=uint8)]"
17,a,../data/images_copy/custom/davids/high/A/custom_davids_high_A_3.jpg,afd,afd,True,3,"[array([ 83, 161, 156], dtype=uint8), array([ 99, 157, 125], dtype=uint8), array([111,  82,  45], dtype=uint8)]"
18,a,../data/images_copy/custom/davids/high/A/custom_davids_high_A_1.jpg,afd,afd,True,3,"[array([ 83, 161, 156], dtype=uint8), array([ 99, 157, 125], dtype=uint8), array([111,  82,  45], dtype=uint8)]"
19,a,../data/images_copy/custom/davids/high/A/custom_davids_high_A_0.jpg,afd,afd,True,3,"[array([ 83, 161, 156], dtype=uint8), array([ 99, 157, 125], dtype=uint8), array([111,  82,  45], dtype=uint8)]"
20,a,../data/images_copy/custom/davids/short/A/custom_davids_short_A_4.jpg,afd,afd,True,3,"[array([ 88, 142, 148], dtype=uint8), array([ 99, 136, 118], dtype=uint8), array([111,  85,  62], dtype=uint8)]"
21,a,../data/images_copy/custom/davids/short/A/custom_davids_short_A_2.jpg,afd,afd,True,3,"[array([ 87, 145, 150], dtype=uint8), array([ 86, 147, 125], dtype=uint8), array([75, 88, 67], dtype=uint8)]"
22,a,../data/images_copy/custom/davids/short/A/custom_davids_short_A_3.jpg,ehh,afd,False,0,"[array([144, 136, 147], dtype=uint8), array([150, 128, 115], dtype=uint8), array([134,  83,  57], dtype=uint8)]"
23,a,../data/images_copy/custom/davids/short/A/custom_davids_short_A_1.jpg,afd,afd,True,3,"[array([ 61, 149, 153], dtype=uint8), array([ 87, 147, 126], dtype=uint8), array([110,  84,  59], dtype=uint8)]"
24,a,../data/images_copy/custom/davids/short/A/custom_davids_short_A_0.jpg,afd,afd,True,3,"[array([ 55, 142, 150], dtype=uint8), array([ 79, 146, 124], dtype=uint8), array([91, 85, 59], dtype=uint8)]"
25,a,../data/images_copy/custom/davids/medium/A/custom_davids_medium_A_2.jpg,efd,afd,False,2,"[array([133, 131, 146], dtype=uint8), array([ 92, 144, 122], dtype=uint8), array([86, 86, 63], dtype=uint8)]"
26,a,../data/images_copy/custom/davids/medium/A/custom_davids_medium_A_3.jpg,efd,afd,False,2,"[array([153, 133, 147], dtype=uint8), array([124, 139, 118], dtype=uint8), array([114,  83,  61], dtype=uint8)]"
27,a,../data/images_copy/custom/davids/medium/A/custom_davids_medium_A_1.jpg,afd,afd,True,3,"[array([ 70, 158, 155], dtype=uint8), array([ 75, 147, 130], dtype=uint8), array([74, 88, 60], dtype=uint8)]"
28,a,../data/images_copy/custom/davids/medium/A/custom_davids_medium_A_0.jpg,abd,afd,False,2,"[array([ 68, 158, 155], dtype=uint8), array([ 65, 141, 131], dtype=uint8), array([67, 89, 62], dtype=uint8)]"
29,a,../data/images_copy/custom/davids/medium/A/custom_davids_medium_A_4.jpg,ffh,afd,False,1,"[array([109, 147, 150], dtype=uint8), array([135, 133, 121], dtype=uint8), array([147,  85,  59], dtype=uint8)]"
30,a,../data/images_copy/custom/john_honey/high/A/custom_john_honey_high_A_3.jpg,afd,afd,True,3,"[array([ 83, 169, 159], dtype=uint8), array([100, 161, 130], dtype=uint8), array([117,  82,  61], dtype=uint8)]"
31,a,../data/images_copy/custom/john_honey/high/A/custom_john_honey_high_A_2.jpg,afd,afd,True,3,"[array([ 88, 174, 160], dtype=uint8), array([106, 168, 135], dtype=uint8), array([110,  83,  62], dtype=uint8)]"
32,a,../data/images_copy/custom/john_honey/high/A/custom_john_honey_high_A_0.jpg,afh,afd,False,2,"[array([ 99, 178, 161], dtype=uint8), array([102, 146, 125], dtype=uint8), array([117,  84,  74], dtype=uint8)]"
33,a,../data/images_copy/custom/john_honey/high/A/custom_john_honey_high_A_1.jpg,efh,afd,False,1,"[array([147, 134, 151], dtype=uint8), array([114, 152, 124], dtype=uint8), array([122,  84,  67], dtype=uint8)]"
34,a,../data/images_copy/custom/john_honey/high/A/custom_john_honey_high_A_4.jpg,afh,afd,False,2,"[array([ 83, 166, 159], dtype=uint8), array([ 90, 155, 132], dtype=uint8), array([118,  82,  69], dtype=uint8)]"
35,a,../data/images_copy/custom/john_honey/short/A/custom_john_honey_short_A_1.jpg,afd,afd,True,3,"[array([ 81, 151, 154], dtype=uint8), array([ 91, 157, 137], dtype=uint8), array([96, 85, 69], dtype=uint8)]"
36,a,../data/images_copy/custom/john_honey/short/A/custom_john_honey_short_A_0.jpg,afd,afd,True,3,"[array([ 85, 162, 158], dtype=uint8), array([ 96, 147, 129], dtype=uint8), array([84, 86, 76], dtype=uint8)]"
37,a,../data/images_copy/custom/john_honey/short/A/custom_john_honey_short_A_2.jpg,afd,afd,True,3,"[array([ 60, 150, 153], dtype=uint8), array([ 94, 161, 134], dtype=uint8), array([97, 85, 72], dtype=uint8)]"
38,a,../data/images_copy/custom/john_honey/short/A/custom_john_honey_short_A_3.jpg,aad,afd,False,2,"[array([ 74, 158, 157], dtype=uint8), array([ 85, 157, 140], dtype=uint8), array([74, 88, 79], dtype=uint8)]"
39,a,../data/images_copy/custom/john_honey/short/A/custom_john_honey_short_A_4.jpg,afd,afd,True,3,"[array([ 68, 154, 156], dtype=uint8), array([ 96, 158, 134], dtype=uint8), array([85, 86, 74], dtype=uint8)]"
40,a,../data/images_copy/custom/john_honey/medium/A/custom_john_honey_medium_A_4.jpg,afd,afd,True,3,"[array([ 85, 169, 159], dtype=uint8), array([ 93, 161, 136], dtype=uint8), array([87, 86, 78], dtype=uint8)]"
41,a,../data/images_copy/custom/john_honey/medium/A/custom_john_honey_medium_A_2.jpg,afd,afd,True,3,"[array([ 72, 157, 156], dtype=uint8), array([ 99, 164, 133], dtype=uint8), array([97, 85, 78], dtype=uint8)]"
42,a,../data/images_copy/custom/john_honey/medium/A/custom_john_honey_medium_A_3.jpg,afd,afd,True,3,"[array([ 85, 167, 159], dtype=uint8), array([ 93, 157, 133], dtype=uint8), array([94, 85, 79], dtype=uint8)]"
43,a,../data/images_copy/custom/john_honey/medium/A/custom_john_honey_medium_A_1.jpg,afd,afd,True,3,"[array([ 90, 172, 160], dtype=uint8), array([102, 161, 132], dtype=uint8), array([89, 85, 74], dtype=uint8)]"
44,a,../data/images_copy/custom/john_honey/medium/A/custom_john_honey_medium_A_0.jpg,afd,afd,True,3,"[array([ 91, 171, 160], dtype=uint8), array([102, 160, 133], dtype=uint8), array([90, 85, 74], dtype=uint8)]"
45,a,../data/images_copy/custom/jack_cole/high/A/custom_jack_cole_high_A_4.jpg,afd,afd,True,3,"[array([ 83, 161, 160], dtype=uint8), array([ 86, 149, 129], dtype=uint8), array([104,  83,  50], dtype=uint8)]"
46,a,../data/images_copy/custom/jack_cole/high/A/custom_jack_cole_high_A_1.jpg,afd,afd,True,3,"[array([ 83, 165, 159], dtype=uint8), array([ 85, 155, 133], dtype=uint8), array([92, 85, 57], dtype=uint8)]"
47,a,../data/images_copy/custom/jack_cole/high/A/custom_jack_cole_high_A_0.jpg,afd,afd,True,3,"[array([ 77, 144, 156], dtype=uint8), array([ 89, 150, 130], dtype=uint8), array([87, 85, 60], dtype=uint8)]"
48,a,../data/images_copy/custom/jack_cole/high/A/custom_jack_cole_high_A_2.jpg,afd,afd,True,3,"[array([ 77, 160, 158], dtype=uint8), array([ 79, 149, 133], dtype=uint8), array([84, 86, 63], dtype=uint8)]"
49,a,../data/images_copy/custom/jack_cole/high/A/custom_jack_cole_high_A_3.jpg,afd,afd,True,3,"[array([ 79, 153, 155], dtype=uint8), array([ 86, 153, 133], dtype=uint8), array([79, 87, 66], dtype=uint8)]"
50,a,../data/images_copy/custom/jack_cole/short/A/custom_jack_cole_short_A_4.jpg,afd,afd,True,3,"[array([ 93, 141, 150], dtype=uint8), array([100, 134, 122], dtype=uint8), array([109,  83,  64], dtype=uint8)]"
51,a,../data/images_copy/custom/jack_cole/short/A/custom_jack_cole_short_A_1.jpg,afd,afd,True,3,"[array([ 80, 154, 157], dtype=uint8), array([ 80, 145, 131], dtype=uint8), array([111,  82,  66], dtype=uint8)]"
52,a,../data/images_copy/custom/jack_cole/short/A/custom_jack_cole_short_A_0.jpg,afd,afd,True,3,"[array([ 78, 146, 154], dtype=uint8), array([ 79, 148, 132], dtype=uint8), array([82, 86, 67], dtype=uint8)]"
53,a,../data/images_copy/custom/jack_cole/short/A/custom_jack_cole_short_A_2.jpg,afd,afd,True,3,"[array([ 81, 145, 154], dtype=uint8), array([108, 145, 127], dtype=uint8), array([109,  83,  72], dtype=uint8)]"
54,a,../data/images_copy/custom/jack_cole/short/A/custom_jack_cole_short_A_3.jpg,afd,afd,True,3,"[array([ 93, 148, 154], dtype=uint8), array([113, 139, 124], dtype=uint8), array([104,  83,  76], dtype=uint8)]"
55,a,../data/images_copy/custom/jack_cole/medium/A/custom_jack_cole_medium_A_3.jpg,afd,afd,True,3,"[array([ 62, 147, 152], dtype=uint8), array([ 85, 142, 125], dtype=uint8), array([101,  83,  60], dtype=uint8)]"
56,a,../data/images_copy/custom/jack_cole/medium/A/custom_jack_cole_medium_A_2.jpg,afd,afd,True,3,"[array([ 67, 143, 152], dtype=uint8), array([ 88, 148, 128], dtype=uint8), array([97, 84, 62], dtype=uint8)]"
57,a,../data/images_copy/custom/jack_cole/medium/A/custom_jack_cole_medium_A_0.jpg,afd,afd,True,3,"[array([ 75, 151, 155], dtype=uint8), array([ 96, 139, 122], dtype=uint8), array([109,  83,  71], dtype=uint8)]"
58,a,../data/images_copy/custom/jack_cole/medium/A/custom_jack_cole_medium_A_1.jpg,afd,afd,True,3,"[array([ 82, 151, 155], dtype=uint8), array([ 97, 145, 125], dtype=uint8), array([96, 84, 65], dtype=uint8)]"
59,a,../data/images_copy/custom/jack_cole/medium/A/custom_jack_cole_medium_A_4.jpg,afd,afd,True,3,"[array([ 72, 152, 156], dtype=uint8), array([ 87, 146, 129], dtype=uint8), array([90, 85, 62], dtype=uint8)]"
60,b,../data/images_copy/custom/michaels/high/B/custom_michaels_high_B_2.jpg,ahc,ahc,True,3,"[array([ 82, 161, 158], dtype=uint8), array([146,  74, 103], dtype=uint8), array([116,  72, 147], dtype=uint8)]"
61,b,../data/images_copy/custom/michaels/high/B/custom_michaels_high_B_3.jpg,ehc,ahc,False,2,"[array([160, 139, 147], dtype=uint8), array([153,  75,  95], dtype=uint8), array([134,  73, 140], dtype=uint8)]"
62,b,../data/images_copy/custom/michaels/high/B/custom_michaels_high_B_1.jpg,ahc,ahc,True,3,"[array([ 77, 161, 157], dtype=uint8), array([143,  72, 103], dtype=uint8), array([125,  71, 143], dtype=uint8)]"
63,b,../data/images_copy/custom/michaels/high/B/custom_michaels_high_B_0.jpg,ahc,ahc,True,3,"[array([ 89, 167, 158], dtype=uint8), array([157,  73,  98], dtype=uint8), array([132,  70, 146], dtype=uint8)]"
64,b,../data/images_copy/custom/michaels/high/B/custom_michaels_high_B_4.jpg,ahc,ahc,True,3,"[array([ 90, 169, 157], dtype=uint8), array([122,  75,  99], dtype=uint8), array([130,  72, 139], dtype=uint8)]"
65,b,../data/images_copy/custom/michaels/short/B/custom_michaels_short_B_2.jpg,ahc,ahc,True,3,"[array([ 66, 153, 154], dtype=uint8), array([138,  76, 111], dtype=uint8), array([113,  74, 145], dtype=uint8)]"
66,b,../data/images_copy/custom/michaels/short/B/custom_michaels_short_B_3.jpg,fhc,ahc,False,2,"[array([ 98, 143, 149], dtype=uint8), array([151,  77, 106], dtype=uint8), array([103,  75, 145], dtype=uint8)]"
67,b,../data/images_copy/custom/michaels/short/B/custom_michaels_short_B_1.jpg,ahc,ahc,True,3,"[array([ 61, 151, 153], dtype=uint8), array([125,  76, 109], dtype=uint8), array([110,  75, 144], dtype=uint8)]"
68,b,../data/images_copy/custom/michaels/short/B/custom_michaels_short_B_0.jpg,ahc,ahc,True,3,"[array([ 62, 154, 153], dtype=uint8), array([110,  77, 106], dtype=uint8), array([125,  76, 141], dtype=uint8)]"
69,b,../data/images_copy/custom/michaels/short/B/custom_michaels_short_B_4.jpg,ahc,ahc,True,3,"[array([ 87, 143, 147], dtype=uint8), array([137,  78, 106], dtype=uint8), array([ 91,  77, 146], dtype=uint8)]"
70,b,../data/images_copy/custom/michaels/medium/B/custom_michaels_medium_B_4.jpg,ahc,ahc,True,3,"[array([ 89, 154, 152], dtype=uint8), array([117,  77, 106], dtype=uint8), array([ 86,  77, 149], dtype=uint8)]"
71,b,../data/images_copy/custom/michaels/medium/B/custom_michaels_medium_B_0.jpg,ahc,ahc,True,3,"[array([ 76, 160, 156], dtype=uint8), array([132,  76, 109], dtype=uint8), array([ 97,  74, 155], dtype=uint8)]"
72,b,../data/images_copy/custom/michaels/medium/B/custom_michaels_medium_B_1.jpg,fhc,ahc,False,2,"[array([122, 151, 152], dtype=uint8), array([130,  76, 105], dtype=uint8), array([110,  74, 147], dtype=uint8)]"
73,b,../data/images_copy/custom/michaels/medium/B/custom_michaels_medium_B_3.jpg,ahc,ahc,True,3,"[array([105, 158, 153], dtype=uint8), array([134,  75, 106], dtype=uint8), array([117,  73, 147], dtype=uint8)]"
74,b,../data/images_copy/custom/michaels/medium/B/custom_michaels_medium_B_2.jpg,ahc,ahc,True,3,"[array([ 83, 155, 151], dtype=uint8), array([115,  77, 105], dtype=uint8), array([122,  74, 143], dtype=uint8)]"
75,b,../data/images_copy/custom/davids/high/B/custom_davids_high_B_4.jpg,fhc,ahc,False,2,"[array([113, 148, 150], dtype=uint8), array([145,  76,  93], dtype=uint8), array([108,  74, 139], dtype=uint8)]"
76,b,../data/images_copy/custom/davids/high/B/custom_davids_high_B_3.jpg,fhc,ahc,False,2,"[array([113, 148, 150], dtype=uint8), array([145,  76,  93], dtype=uint8), array([108,  74, 139], dtype=uint8)]"
77,b,../data/images_copy/custom/davids/high/B/custom_davids_high_B_2.jpg,ahc,ahc,True,3,"[array([101, 162, 154], dtype=uint8), array([128,  74,  99], dtype=uint8), array([110,  74, 142], dtype=uint8)]"
78,b,../data/images_copy/custom/davids/high/B/custom_davids_high_B_0.jpg,ahc,ahc,True,3,"[array([ 95, 157, 150], dtype=uint8), array([138,  74,  94], dtype=uint8), array([128,  71, 140], dtype=uint8)]"
79,b,../data/images_copy/custom/davids/high/B/custom_davids_high_B_1.jpg,ahc,ahc,True,3,"[array([105, 175, 159], dtype=uint8), array([140,  73,  95], dtype=uint8), array([160,  72, 140], dtype=uint8)]"
80,b,../data/images_copy/custom/davids/short/B/custom_davids_short_B_4.jpg,ehc,ahc,False,2,"[array([133, 126, 142], dtype=uint8), array([108,  78, 103], dtype=uint8), array([101,  76, 140], dtype=uint8)]"
81,b,../data/images_copy/custom/davids/short/B/custom_davids_short_B_3.jpg,fhc,ahc,False,2,"[array([124, 135, 147], dtype=uint8), array([130,  76, 104], dtype=uint8), array([146,  77, 140], dtype=uint8)]"
82,b,../data/images_copy/custom/davids/short/B/custom_davids_short_B_2.jpg,fhc,ahc,False,2,"[array([119, 132, 145], dtype=uint8), array([129,  77, 104], dtype=uint8), array([142,  78, 137], dtype=uint8)]"
83,b,../data/images_copy/custom/davids/short/B/custom_davids_short_B_0.jpg,ahc,ahc,True,3,"[array([ 73, 159, 156], dtype=uint8), array([137,  76, 104], dtype=uint8), array([128,  73, 142], dtype=uint8)]"
84,b,../data/images_copy/custom/davids/short/B/custom_davids_short_B_1.jpg,ahc,ahc,True,3,"[array([ 76, 160, 155], dtype=uint8), array([134,  77, 106], dtype=uint8), array([167,  78, 141], dtype=uint8)]"
85,b,../data/images_copy/custom/davids/medium/B/custom_davids_medium_B_3.jpg,ahc,ahc,True,3,"[array([ 66, 156, 155], dtype=uint8), array([123,  75,  98], dtype=uint8), array([111,  74, 139], dtype=uint8)]"
86,b,../data/images_copy/custom/davids/medium/B/custom_davids_medium_B_2.jpg,ahc,ahc,True,3,"[array([ 71, 160, 156], dtype=uint8), array([126,  75, 102], dtype=uint8), array([ 86,  77, 145], dtype=uint8)]"
87,b,../data/images_copy/custom/davids/medium/B/custom_davids_medium_B_0.jpg,ahc,ahc,True,3,"[array([ 61, 153, 153], dtype=uint8), array([117,  76,  97], dtype=uint8), array([ 92,  77, 139], dtype=uint8)]"
88,b,../data/images_copy/custom/davids/medium/B/custom_davids_medium_B_1.jpg,ahc,ahc,True,3,"[array([ 70, 160, 156], dtype=uint8), array([126,  75,  99], dtype=uint8), array([112,  74, 137], dtype=uint8)]"
89,b,../data/images_copy/custom/davids/medium/B/custom_davids_medium_B_4.jpg,ahc,ahc,True,3,"[array([ 58, 150, 152], dtype=uint8), array([112,  77,  99], dtype=uint8), array([102,  74, 139], dtype=uint8)]"
90,b,../data/images_copy/custom/john_honey/high/B/custom_john_honey_high_B_2.jpg,ahc,ahc,True,3,"[array([ 94, 176, 160], dtype=uint8), array([139,  76, 117], dtype=uint8), array([146,  76, 150], dtype=uint8)]"
91,b,../data/images_copy/custom/john_honey/high/B/custom_john_honey_high_B_3.jpg,ahc,ahc,True,3,"[array([ 94, 160, 153], dtype=uint8), array([164,  75, 117], dtype=uint8), array([133,  72, 155], dtype=uint8)]"
92,b,../data/images_copy/custom/john_honey/high/B/custom_john_honey_high_B_1.jpg,fhc,ahc,False,2,"[array([110, 154, 152], dtype=uint8), array([154,  74, 117], dtype=uint8), array([135,  72, 150], dtype=uint8)]"
93,b,../data/images_copy/custom/john_honey/high/B/custom_john_honey_high_B_0.jpg,ahc,ahc,True,3,"[array([ 93, 158, 154], dtype=uint8), array([166,  75, 115], dtype=uint8), array([137,  72, 153], dtype=uint8)]"
94,b,../data/images_copy/custom/john_honey/high/B/custom_john_honey_high_B_4.jpg,ahc,ahc,True,3,"[array([ 89, 157, 154], dtype=uint8), array([155,  77, 117], dtype=uint8), array([125,  73, 154], dtype=uint8)]"
95,b,../data/images_copy/custom/john_honey/short/B/custom_john_honey_short_B_0.jpg,ahc,ahc,True,3,"[array([ 79, 165, 157], dtype=uint8), array([133,  76, 117], dtype=uint8), array([ 93,  77, 154], dtype=uint8)]"
96,b,../data/images_copy/custom/john_honey/short/B/custom_john_honey_short_B_1.jpg,ahc,ahc,True,3,"[array([ 90, 161, 157], dtype=uint8), array([122,  76, 118], dtype=uint8), array([117,  73, 157], dtype=uint8)]"
97,b,../data/images_copy/custom/john_honey/short/B/custom_john_honey_short_B_3.jpg,ahc,ahc,True,3,"[array([ 64, 151, 153], dtype=uint8), array([135,  75, 121], dtype=uint8), array([125,  72, 157], dtype=uint8)]"
98,b,../data/images_copy/custom/john_honey/short/B/custom_john_honey_short_B_2.jpg,ahc,ahc,True,3,"[array([ 81, 161, 155], dtype=uint8), array([119,  76, 121], dtype=uint8), array([109,  74, 159], dtype=uint8)]"
99,b,../data/images_copy/custom/john_honey/short/B/custom_john_honey_short_B_4.jpg,ahc,ahc,True,3,"[array([ 59, 149, 152], dtype=uint8), array([129,  77, 122], dtype=uint8), array([116,  74, 158], dtype=uint8)]"
100,b,../data/images_copy/custom/john_honey/medium/B/custom_john_honey_medium_B_4.jpg,ahc,ahc,True,3,"[array([ 91, 170, 159], dtype=uint8), array([129,  75, 118], dtype=uint8), array([121,  73, 157], dtype=uint8)]"
101,b,../data/images_copy/custom/john_honey/medium/B/custom_john_honey_medium_B_3.jpg,ahc,ahc,True,3,"[array([ 91, 170, 158], dtype=uint8), array([127,  75, 118], dtype=uint8), array([128,  73, 157], dtype=uint8)]"
102,b,../data/images_copy/custom/john_honey/medium/B/custom_john_honey_medium_B_2.jpg,ahc,ahc,True,3,"[array([ 78, 165, 157], dtype=uint8), array([130,  75, 118], dtype=uint8), array([124,  73, 155], dtype=uint8)]"
103,b,../data/images_copy/custom/john_honey/medium/B/custom_john_honey_medium_B_0.jpg,ahc,ahc,True,3,"[array([ 80, 161, 156], dtype=uint8), array([128,  78, 122], dtype=uint8), array([110,  74, 158], dtype=uint8)]"
104,b,../data/images_copy/custom/john_honey/medium/B/custom_john_honey_medium_B_1.jpg,ahc,ahc,True,3,"[array([ 81, 165, 158], dtype=uint8), array([132,  75, 120], dtype=uint8), array([111,  77, 154], dtype=uint8)]"
105,b,../data/images_copy/custom/jack_cole/high/B/custom_jack_cole_high_B_4.jpg,ahc,ahc,True,3,"[array([ 76, 160, 156], dtype=uint8), array([132,  74,  97], dtype=uint8), array([113,  75, 132], dtype=uint8)]"
106,b,../data/images_copy/custom/jack_cole/high/B/custom_jack_cole_high_B_0.jpg,ahc,ahc,True,3,"[array([ 76, 153, 154], dtype=uint8), array([128,  74, 101], dtype=uint8), array([122,  74, 138], dtype=uint8)]"
107,b,../data/images_copy/custom/jack_cole/high/B/custom_jack_cole_high_B_1.jpg,ahc,ahc,True,3,"[array([ 69, 150, 153], dtype=uint8), array([124,  75,  99], dtype=uint8), array([111,  74, 139], dtype=uint8)]"
108,b,../data/images_copy/custom/jack_cole/high/B/custom_jack_cole_high_B_3.jpg,ahc,ahc,True,3,"[array([ 75, 159, 156], dtype=uint8), array([140,  74,  99], dtype=uint8), array([118,  75, 133], dtype=uint8)]"
109,b,../data/images_copy/custom/jack_cole/high/B/custom_jack_cole_high_B_2.jpg,ahc,ahc,True,3,"[array([ 73, 153, 153], dtype=uint8), array([121,  75,  99], dtype=uint8), array([109,  75, 135], dtype=uint8)]"
110,b,../data/images_copy/custom/jack_cole/short/B/custom_jack_cole_short_B_4.jpg,ahc,ahc,True,3,"[array([ 81, 142, 151], dtype=uint8), array([130,  76, 104], dtype=uint8), array([107,  75, 143], dtype=uint8)]"
111,b,../data/images_copy/custom/jack_cole/short/B/custom_jack_cole_short_B_0.jpg,ahc,ahc,True,3,"[array([ 88, 145, 150], dtype=uint8), array([127,  77, 107], dtype=uint8), array([114,  76, 141], dtype=uint8)]"
112,b,../data/images_copy/custom/jack_cole/short/B/custom_jack_cole_short_B_1.jpg,fhc,ahc,False,2,"[array([ 99, 142, 149], dtype=uint8), array([120,  77, 105], dtype=uint8), array([128,  74, 143], dtype=uint8)]"
113,b,../data/images_copy/custom/jack_cole/short/B/custom_jack_cole_short_B_3.jpg,ahc,ahc,True,3,"[array([ 84, 144, 150], dtype=uint8), array([135,  76, 109], dtype=uint8), array([112,  75, 146], dtype=uint8)]"
114,b,../data/images_copy/custom/jack_cole/short/B/custom_jack_cole_short_B_2.jpg,fhc,ahc,False,2,"[array([ 99, 138, 146], dtype=uint8), array([126,  76, 104], dtype=uint8), array([116,  76, 141], dtype=uint8)]"
115,b,../data/images_copy/custom/jack_cole/medium/B/custom_jack_cole_medium_B_2.jpg,ahc,ahc,True,3,"[array([ 71, 158, 157], dtype=uint8), array([114,  77, 106], dtype=uint8), array([109,  75, 137], dtype=uint8)]"
116,b,../data/images_copy/custom/jack_cole/medium/B/custom_jack_cole_medium_B_3.jpg,ahc,ahc,True,3,"[array([ 73, 147, 154], dtype=uint8), array([118,  76, 105], dtype=uint8), array([129,  73, 140], dtype=uint8)]"
117,b,../data/images_copy/custom/jack_cole/medium/B/custom_jack_cole_medium_B_1.jpg,ahc,ahc,True,3,"[array([ 73, 158, 156], dtype=uint8), array([115,  77, 106], dtype=uint8), array([106,  75, 137], dtype=uint8)]"
118,b,../data/images_copy/custom/jack_cole/medium/B/custom_jack_cole_medium_B_0.jpg,ahc,ahc,True,3,"[array([ 70, 156, 156], dtype=uint8), array([121,  76, 103], dtype=uint8), array([109,  75, 139], dtype=uint8)]"
119,b,../data/images_copy/custom/jack_cole/medium/B/custom_jack_cole_medium_B_4.jpg,fhc,ahc,False,2,"[array([ 95, 140, 148], dtype=uint8), array([122,  77, 104], dtype=uint8), array([ 94,  77, 137], dtype=uint8)]"
120,c,../data/images_copy/custom/michaels/high/C/custom_michaels_high_C_1.jpg,efg,efg,True,3,"[array([169, 120, 179], dtype=uint8), array([ 91, 141, 123], dtype=uint8), array([179,  84, 196], dtype=uint8)]"
121,c,../data/images_copy/custom/michaels/high/C/custom_michaels_high_C_0.jpg,efg,efg,True,3,"[array([158, 121, 182], dtype=uint8), array([ 86, 138, 123], dtype=uint8), array([186,  84, 199], dtype=uint8)]"
122,c,../data/images_copy/custom/michaels/high/C/custom_michaels_high_C_2.jpg,efg,efg,True,3,"[array([165, 121, 187], dtype=uint8), array([102, 145, 125], dtype=uint8), array([183,  87, 200], dtype=uint8)]"
123,c,../data/images_copy/custom/michaels/high/C/custom_michaels_high_C_3.jpg,efg,efg,True,3,"[array([176, 121, 186], dtype=uint8), array([ 94, 138, 123], dtype=uint8), array([183,  84, 199], dtype=uint8)]"
124,c,../data/images_copy/custom/michaels/high/C/custom_michaels_high_C_4.jpg,efg,efg,True,3,"[array([172, 113, 179], dtype=uint8), array([ 95, 140, 118], dtype=uint8), array([178,  85, 193], dtype=uint8)]"
125,c,../data/images_copy/custom/michaels/short/C/custom_michaels_short_C_1.jpg,gfg,efg,False,2,"[array([181, 112, 177], dtype=uint8), array([ 95, 144, 124], dtype=uint8), array([178,  85, 196], dtype=uint8)]"
126,c,../data/images_copy/custom/michaels/short/C/custom_michaels_short_C_0.jpg,efg,efg,True,3,"[array([146, 115, 177], dtype=uint8), array([ 97, 136, 124], dtype=uint8), array([174,  88, 193], dtype=uint8)]"
127,c,../data/images_copy/custom/michaels/short/C/custom_michaels_short_C_2.jpg,efg,efg,True,3,"[array([152, 115, 178], dtype=uint8), array([ 92, 134, 120], dtype=uint8), array([175,  88, 192], dtype=uint8)]"
128,c,../data/images_copy/custom/michaels/short/C/custom_michaels_short_C_3.jpg,efg,efg,True,3,"[array([130, 117, 182], dtype=uint8), array([129, 124, 124], dtype=uint8), array([191,  87, 194], dtype=uint8)]"
129,c,../data/images_copy/custom/michaels/short/C/custom_michaels_short_C_4.jpg,efg,efg,True,3,"[array([138, 114, 177], dtype=uint8), array([ 84, 137, 121], dtype=uint8), array([160,  85, 190], dtype=uint8)]"
130,c,../data/images_copy/custom/michaels/medium/C/custom_michaels_medium_C_4.jpg,efg,efg,True,3,"[array([168, 120, 178], dtype=uint8), array([ 92, 130, 122], dtype=uint8), array([172,  87, 196], dtype=uint8)]"
131,c,../data/images_copy/custom/michaels/medium/C/custom_michaels_medium_C_3.jpg,efg,efg,True,3,"[array([154, 122, 180], dtype=uint8), array([107, 132, 123], dtype=uint8), array([183,  86, 195], dtype=uint8)]"
132,c,../data/images_copy/custom/michaels/medium/C/custom_michaels_medium_C_2.jpg,efg,efg,True,3,"[array([145, 122, 177], dtype=uint8), array([ 98, 130, 119], dtype=uint8), array([172,  85, 189], dtype=uint8)]"
133,c,../data/images_copy/custom/michaels/medium/C/custom_michaels_medium_C_0.jpg,efg,efg,True,3,"[array([138, 121, 180], dtype=uint8), array([143, 123, 124], dtype=uint8), array([188,  86, 192], dtype=uint8)]"
134,c,../data/images_copy/custom/michaels/medium/C/custom_michaels_medium_C_1.jpg,efg,efg,True,3,"[array([138, 121, 180], dtype=uint8), array([143, 123, 124], dtype=uint8), array([188,  86, 192], dtype=uint8)]"
135,c,../data/images_copy/custom/davids/high/C/custom_davids_high_C_4.jpg,efg,efg,True,3,"[array([152, 120, 175], dtype=uint8), array([ 81, 138, 123], dtype=uint8), array([172,  85, 191], dtype=uint8)]"
136,c,../data/images_copy/custom/davids/high/C/custom_davids_high_C_0.jpg,efg,efg,True,3,"[array([152, 120, 175], dtype=uint8), array([ 81, 138, 123], dtype=uint8), array([172,  85, 191], dtype=uint8)]"
137,c,../data/images_copy/custom/davids/high/C/custom_davids_high_C_1.jpg,efg,efg,True,3,"[array([139, 122, 183], dtype=uint8), array([113, 138, 119], dtype=uint8), array([202,  85, 192], dtype=uint8)]"
138,c,../data/images_copy/custom/davids/high/C/custom_davids_high_C_3.jpg,efg,efg,True,3,"[array([150, 122, 179], dtype=uint8), array([ 83, 136, 120], dtype=uint8), array([183,  83, 193], dtype=uint8)]"
139,c,../data/images_copy/custom/davids/high/C/custom_davids_high_C_2.jpg,efg,efg,True,3,"[array([142, 118, 185], dtype=uint8), array([ 99, 132, 118], dtype=uint8), array([203,  85, 195], dtype=uint8)]"
140,c,../data/images_copy/custom/davids/short/C/custom_davids_short_C_4.jpg,efg,efg,True,3,"[array([159, 114, 176], dtype=uint8), array([104, 135, 121], dtype=uint8), array([168,  87, 188], dtype=uint8)]"
141,c,../data/images_copy/custom/davids/short/C/custom_davids_short_C_0.jpg,gce,efg,False,0,"[array([183,  89, 199], dtype=uint8), array([142,  93, 130], dtype=uint8), array([182, 116, 178], dtype=uint8)]"
142,c,../data/images_copy/custom/davids/short/C/custom_davids_short_C_1.jpg,gce,efg,False,0,"[array([183,  89, 199], dtype=uint8), array([142,  93, 130], dtype=uint8), array([182, 116, 178], dtype=uint8)]"
143,c,../data/images_copy/custom/davids/short/C/custom_davids_short_C_3.jpg,gce,efg,False,0,"[array([160,  87, 187], dtype=uint8), array([115,  91, 126], dtype=uint8), array([164, 114, 172], dtype=uint8)]"
144,c,../data/images_copy/custom/davids/short/C/custom_davids_short_C_2.jpg,efg,efg,True,3,"[array([142, 118, 176], dtype=uint8), array([ 92, 141, 125], dtype=uint8), array([198,  85, 193], dtype=uint8)]"
145,c,../data/images_copy/custom/davids/medium/C/custom_davids_medium_C_0.jpg,ebg,efg,False,2,"[array([133, 122, 181], dtype=uint8), array([ 72, 135, 126], dtype=uint8), array([169,  86, 190], dtype=uint8)]"
146,c,../data/images_copy/custom/davids/medium/C/custom_davids_medium_C_1.jpg,ebg,efg,False,2,"[array([154, 119, 176], dtype=uint8), array([ 76, 135, 127], dtype=uint8), array([169,  86, 191], dtype=uint8)]"
147,c,../data/images_copy/custom/davids/medium/C/custom_davids_medium_C_3.jpg,ehg,efg,False,2,"[array([146, 120, 176], dtype=uint8), array([140, 121, 114], dtype=uint8), array([175,  86, 184], dtype=uint8)]"
148,c,../data/images_copy/custom/davids/medium/C/custom_davids_medium_C_2.jpg,ebg,efg,False,2,"[array([173, 113, 175], dtype=uint8), array([ 81, 132, 121], dtype=uint8), array([172,  86, 192], dtype=uint8)]"
149,c,../data/images_copy/custom/davids/medium/C/custom_davids_medium_C_4.jpg,efg,efg,True,3,"[array([140, 116, 178], dtype=uint8), array([124, 124, 118], dtype=uint8), array([177,  85, 192], dtype=uint8)]"
150,c,../data/images_copy/custom/john_honey/high/C/custom_john_honey_high_C_1.jpg,efg,efg,True,3,"[array([155, 125, 178], dtype=uint8), array([119, 137, 126], dtype=uint8), array([203,  88, 202], dtype=uint8)]"
151,c,../data/images_copy/custom/john_honey/high/C/custom_john_honey_high_C_0.jpg,efg,efg,True,3,"[array([149, 118, 178], dtype=uint8), array([110, 143, 129], dtype=uint8), array([203,  87, 203], dtype=uint8)]"
152,c,../data/images_copy/custom/john_honey/high/C/custom_john_honey_high_C_2.jpg,efg,efg,True,3,"[array([169, 123, 180], dtype=uint8), array([ 98, 144, 129], dtype=uint8), array([198,  88, 201], dtype=uint8)]"
153,c,../data/images_copy/custom/john_honey/high/C/custom_john_honey_high_C_3.jpg,efg,efg,True,3,"[array([172, 130, 188], dtype=uint8), array([129, 137, 126], dtype=uint8), array([200,  88, 199], dtype=uint8)]"
154,c,../data/images_copy/custom/john_honey/high/C/custom_john_honey_high_C_4.jpg,efg,efg,True,3,"[array([159, 125, 178], dtype=uint8), array([108, 142, 129], dtype=uint8), array([200,  89, 202], dtype=uint8)]"
155,c,../data/images_copy/custom/john_honey/short/C/custom_john_honey_short_C_3.jpg,efg,efg,True,3,"[array([140, 119, 182], dtype=uint8), array([ 83, 137, 129], dtype=uint8), array([188,  88, 193], dtype=uint8)]"
156,c,../data/images_copy/custom/john_honey/short/C/custom_john_honey_short_C_2.jpg,efg,efg,True,3,"[array([148, 125, 181], dtype=uint8), array([107, 134, 126], dtype=uint8), array([176,  89, 192], dtype=uint8)]"
157,c,../data/images_copy/custom/john_honey/short/C/custom_john_honey_short_C_0.jpg,efg,efg,True,3,"[array([148, 126, 186], dtype=uint8), array([103, 137, 129], dtype=uint8), array([170,  90, 195], dtype=uint8)]"
158,c,../data/images_copy/custom/john_honey/short/C/custom_john_honey_short_C_1.jpg,efg,efg,True,3,"[array([143, 121, 183], dtype=uint8), array([ 94, 137, 127], dtype=uint8), array([177,  90, 194], dtype=uint8)]"
159,c,../data/images_copy/custom/john_honey/short/C/custom_john_honey_short_C_4.jpg,efg,efg,True,3,"[array([134, 116, 182], dtype=uint8), array([ 94, 141, 130], dtype=uint8), array([187,  88, 198], dtype=uint8)]"
160,c,../data/images_copy/custom/john_honey/medium/C/custom_john_honey_medium_C_4.jpg,efg,efg,True,3,"[array([161, 126, 183], dtype=uint8), array([ 93, 136, 130], dtype=uint8), array([196,  88, 203], dtype=uint8)]"
161,c,../data/images_copy/custom/john_honey/medium/C/custom_john_honey_medium_C_0.jpg,efg,efg,True,3,"[array([137, 121, 180], dtype=uint8), array([105, 146, 128], dtype=uint8), array([199,  90, 201], dtype=uint8)]"
162,c,../data/images_copy/custom/john_honey/medium/C/custom_john_honey_medium_C_1.jpg,efg,efg,True,3,"[array([140, 122, 182], dtype=uint8), array([106, 148, 131], dtype=uint8), array([198,  91, 202], dtype=uint8)]"
163,c,../data/images_copy/custom/john_honey/medium/C/custom_john_honey_medium_C_3.jpg,efg,efg,True,3,"[array([157, 126, 185], dtype=uint8), array([ 97, 136, 129], dtype=uint8), array([196,  88, 204], dtype=uint8)]"
164,c,../data/images_copy/custom/john_honey/medium/C/custom_john_honey_medium_C_2.jpg,efg,efg,True,3,"[array([146, 120, 180], dtype=uint8), array([105, 149, 133], dtype=uint8), array([201,  89, 205], dtype=uint8)]"
165,c,../data/images_copy/custom/jack_cole/high/C/custom_jack_cole_high_C_4.jpg,efg,efg,True,3,"[array([146, 120, 180], dtype=uint8), array([105, 149, 133], dtype=uint8), array([201,  89, 205], dtype=uint8)]"
166,c,../data/images_copy/custom/jack_cole/high/C/custom_jack_cole_high_C_3.jpg,efg,efg,True,3,"[array([156, 119, 182], dtype=uint8), array([ 99, 129, 124], dtype=uint8), array([184,  85, 184], dtype=uint8)]"
167,c,../data/images_copy/custom/jack_cole/high/C/custom_jack_cole_high_C_2.jpg,efg,efg,True,3,"[array([141, 116, 181], dtype=uint8), array([ 95, 142, 126], dtype=uint8), array([196,  87, 191], dtype=uint8)]"
168,c,../data/images_copy/custom/jack_cole/high/C/custom_jack_cole_high_C_0.jpg,efg,efg,True,3,"[array([136, 116, 181], dtype=uint8), array([ 90, 137, 123], dtype=uint8), array([189,  85, 192], dtype=uint8)]"
169,c,../data/images_copy/custom/jack_cole/high/C/custom_jack_cole_high_C_1.jpg,efg,efg,True,3,"[array([136, 116, 181], dtype=uint8), array([ 90, 137, 123], dtype=uint8), array([189,  85, 192], dtype=uint8)]"
170,c,../data/images_copy/custom/jack_cole/short/C/custom_jack_cole_short_C_4.jpg,efg,efg,True,3,"[array([136, 116, 181], dtype=uint8), array([ 90, 137, 123], dtype=uint8), array([189,  85, 192], dtype=uint8)]"
171,c,../data/images_copy/custom/jack_cole/short/C/custom_jack_cole_short_C_3.jpg,efg,efg,True,3,"[array([132, 121, 176], dtype=uint8), array([ 95, 129, 126], dtype=uint8), array([182,  83, 192], dtype=uint8)]"
172,c,../data/images_copy/custom/jack_cole/short/C/custom_jack_cole_short_C_2.jpg,efg,efg,True,3,"[array([132, 121, 176], dtype=uint8), array([ 95, 129, 126], dtype=uint8), array([182,  83, 192], dtype=uint8)]"
173,c,../data/images_copy/custom/jack_cole/short/C/custom_jack_cole_short_C_0.jpg,efg,efg,True,3,"[array([132, 121, 176], dtype=uint8), array([ 95, 129, 126], dtype=uint8), array([182,  83, 192], dtype=uint8)]"
174,c,../data/images_copy/custom/jack_cole/short/C/custom_jack_cole_short_C_1.jpg,efg,efg,True,3,"[array([137, 119, 180], dtype=uint8), array([106, 128, 123], dtype=uint8), array([182,  83, 189], dtype=uint8)]"
175,c,../data/images_copy/custom/jack_cole/medium/C/custom_jack_cole_medium_C_1.jpg,ebg,efg,False,2,"[array([158, 119, 178], dtype=uint8), array([ 87, 126, 124], dtype=uint8), array([181,  86, 187], dtype=uint8)]"
176,c,../data/images_copy/custom/jack_cole/medium/C/custom_jack_cole_medium_C_0.jpg,ebg,efg,False,2,"[array([158, 119, 178], dtype=uint8), array([ 87, 126, 124], dtype=uint8), array([181,  86, 187], dtype=uint8)]"
177,c,../data/images_copy/custom/jack_cole/medium/C/custom_jack_cole_medium_C_2.jpg,efg,efg,True,3,"[array([164, 114, 177], dtype=uint8), array([ 95, 123, 122], dtype=uint8), array([185,  85, 194], dtype=uint8)]"
178,c,../data/images_copy/custom/jack_cole/medium/C/custom_jack_cole_medium_C_3.jpg,efg,efg,True,3,"[array([156, 114, 176], dtype=uint8), array([ 90, 137, 126], dtype=uint8), array([183,  85, 194], dtype=uint8)]"
179,c,../data/images_copy/custom/jack_cole/medium/C/custom_jack_cole_medium_C_4.jpg,efg,efg,True,3,"[array([143, 114, 178], dtype=uint8), array([ 93, 130, 123], dtype=uint8), array([184,  85, 188], dtype=uint8)]"
180,d,../data/images_copy/custom/michaels/high/D/custom_michaels_high_D_4.jpg,fff,fff,True,3,"[array([115, 154, 122], dtype=uint8), array([ 89, 154, 128], dtype=uint8), array([116, 144, 119], dtype=uint8)]"
181,d,../data/images_copy/custom/michaels/high/D/custom_michaels_high_D_2.jpg,fff,fff,True,3,"[array([121, 149, 125], dtype=uint8), array([ 91, 157, 131], dtype=uint8), array([ 84, 150, 131], dtype=uint8)]"
182,d,../data/images_copy/custom/michaels/high/D/custom_michaels_high_D_3.jpg,fff,fff,True,3,"[array([120, 156, 127], dtype=uint8), array([ 92, 158, 132], dtype=uint8), array([111, 150, 124], dtype=uint8)]"
183,d,../data/images_copy/custom/michaels/high/D/custom_michaels_high_D_1.jpg,fff,fff,True,3,"[array([ 94, 156, 126], dtype=uint8), array([ 76, 147, 130], dtype=uint8), array([ 94, 152, 123], dtype=uint8)]"
184,d,../data/images_copy/custom/michaels/high/D/custom_michaels_high_D_0.jpg,fff,fff,True,3,"[array([ 83, 151, 133], dtype=uint8), array([ 89, 149, 125], dtype=uint8), array([102, 154, 125], dtype=uint8)]"
185,d,../data/images_copy/custom/michaels/short/D/custom_michaels_short_D_4.jpg,bfa,fff,False,1,"[array([ 69, 143, 130], dtype=uint8), array([ 86, 143, 124], dtype=uint8), array([ 69, 144, 133], dtype=uint8)]"
186,d,../data/images_copy/custom/michaels/short/D/custom_michaels_short_D_2.jpg,bfa,fff,False,1,"[array([ 69, 143, 130], dtype=uint8), array([ 86, 143, 124], dtype=uint8), array([ 69, 144, 133], dtype=uint8)]"
187,d,../data/images_copy/custom/michaels/short/D/custom_michaels_short_D_3.jpg,aff,fff,False,2,"[array([ 61, 144, 135], dtype=uint8), array([ 72, 147, 131], dtype=uint8), array([ 70, 144, 131], dtype=uint8)]"
188,d,../data/images_copy/custom/michaels/short/D/custom_michaels_short_D_1.jpg,fff,fff,True,3,"[array([ 84, 145, 126], dtype=uint8), array([ 74, 150, 134], dtype=uint8), array([ 89, 149, 127], dtype=uint8)]"
189,d,../data/images_copy/custom/michaels/short/D/custom_michaels_short_D_0.jpg,fff,fff,True,3,"[array([ 99, 142, 124], dtype=uint8), array([ 95, 147, 126], dtype=uint8), array([ 74, 148, 133], dtype=uint8)]"
190,d,../data/images_copy/custom/michaels/medium/D/custom_michaels_medium_D_0.jpg,fff,fff,True,3,"[array([102, 143, 124], dtype=uint8), array([ 87, 145, 126], dtype=uint8), array([ 72, 146, 133], dtype=uint8)]"
191,d,../data/images_copy/custom/michaels/medium/D/custom_michaels_medium_D_1.jpg,fff,fff,True,3,"[array([ 77, 149, 132], dtype=uint8), array([ 89, 146, 125], dtype=uint8), array([ 74, 145, 129], dtype=uint8)]"
192,d,../data/images_copy/custom/michaels/medium/D/custom_michaels_medium_D_3.jpg,fff,fff,True,3,"[array([ 81, 153, 133], dtype=uint8), array([ 84, 152, 131], dtype=uint8), array([ 92, 146, 124], dtype=uint8)]"
193,d,../data/images_copy/custom/michaels/medium/D/custom_michaels_medium_D_2.jpg,fff,fff,True,3,"[array([ 86, 154, 131], dtype=uint8), array([ 99, 150, 124], dtype=uint8), array([ 85, 150, 126], dtype=uint8)]"
194,d,../data/images_copy/custom/michaels/medium/D/custom_michaels_medium_D_4.jpg,aff,fff,False,2,"[array([ 63, 143, 135], dtype=uint8), array([ 72, 147, 132], dtype=uint8), array([ 83, 150, 128], dtype=uint8)]"
195,d,../data/images_copy/custom/davids/high/D/custom_davids_high_D_3.jpg,fff,fff,True,3,"[array([ 86, 153, 129], dtype=uint8), array([ 97, 155, 127], dtype=uint8), array([ 81, 151, 131], dtype=uint8)]"
196,d,../data/images_copy/custom/davids/high/D/custom_davids_high_D_2.jpg,fff,fff,True,3,"[array([ 86, 153, 129], dtype=uint8), array([ 97, 155, 127], dtype=uint8), array([ 81, 151, 131], dtype=uint8)]"
197,d,../data/images_copy/custom/davids/high/D/custom_davids_high_D_0.jpg,fff,fff,True,3,"[array([ 76, 145, 129], dtype=uint8), array([ 94, 158, 127], dtype=uint8), array([ 82, 153, 132], dtype=uint8)]"
198,d,../data/images_copy/custom/davids/high/D/custom_davids_high_D_1.jpg,fff,fff,True,3,"[array([ 83, 151, 129], dtype=uint8), array([ 98, 156, 127], dtype=uint8), array([ 89, 154, 130], dtype=uint8)]"
199,d,../data/images_copy/custom/davids/high/D/custom_davids_high_D_4.jpg,fff,fff,True,3,"[array([ 99, 149, 119], dtype=uint8), array([ 72, 144, 129], dtype=uint8), array([ 71, 143, 130], dtype=uint8)]"
200,d,../data/images_copy/custom/davids/short/D/custom_davids_short_D_3.jpg,faf,fff,False,2,"[array([136, 128, 122], dtype=uint8), array([ 69, 144, 134], dtype=uint8), array([100, 146, 127], dtype=uint8)]"
201,d,../data/images_copy/custom/davids/short/D/custom_davids_short_D_2.jpg,fff,fff,True,3,"[array([ 80, 144, 126], dtype=uint8), array([ 92, 149, 123], dtype=uint8), array([138, 130, 122], dtype=uint8)]"
202,d,../data/images_copy/custom/davids/short/D/custom_davids_short_D_0.jpg,fff,fff,True,3,"[array([ 89, 141, 119], dtype=uint8), array([135, 132, 117], dtype=uint8), array([ 83, 147, 123], dtype=uint8)]"
203,d,../data/images_copy/custom/davids/short/D/custom_davids_short_D_1.jpg,fff,fff,True,3,"[array([139, 131, 115], dtype=uint8), array([ 91, 142, 119], dtype=uint8), array([103, 151, 122], dtype=uint8)]"
204,d,../data/images_copy/custom/davids/short/D/custom_davids_short_D_4.jpg,fff,fff,True,3,"[array([136, 128, 120], dtype=uint8), array([ 91, 153, 129], dtype=uint8), array([109, 144, 125], dtype=uint8)]"
205,d,../data/images_copy/custom/davids/medium/D/custom_davids_medium_D_4.jpg,fff,fff,True,3,"[array([ 77, 149, 129], dtype=uint8), array([ 83, 146, 125], dtype=uint8), array([ 89, 144, 123], dtype=uint8)]"
206,d,../data/images_copy/custom/davids/medium/D/custom_davids_medium_D_3.jpg,fff,fff,True,3,"[array([ 71, 144, 130], dtype=uint8), array([ 80, 150, 128], dtype=uint8), array([ 91, 148, 121], dtype=uint8)]"
207,d,../data/images_copy/custom/davids/medium/D/custom_davids_medium_D_2.jpg,fff,fff,True,3,"[array([ 82, 153, 133], dtype=uint8), array([ 97, 145, 124], dtype=uint8), array([ 80, 143, 125], dtype=uint8)]"
208,d,../data/images_copy/custom/davids/medium/D/custom_davids_medium_D_0.jpg,fff,fff,True,3,"[array([140, 128, 115], dtype=uint8), array([128, 140, 119], dtype=uint8), array([111, 151, 122], dtype=uint8)]"
209,d,../data/images_copy/custom/davids/medium/D/custom_davids_medium_D_1.jpg,fff,fff,True,3,"[array([ 97, 145, 120], dtype=uint8), array([127, 134, 118], dtype=uint8), array([ 85, 151, 127], dtype=uint8)]"
210,d,../data/images_copy/custom/john_honey/high/D/custom_john_honey_high_D_4.jpg,fff,fff,True,3,"[array([104, 163, 129], dtype=uint8), array([103, 151, 127], dtype=uint8), array([102, 150, 127], dtype=uint8)]"
211,d,../data/images_copy/custom/john_honey/high/D/custom_john_honey_high_D_2.jpg,fff,fff,True,3,"[array([108, 165, 132], dtype=uint8), array([108, 151, 125], dtype=uint8), array([103, 149, 127], dtype=uint8)]"
212,d,../data/images_copy/custom/john_honey/high/D/custom_john_honey_high_D_3.jpg,fff,fff,True,3,"[array([104, 164, 129], dtype=uint8), array([103, 148, 128], dtype=uint8), array([102, 148, 129], dtype=uint8)]"
213,d,../data/images_copy/custom/john_honey/high/D/custom_john_honey_high_D_1.jpg,fff,fff,True,3,"[array([ 94, 148, 127], dtype=uint8), array([131, 157, 131], dtype=uint8), array([110, 163, 131], dtype=uint8)]"
214,d,../data/images_copy/custom/john_honey/high/D/custom_john_honey_high_D_0.jpg,fff,fff,True,3,"[array([ 98, 152, 128], dtype=uint8), array([128, 150, 128], dtype=uint8), array([114, 165, 129], dtype=uint8)]"
215,d,../data/images_copy/custom/john_honey/short/D/custom_john_honey_short_D_4.jpg,fff,fff,True,3,"[array([ 84, 154, 135], dtype=uint8), array([ 79, 150, 134], dtype=uint8), array([ 81, 147, 133], dtype=uint8)]"
216,d,../data/images_copy/custom/john_honey/short/D/custom_john_honey_short_D_0.jpg,afa,fff,False,1,"[array([ 80, 152, 138], dtype=uint8), array([ 94, 149, 130], dtype=uint8), array([ 81, 156, 140], dtype=uint8)]"
217,d,../data/images_copy/custom/john_honey/short/D/custom_john_honey_short_D_1.jpg,fff,fff,True,3,"[array([ 83, 152, 136], dtype=uint8), array([100, 157, 134], dtype=uint8), array([ 88, 160, 141], dtype=uint8)]"
218,d,../data/images_copy/custom/john_honey/short/D/custom_john_honey_short_D_3.jpg,fff,fff,True,3,"[array([ 92, 157, 134], dtype=uint8), array([ 86, 157, 139], dtype=uint8), array([ 86, 155, 138], dtype=uint8)]"
219,d,../data/images_copy/custom/john_honey/short/D/custom_john_honey_short_D_2.jpg,fff,fff,True,3,"[array([ 81, 152, 138], dtype=uint8), array([ 99, 157, 134], dtype=uint8), array([ 92, 165, 140], dtype=uint8)]"
220,d,../data/images_copy/custom/john_honey/medium/D/custom_john_honey_medium_D_3.jpg,fff,fff,True,3,"[array([ 94, 162, 137], dtype=uint8), array([ 98, 156, 131], dtype=uint8), array([ 85, 154, 137], dtype=uint8)]"
221,d,../data/images_copy/custom/john_honey/medium/D/custom_john_honey_medium_D_2.jpg,ffa,fff,False,2,"[array([ 92, 156, 133], dtype=uint8), array([ 85, 154, 136], dtype=uint8), array([ 78, 151, 138], dtype=uint8)]"
222,d,../data/images_copy/custom/john_honey/medium/D/custom_john_honey_medium_D_0.jpg,fff,fff,True,3,"[array([ 95, 162, 134], dtype=uint8), array([ 95, 161, 136], dtype=uint8), array([ 91, 152, 134], dtype=uint8)]"
223,d,../data/images_copy/custom/john_honey/medium/D/custom_john_honey_medium_D_1.jpg,faf,fff,False,2,"[array([ 99, 165, 137], dtype=uint8), array([ 74, 145, 137], dtype=uint8), array([ 81, 152, 137], dtype=uint8)]"
224,d,../data/images_copy/custom/john_honey/medium/D/custom_john_honey_medium_D_4.jpg,fff,fff,True,3,"[array([ 88, 157, 134], dtype=uint8), array([ 89, 155, 133], dtype=uint8), array([ 79, 150, 135], dtype=uint8)]"
225,d,../data/images_copy/custom/jack_cole/high/D/custom_jack_cole_high_D_0.jpg,fff,fff,True,3,"[array([104, 146, 124], dtype=uint8), array([ 88, 146, 122], dtype=uint8), array([100, 148, 124], dtype=uint8)]"
226,d,../data/images_copy/custom/jack_cole/high/D/custom_jack_cole_high_D_1.jpg,fff,fff,True,3,"[array([111, 144, 125], dtype=uint8), array([113, 133, 122], dtype=uint8), array([ 84, 148, 130], dtype=uint8)]"
227,d,../data/images_copy/custom/jack_cole/high/D/custom_jack_cole_high_D_3.jpg,fff,fff,True,3,"[array([106, 148, 126], dtype=uint8), array([117, 137, 123], dtype=uint8), array([ 85, 150, 130], dtype=uint8)]"
228,d,../data/images_copy/custom/jack_cole/high/D/custom_jack_cole_high_D_2.jpg,fff,fff,True,3,"[array([122, 140, 118], dtype=uint8), array([107, 136, 121], dtype=uint8), array([109, 146, 124], dtype=uint8)]"
229,d,../data/images_copy/custom/jack_cole/high/D/custom_jack_cole_high_D_4.jpg,fff,fff,True,3,"[array([ 87, 150, 130], dtype=uint8), array([ 94, 137, 123], dtype=uint8), array([ 76, 143, 131], dtype=uint8)]"
230,d,../data/images_copy/custom/jack_cole/short/D/custom_jack_cole_short_D_0.jpg,aff,fff,False,2,"[array([ 68, 145, 137], dtype=uint8), array([ 86, 146, 127], dtype=uint8), array([ 78, 142, 128], dtype=uint8)]"
231,d,../data/images_copy/custom/jack_cole/short/D/custom_jack_cole_short_D_1.jpg,fff,fff,True,3,"[array([ 75, 145, 133], dtype=uint8), array([ 82, 148, 132], dtype=uint8), array([ 91, 144, 129], dtype=uint8)]"
232,d,../data/images_copy/custom/jack_cole/short/D/custom_jack_cole_short_D_3.jpg,fff,fff,True,3,"[array([ 75, 147, 134], dtype=uint8), array([ 82, 133, 124], dtype=uint8), array([ 91, 134, 124], dtype=uint8)]"
233,d,../data/images_copy/custom/jack_cole/short/D/custom_jack_cole_short_D_2.jpg,afb,fff,False,1,"[array([ 68, 146, 138], dtype=uint8), array([ 79, 147, 133], dtype=uint8), array([ 71, 138, 130], dtype=uint8)]"
234,d,../data/images_copy/custom/jack_cole/short/D/custom_jack_cole_short_D_4.jpg,fff,fff,True,3,"[array([ 78, 145, 130], dtype=uint8), array([ 95, 137, 123], dtype=uint8), array([ 83, 145, 128], dtype=uint8)]"
235,d,../data/images_copy/custom/jack_cole/medium/D/custom_jack_cole_medium_D_4.jpg,fff,fff,True,3,"[array([ 82, 152, 135], dtype=uint8), array([ 77, 146, 133], dtype=uint8), array([ 97, 142, 129], dtype=uint8)]"
236,d,../data/images_copy/custom/jack_cole/medium/D/custom_jack_cole_medium_D_2.jpg,fff,fff,True,3,"[array([103, 141, 127], dtype=uint8), array([ 79, 149, 134], dtype=uint8), array([ 91, 144, 131], dtype=uint8)]"
237,d,../data/images_copy/custom/jack_cole/medium/D/custom_jack_cole_medium_D_3.jpg,fff,fff,True,3,"[array([100, 136, 126], dtype=uint8), array([ 84, 146, 131], dtype=uint8), array([ 99, 145, 128], dtype=uint8)]"
238,d,../data/images_copy/custom/jack_cole/medium/D/custom_jack_cole_medium_D_1.jpg,fff,fff,True,3,"[array([ 81, 139, 126], dtype=uint8), array([ 85, 145, 125], dtype=uint8), array([103, 145, 127], dtype=uint8)]"
239,d,../data/images_copy/custom/jack_cole/medium/D/custom_jack_cole_medium_D_0.jpg,fff,fff,True,3,"[array([ 87, 153, 132], dtype=uint8), array([ 84, 141, 129], dtype=uint8), array([ 83, 141, 128], dtype=uint8)]"
