,0,1,2,3
"(7, 390, np.float64(0.8))",3,0.23125,107933426.5,107443785.5
"(7, 400, np.float64(0.8))",3,0.23125,109208285.1,108745290.5
"(9, 370, np.float64(0.8))",3,0.23125,113559824.7,113047865
"(9, 380, np.float64(0.8))",3,0.23125,113556334,112824640
"(9, 390, np.float64(0.8))",3,0.23125,113588658.9,113390928
"(9, 400, np.float64(0.8))",3,0.23125,114663294.2,114630436.5
"(7, 380, np.float64(0.8))",3,0.229166667,108879539.5,108486558
"(9, 360, np.float64(0.8))",3,0.229166667,112816240.4,112362381.5
"(11, 320, np.float64(0.8))",3,0.227083333,90738396.99,90679023.5
"(11, 330, np.float64(0.8))",3,0.227083333,91808206.17,91473750
"(11, 340, np.float64(0.8))",3,0.227083333,91167242.9,91395407
"(11, 350, np.float64(0.8))",3,0.227083333,91035144.75,90952670
"(11, 360, np.float64(0.8))",3,0.227083333,91938359.97,91944111.5
"(11, 370, np.float64(0.8))",3,0.227083333,91769476.05,91359606
"(11, 380, np.float64(0.8))",3,0.227083333,91326299.29,91051708
"(11, 390, np.float64(0.8))",3,0.227083333,91267273.18,90602569.5
"(11, 400, np.float64(0.8))",3,0.227083333,82370952.69,82051886
"(7, 320, np.float64(0.8))",3,0.225,109964581.6,109382121
"(7, 330, np.float64(0.8))",3,0.225,109334129,109560790
"(7, 340, np.float64(0.8))",3,0.225,109064777.7,108577546
"(7, 350, np.float64(0.8))",3,0.225,109096631.3,108618027.5
"(7, 360, np.float64(0.8))",3,0.225,107659232.6,107445235.5
"(7, 370, np.float64(0.8))",3,0.225,107649006.2,107314668
"(9, 320, np.float64(0.8))",3,0.225,114109426.7,113543309.5
"(9, 330, np.float64(0.8))",3,0.225,113702959,113376167.5
"(9, 340, np.float64(0.8))",3,0.225,112839553.2,111946738.5
"(9, 350, np.float64(0.8))",3,0.225,113044109.4,112803927
"(7, 300, np.float64(0.8))",3,0.222916667,109012279.7,108440295
"(7, 310, np.float64(0.8))",3,0.222916667,109569590.5,109426609.5
"(9, 300, np.float64(0.8))",3,0.222916667,112960883.3,112390005.5
"(9, 310, np.float64(0.8))",3,0.222916667,114175313.9,113992682.5
"(11, 300, np.float64(0.8))",3,0.222916667,91218958.68,90930265
"(11, 310, np.float64(0.8))",3,0.222916667,91439549,91181165
"(5, 390, np.float64(0.7000000000000001))",3,0.220833333,32484792.17,32550320.5
"(5, 400, np.float64(0.7000000000000001))",3,0.220833333,29964128.4,29373861.5
"(5, 370, np.float64(0.7000000000000001))",3,0.21875,32395078.58,32472839.5
"(5, 380, np.float64(0.7000000000000001))",3,0.21875,32576374.06,32445369
"(5, 390, np.float64(0.8))",3,0.21875,32153608.63,32098987
"(5, 400, np.float64(0.8))",3,0.21875,27937650.15,27359671
"(9, 390, np.float64(0.7000000000000001))",3,0.21875,113799629.2,113401177.5
"(9, 400, np.float64(0.7000000000000001))",3,0.21875,114576817.5,114239058.5
"(5, 340, np.float64(0.7000000000000001))",3,0.216666667,34648974.16,34276034.5
"(5, 340, np.float64(0.8))",3,0.216666667,34661884.14,34398246
"(5, 350, np.float64(0.7000000000000001))",3,0.216666667,32848051.45,32529415.5
"(5, 350, np.float64(0.8))",3,0.216666667,32038315.73,31587688
"(5, 360, np.float64(0.7000000000000001))",3,0.216666667,32856815.59,32847618.5
"(5, 360, np.float64(0.8))",3,0.216666667,32232821.06,32080265
"(5, 370, np.float64(0.8))",3,0.216666667,32676929.54,32730330.5
"(5, 380, np.float64(0.8))",3,0.216666667,32113525.63,32112069.5
"(9, 370, np.float64(0.7000000000000001))",3,0.216666667,113935057.2,113747689
"(9, 380, np.float64(0.7000000000000001))",3,0.216666667,114011060.4,113726334.5
"(3, 340, np.float64(0.7000000000000001))",3,0.214583333,34247813.21,34211409
"(3, 350, np.float64(0.7000000000000001))",3,0.214583333,33942617.29,33912143
"(3, 360, np.float64(0.7000000000000001))",3,0.214583333,35691829.92,36187047.5
"(3, 370, np.float64(0.7000000000000001))",3,0.214583333,35824456.64,36054842.5
"(3, 380, np.float64(0.7000000000000001))",3,0.214583333,34991958.2,35166383
"(3, 390, np.float64(0.7000000000000001))",3,0.214583333,35792816.68,35879852
"(3, 400, np.float64(0.7000000000000001))",3,0.214583333,35145421.77,35492422.5
"(5, 300, np.float64(0.7000000000000001))",3,0.214583333,33456394.03,33382213
"(5, 300, np.float64(0.8))",3,0.214583333,33649027.57,33139840.5
"(5, 310, np.float64(0.7000000000000001))",3,0.214583333,32158532.43,32005757
"(5, 310, np.float64(0.8))",3,0.214583333,33394801.86,33272906.5
"(5, 320, np.float64(0.7000000000000001))",3,0.214583333,32725149.22,32850882
"(5, 320, np.float64(0.8))",3,0.214583333,32269530.69,32524157
"(5, 330, np.float64(0.7000000000000001))",3,0.214583333,32821837.3,32852892.5
"(5, 330, np.float64(0.8))",3,0.214583333,34437358.48,34599410.5
"(7, 390, np.float64(0.7000000000000001))",3,0.214583333,109696774.2,109455296
"(7, 400, np.float64(0.7000000000000001))",3,0.214583333,108182181,107889064
"(9, 360, np.float64(0.7000000000000001))",3,0.214583333,113251050.6,112781926.5
"(9, 390, np.float64(0.1))",3,0.214583333,113962110.9,113484131
"(9, 390, np.float64(0.2))",3,0.214583333,114548519.6,114246560
"(9, 390, np.float64(0.30000000000000004))",3,0.214583333,113420536.1,112956604
"(9, 390, np.float64(0.4))",3,0.214583333,114204149.5,114205467.5
"(9, 390, np.float64(0.5))",3,0.214583333,113362079.4,113293229
"(9, 390, np.float64(0.6))",3,0.214583333,113958681.5,113717670.5
"(9, 400, np.float64(0.1))",3,0.214583333,114088785.1,114200612
"(9, 400, np.float64(0.2))",3,0.214583333,114128975.5,113523083.5
"(9, 400, np.float64(0.30000000000000004))",3,0.214583333,114680605.1,114058764.5
"(9, 400, np.float64(0.4))",3,0.214583333,113682156.3,113200863
"(9, 400, np.float64(0.5))",3,0.214583333,115079336.3,114501417
"(9, 400, np.float64(0.6))",3,0.214583333,114496765.2,114571219.5
"(11, 390, np.float64(0.7000000000000001))",3,0.214583333,91042849.56,90937490.5
"(11, 400, np.float64(0.7000000000000001))",3,0.214583333,84820055.18,83626072
"(1, 300, np.float64(0.7000000000000001))",3,0.2125,39675937.27,40210697
"(1, 310, np.float64(0.7000000000000001))",3,0.2125,39419079.57,39455809
"(1, 320, np.float64(0.7000000000000001))",3,0.2125,38714258.63,39033393.5
"(1, 330, np.float64(0.7000000000000001))",3,0.2125,38919876.71,38802188
"(1, 340, np.float64(0.7000000000000001))",3,0.2125,38338766.56,37770392
"(1, 350, np.float64(0.7000000000000001))",3,0.2125,37724814.9,37609768
"(1, 360, np.float64(0.7000000000000001))",3,0.2125,38960369.28,38829166
"(1, 370, np.float64(0.7000000000000001))",3,0.2125,39151877.89,39786660.5
"(1, 380, np.float64(0.7000000000000001))",3,0.2125,38710368.43,39149828.5
"(1, 390, np.float64(0.7000000000000001))",3,0.2125,40067259.62,40122892
"(1, 400, np.float64(0.7000000000000001))",3,0.2125,38721987.32,38948396.5
"(3, 300, np.float64(0.7000000000000001))",3,0.2125,35287989,34856834.5
"(3, 310, np.float64(0.7000000000000001))",3,0.2125,35173955.53,35307560
"(3, 320, np.float64(0.7000000000000001))",3,0.2125,33907839.27,33830660
"(3, 330, np.float64(0.7000000000000001))",3,0.2125,33957875.32,34196954.5
"(9, 370, np.float64(0.1))",3,0.2125,113904336.5,113509955
"(9, 370, np.float64(0.2))",3,0.2125,114577819.4,113940619.5
"(9, 370, np.float64(0.30000000000000004))",3,0.2125,114441344.3,114067174.5
"(9, 370, np.float64(0.4))",3,0.2125,113421062.7,113218269
"(9, 370, np.float64(0.5))",3,0.2125,113443664.3,113083104.5
"(9, 370, np.float64(0.6))",3,0.2125,113809125.6,113245968
"(9, 380, np.float64(0.1))",3,0.2125,114358463.1,113794776
"(9, 380, np.float64(0.2))",3,0.2125,113348329.1,112733582
"(9, 380, np.float64(0.30000000000000004))",3,0.2125,114226489.3,113841110.5
"(9, 380, np.float64(0.4))",3,0.2125,113309082,112822292.5
"(9, 380, np.float64(0.5))",3,0.2125,114653753.3,114191117.5
"(9, 380, np.float64(0.6))",3,0.2125,113358826.9,112932551
"(11, 350, np.float64(0.7000000000000001))",3,0.2125,92027728.67,91439575.5
"(11, 360, np.float64(0.7000000000000001))",3,0.2125,91128244.96,90929209
"(11, 370, np.float64(0.7000000000000001))",3,0.2125,91262681.79,91027850
"(11, 380, np.float64(0.7000000000000001))",3,0.2125,91438171.99,90851804
"(11, 390, np.float64(0.1))",3,0.2125,92259896.41,92314097.5
"(11, 390, np.float64(0.2))",3,0.2125,91465273.58,91027396.5
"(11, 390, np.float64(0.30000000000000004))",3,0.2125,91857495.98,91430544.5
"(11, 390, np.float64(0.4))",3,0.2125,90890177.35,90568217.5
"(11, 390, np.float64(0.5))",3,0.2125,92077467.59,91567542.5
"(11, 390, np.float64(0.6))",3,0.2125,91048257.4,90933440.5
"(11, 400, np.float64(0.1))",3,0.2125,92652563.31,92278967
"(11, 400, np.float64(0.2))",3,0.2125,91957401.35,91000914
"(11, 400, np.float64(0.30000000000000004))",3,0.2125,87326799.86,85613414.5
"(11, 400, np.float64(0.4))",3,0.2125,86531691.18,85597215
"(11, 400, np.float64(0.5))",3,0.2125,85207981.27,84596429.5
"(11, 400, np.float64(0.6))",3,0.2125,85553617.46,84857678.5
"(7, 380, np.float64(0.7000000000000001))",3,0.210416667,108023332.5,107984649
"(9, 360, np.float64(0.1))",3,0.210416667,115087007,114956991.5
"(9, 360, np.float64(0.2))",3,0.210416667,114354357.5,114164738.5
"(9, 360, np.float64(0.30000000000000004))",3,0.210416667,114284702.3,113712125.5
"(9, 360, np.float64(0.4))",3,0.210416667,113565153.2,113525213.5
"(9, 360, np.float64(0.5))",3,0.210416667,113613899.4,113193958.5
"(9, 360, np.float64(0.6))",3,0.210416667,113997813.3,114155534.5
"(11, 320, np.float64(0.7000000000000001))",3,0.210416667,91840422.09,91382469.5
"(11, 330, np.float64(0.7000000000000001))",3,0.210416667,90885036.68,91264415.5
"(11, 340, np.float64(0.7000000000000001))",3,0.210416667,90736285.48,90298525.5
"(11, 350, np.float64(0.1))",3,0.210416667,91591164.99,91449212.5
"(11, 350, np.float64(0.2))",3,0.210416667,91254029.7,91128028
"(11, 350, np.float64(0.30000000000000004))",3,0.210416667,92053899.44,91962656
"(11, 350, np.float64(0.4))",3,0.210416667,91853794.38,91456501
"(11, 350, np.float64(0.5))",3,0.210416667,91373478.51,90807180
"(11, 350, np.float64(0.6))",3,0.210416667,91293276.5,90760474
"(11, 360, np.float64(0.1))",3,0.210416667,92434905.73,92312132
"(11, 360, np.float64(0.2))",3,0.210416667,91434211.04,91412455.5
"(11, 360, np.float64(0.30000000000000004))",3,0.210416667,91859837.96,91298366.5
"(11, 360, np.float64(0.4))",3,0.210416667,91661404.65,91206469
"(11, 360, np.float64(0.5))",3,0.210416667,91078450.46,91096011
"(11, 360, np.float64(0.6))",3,0.210416667,91393629.69,91275454.5
"(11, 370, np.float64(0.1))",3,0.210416667,91640030.7,91664281
"(11, 370, np.float64(0.2))",3,0.210416667,92713689.85,92584421.5
"(11, 370, np.float64(0.30000000000000004))",3,0.210416667,91361327.4,91260364
"(11, 370, np.float64(0.4))",3,0.210416667,91692183.15,91033598.5
"(11, 370, np.float64(0.5))",3,0.210416667,91513840.16,91382871
"(11, 370, np.float64(0.6))",3,0.210416667,91665867.43,91406531
"(11, 380, np.float64(0.1))",3,0.210416667,91367253.35,90905425
"(11, 380, np.float64(0.2))",3,0.210416667,91513036.96,91499168.5
"(11, 380, np.float64(0.30000000000000004))",3,0.210416667,92233514.95,92010944
"(11, 380, np.float64(0.4))",3,0.210416667,91019734.38,90795731
"(11, 380, np.float64(0.5))",3,0.210416667,91437906.42,91091817.5
"(11, 380, np.float64(0.6))",3,0.210416667,90979597.28,90401023.5
"(3, 340, np.float64(0.8))",3,0.208333333,33760488.93,33739713.5
"(3, 350, np.float64(0.8))",3,0.208333333,33680188.73,33711625.5
"(3, 360, np.float64(0.8))",3,0.208333333,33720746.85,33627288.5
"(3, 370, np.float64(0.8))",3,0.208333333,35473336.65,35784884
"(3, 380, np.float64(0.8))",3,0.208333333,35621524.16,36018742
"(3, 390, np.float64(0.8))",3,0.208333333,36071511.26,36291931.5
"(3, 400, np.float64(0.8))",3,0.208333333,35011701.62,35228320.5
"(9, 330, np.float64(0.7000000000000001))",3,0.208333333,112504765,112022901.5
"(9, 340, np.float64(0.7000000000000001))",3,0.208333333,113649004.1,113138775.5
"(9, 350, np.float64(0.7000000000000001))",3,0.208333333,112967817.3,112442714
"(11, 320, np.float64(0.1))",3,0.208333333,92036858.99,91803891.5
"(11, 320, np.float64(0.2))",3,0.208333333,92368499.29,92326481
"(11, 320, np.float64(0.30000000000000004))",3,0.208333333,91560746.29,91342306.5
"(11, 320, np.float64(0.4))",3,0.208333333,91401018.99,91062309
"(11, 320, np.float64(0.5))",3,0.208333333,91180012.37,90763669
"(11, 320, np.float64(0.6))",3,0.208333333,91119647.88,91041168
"(11, 330, np.float64(0.1))",3,0.208333333,92413989.01,92121790.5
"(11, 330, np.float64(0.2))",3,0.208333333,91768254.39,91169078
"(11, 330, np.float64(0.30000000000000004))",3,0.208333333,92049267.34,91476145.5
"(11, 330, np.float64(0.4))",3,0.208333333,91956873.76,91532229
"(11, 330, np.float64(0.5))",3,0.208333333,92270850.04,91978974
"(11, 330, np.float64(0.6))",3,0.208333333,91215939.66,91110509.5
"(11, 340, np.float64(0.1))",3,0.208333333,91225609.44,90807755.5
"(11, 340, np.float64(0.2))",3,0.208333333,92212479.26,92023572
"(11, 340, np.float64(0.30000000000000004))",3,0.208333333,91667004.4,91425940.5
"(11, 340, np.float64(0.4))",3,0.208333333,91601342.69,91615337
"(11, 340, np.float64(0.5))",3,0.208333333,91865388.71,91463587
"(11, 340, np.float64(0.6))",3,0.208333333,91121347.81,90954121.5
"(3, 300, np.float64(0.8))",3,0.20625,35469593.48,35772482.5
"(3, 310, np.float64(0.8))",3,0.20625,35272152.15,35244800
"(3, 320, np.float64(0.8))",3,0.20625,34796287.7,34709330.5
"(3, 330, np.float64(0.8))",3,0.20625,33809192.46,33979016
"(7, 320, np.float64(0.7000000000000001))",3,0.20625,109312862.9,108973494
"(7, 330, np.float64(0.7000000000000001))",3,0.20625,109096326.9,108794537
"(7, 340, np.float64(0.7000000000000001))",3,0.20625,108769968.4,108454916.5
"(7, 350, np.float64(0.7000000000000001))",3,0.20625,107997404.1,107405358
"(7, 360, np.float64(0.7000000000000001))",3,0.20625,108285773.7,107757508
"(7, 370, np.float64(0.7000000000000001))",3,0.20625,108691028.7,108560664
"(9, 320, np.float64(0.7000000000000001))",3,0.20625,112751375.1,112309468.5
"(11, 310, np.float64(0.7000000000000001))",3,0.20625,91053450.81,90633415
"(1, 300, np.float64(0.1))",3,0.204166667,39520040.04,39461594.5
"(1, 300, np.float64(0.2))",3,0.204166667,40571691.46,40472544.5
"(1, 300, np.float64(0.30000000000000004))",3,0.204166667,40167139.51,40615697.5
"(1, 300, np.float64(0.4))",3,0.204166667,38821264.7,39096217.5
"(1, 300, np.float64(0.5))",3,0.204166667,39325570.31,39626458
"(1, 300, np.float64(0.6))",3,0.204166667,39635538.92,39673814.5
"(1, 310, np.float64(0.1))",3,0.204166667,41049583.36,40796543.5
"(1, 310, np.float64(0.2))",3,0.204166667,39191567.95,38418805.5
"(1, 310, np.float64(0.30000000000000004))",3,0.204166667,39646537.84,39195340.5
"(1, 310, np.float64(0.4))",3,0.204166667,38721268.9,38638667.5
"(1, 310, np.float64(0.5))",3,0.204166667,39029846.01,39204452.5
"(1, 310, np.float64(0.6))",3,0.204166667,38127355.13,37944924
"(1, 320, np.float64(0.1))",3,0.204166667,41070946.79,41829082
"(1, 320, np.float64(0.2))",3,0.204166667,38896106.79,39429194.5
"(1, 320, np.float64(0.30000000000000004))",3,0.204166667,38859332.76,38325697.5
"(1, 320, np.float64(0.4))",3,0.204166667,38589066.12,38094888.5
"(1, 320, np.float64(0.5))",3,0.204166667,38168981.34,37628899
"(1, 320, np.float64(0.6))",3,0.204166667,39181280.79,38970480.5
"(1, 330, np.float64(0.1))",3,0.204166667,42159227.33,42468383.5
"(1, 330, np.float64(0.2))",3,0.204166667,38724296.09,38922437.5
"(1, 330, np.float64(0.30000000000000004))",3,0.204166667,40167880.98,39700741.5
"(1, 330, np.float64(0.4))",3,0.204166667,38210979.33,37612141
"(1, 330, np.float64(0.5))",3,0.204166667,38020760.65,37618391.5
"(1, 330, np.float64(0.6))",3,0.204166667,37955944.19,37792350
"(1, 340, np.float64(0.1))",3,0.204166667,40904134.67,41082057.5
"(1, 340, np.float64(0.2))",3,0.204166667,38606014.48,39153911
"(1, 340, np.float64(0.30000000000000004))",3,0.204166667,40045892.79,40556698.5
"(1, 340, np.float64(0.4))",3,0.204166667,40444241.53,40985429
"(1, 340, np.float64(0.5))",3,0.204166667,38156093.61,37023247.5
"(1, 340, np.float64(0.6))",3,0.204166667,37850481.43,37733756
"(1, 350, np.float64(0.1))",3,0.204166667,40496391.91,40367727
"(1, 350, np.float64(0.2))",3,0.204166667,40165434.98,40130640
"(1, 350, np.float64(0.30000000000000004))",3,0.204166667,40189779.35,40853106
"(1, 350, np.float64(0.4))",3,0.204166667,40133846.18,40440977
"(1, 350, np.float64(0.5))",3,0.204166667,39053326.77,39179020.5
"(1, 350, np.float64(0.6))",3,0.204166667,37913031.26,37725747.5
"(1, 360, np.float64(0.1))",3,0.204166667,40671328.71,40535643.5
"(1, 360, np.float64(0.2))",3,0.204166667,40056373.02,39764572
"(1, 360, np.float64(0.30000000000000004))",3,0.204166667,38431478.34,38847438
"(1, 360, np.float64(0.4))",3,0.204166667,40188382.68,40218007
"(1, 360, np.float64(0.5))",3,0.204166667,39123683.42,39590388.5
"(1, 360, np.float64(0.6))",3,0.204166667,39461050.59,39644353.5
"(1, 370, np.float64(0.1))",3,0.204166667,40142941.13,39862339.5
"(1, 370, np.float64(0.2))",3,0.204166667,40192492.71,40376273.5
"(1, 370, np.float64(0.30000000000000004))",3,0.204166667,38528000.21,38484859
"(1, 370, np.float64(0.4))",3,0.204166667,39644403.72,39630370
"(1, 370, np.float64(0.5))",3,0.204166667,39415698.14,39763148
"(1, 370, np.float64(0.6))",3,0.204166667,38770172.22,38599850
"(1, 380, np.float64(0.1))",3,0.204166667,39409812.28,39072972.5
"(1, 380, np.float64(0.2))",3,0.204166667,39743084.51,39484799
"(1, 380, np.float64(0.30000000000000004))",3,0.204166667,38418430.34,38447606
"(1, 380, np.float64(0.4))",3,0.204166667,39657828.11,39003703.5
"(1, 380, np.float64(0.5))",3,0.204166667,39207097.48,39372562.5
"(1, 380, np.float64(0.6))",3,0.204166667,39573453.49,40054981.5
"(1, 390, np.float64(0.1))",3,0.204166667,39301971.63,39464461.5
"(1, 390, np.float64(0.2))",3,0.204166667,38835924.32,38508398
"(1, 390, np.float64(0.30000000000000004))",3,0.204166667,39447796.42,39883692.5
"(1, 390, np.float64(0.4))",3,0.204166667,38056851.4,37683986
"(1, 390, np.float64(0.5))",3,0.204166667,39582017.58,39742543
"(1, 390, np.float64(0.6))",3,0.204166667,39030452.2,39145914.5
"(1, 400, np.float64(0.1))",3,0.204166667,39154968.26,39025240.5
"(1, 400, np.float64(0.2))",3,0.204166667,39157148.96,39564239
"(1, 400, np.float64(0.30000000000000004))",3,0.204166667,38682622.5,38670726.5
"(1, 400, np.float64(0.4))",3,0.204166667,39628763.63,39225954
"(1, 400, np.float64(0.5))",3,0.204166667,39087106.11,38707396
"(1, 400, np.float64(0.6))",3,0.204166667,39514825.6,39425391.5
"(3, 340, np.float64(0.1))",3,0.204166667,37229547.9,36620340
"(3, 340, np.float64(0.2))",3,0.204166667,36840947.56,36738021
"(3, 340, np.float64(0.30000000000000004))",3,0.204166667,36880385.08,36606658
"(3, 340, np.float64(0.4))",3,0.204166667,35804237.74,35659011.5
"(3, 340, np.float64(0.5))",3,0.204166667,36129177.36,36497288
"(3, 340, np.float64(0.6))",3,0.204166667,34385862.34,33898211
"(3, 350, np.float64(0.1))",3,0.204166667,36608360.26,36410677.5
"(3, 350, np.float64(0.2))",3,0.204166667,36061978.05,35742666
"(3, 350, np.float64(0.30000000000000004))",3,0.204166667,36524473.92,36000349.5
"(3, 350, np.float64(0.4))",3,0.204166667,36589176.99,36959545
"(3, 350, np.float64(0.5))",3,0.204166667,36409576.42,36209815
"(3, 350, np.float64(0.6))",3,0.204166667,35894771.47,36249317.5
"(3, 360, np.float64(0.1))",3,0.204166667,35247551.56,35542627.5
"(3, 360, np.float64(0.2))",3,0.204166667,35809899.76,35339143.5
"(3, 360, np.float64(0.30000000000000004))",3,0.204166667,36649282.78,36311578
"(3, 360, np.float64(0.4))",3,0.204166667,36170430.52,36533114.5
"(3, 360, np.float64(0.5))",3,0.204166667,35309608.56,35510485.5
"(3, 360, np.float64(0.6))",3,0.204166667,36205611.9,36051842
"(3, 370, np.float64(0.1))",3,0.204166667,35534017.74,34840112.5
"(3, 370, np.float64(0.2))",3,0.204166667,34872039.45,34621940
"(3, 370, np.float64(0.30000000000000004))",3,0.204166667,35764989.04,35743047
"(3, 370, np.float64(0.4))",3,0.204166667,36527375.65,36623018.5
"(3, 370, np.float64(0.5))",3,0.204166667,36081775.19,36299225.5
"(3, 370, np.float64(0.6))",3,0.204166667,36528639.88,35848420
"(3, 380, np.float64(0.1))",3,0.204166667,35213597.24,35181749.5
"(3, 380, np.float64(0.2))",3,0.204166667,35163997.88,34825649
"(3, 380, np.float64(0.30000000000000004))",3,0.204166667,34701302.09,34857110
"(3, 380, np.float64(0.4))",3,0.204166667,35485399.27,35567045
"(3, 380, np.float64(0.5))",3,0.204166667,36259727.83,36152179.5
"(3, 380, np.float64(0.6))",3,0.204166667,35970875.2,36135336.5
"(3, 390, np.float64(0.1))",3,0.204166667,35447539.04,35405023
"(3, 390, np.float64(0.2))",3,0.204166667,34982028.69,34560096
"(3, 390, np.float64(0.30000000000000004))",3,0.204166667,34753209.88,34536978
"(3, 390, np.float64(0.4))",3,0.204166667,34453495.7,34127912.5
"(3, 390, np.float64(0.5))",3,0.204166667,35132853.84,35158759
"(3, 390, np.float64(0.6))",3,0.204166667,35220864.55,35110150.5
"(3, 400, np.float64(0.1))",3,0.204166667,37053698.4,36499384.5
"(3, 400, np.float64(0.2))",3,0.204166667,35039901.5,34921332
"(3, 400, np.float64(0.30000000000000004))",3,0.204166667,34654117.82,34729733.5
"(3, 400, np.float64(0.4))",3,0.204166667,34512239,34561626
"(3, 400, np.float64(0.5))",3,0.204166667,34182903.11,34398718
"(3, 400, np.float64(0.6))",3,0.204166667,35214630.94,35286581.5
"(5, 390, np.float64(0.1))",3,0.204166667,35317257.88,35298421.5
"(5, 390, np.float64(0.2))",3,0.204166667,35269777.72,34930139
"(5, 390, np.float64(0.30000000000000004))",3,0.204166667,34494335.04,34228464.5
"(5, 390, np.float64(0.4))",3,0.204166667,34981641,34599779.5
"(5, 390, np.float64(0.5))",3,0.204166667,34566592.58,34084178.5
"(5, 390, np.float64(0.6))",3,0.204166667,33678777.78,33398238.5
"(5, 400, np.float64(0.1))",3,0.204166667,33838292.59,33426671
"(5, 400, np.float64(0.2))",3,0.204166667,34581609.94,33914289
"(5, 400, np.float64(0.30000000000000004))",3,0.204166667,34189256.7,33522201
"(5, 400, np.float64(0.4))",3,0.204166667,33273997.91,32243438
"(5, 400, np.float64(0.5))",3,0.204166667,33268999.13,32778530.5
"(5, 400, np.float64(0.6))",3,0.204166667,32721178.79,32106000.5
"(7, 300, np.float64(0.7000000000000001))",3,0.204166667,111062401.1,110078042.5
"(7, 310, np.float64(0.7000000000000001))",3,0.204166667,109885752.2,109717650
"(7, 390, np.float64(0.1))",3,0.204166667,108862552.4,108446876
"(7, 390, np.float64(0.2))",3,0.204166667,109486224.5,109222878.5
"(7, 390, np.float64(0.30000000000000004))",3,0.204166667,110172187.6,109561070
"(7, 390, np.float64(0.4))",3,0.204166667,109454563,108999517.5
"(7, 390, np.float64(0.5))",3,0.204166667,108200149.3,107551782
"(7, 390, np.float64(0.6))",3,0.204166667,109649942.5,109762227.5
"(7, 400, np.float64(0.1))",3,0.204166667,108587527.3,107875609
"(7, 400, np.float64(0.2))",3,0.204166667,108213654.8,107755377.5
"(7, 400, np.float64(0.30000000000000004))",3,0.204166667,109744751.9,109448765
"(7, 400, np.float64(0.4))",3,0.204166667,109698460.1,109424021
"(7, 400, np.float64(0.5))",3,0.204166667,109245736.5,108510326
"(7, 400, np.float64(0.6))",3,0.204166667,107688839.8,107204184.5
"(9, 330, np.float64(0.1))",3,0.204166667,114035073.4,113611386
"(9, 330, np.float64(0.2))",3,0.204166667,114645759.8,113881215.5
"(9, 330, np.float64(0.30000000000000004))",3,0.204166667,114143395.7,114010874.5
"(9, 330, np.float64(0.4))",3,0.204166667,114289923.8,113363726
"(9, 330, np.float64(0.5))",3,0.204166667,113092297.1,112432962.5
"(9, 330, np.float64(0.6))",3,0.204166667,113015615.5,112452319.5
"(9, 340, np.float64(0.1))",3,0.204166667,114365204.7,114148271
"(9, 340, np.float64(0.2))",3,0.204166667,113855903.7,113621655
"(9, 340, np.float64(0.30000000000000004))",3,0.204166667,114479670.9,113992969
"(9, 340, np.float64(0.4))",3,0.204166667,113854563.8,113439101
"(9, 340, np.float64(0.5))",3,0.204166667,114110514.8,113603527.5
"(9, 340, np.float64(0.6))",3,0.204166667,112827532.2,112455639.5
"(9, 350, np.float64(0.1))",3,0.204166667,114435603.2,114244717
"(9, 350, np.float64(0.2))",3,0.204166667,114431129.2,113822858
"(9, 350, np.float64(0.30000000000000004))",3,0.204166667,113732099.4,113564292.5
"(9, 350, np.float64(0.4))",3,0.204166667,114314988.1,113977456
"(9, 350, np.float64(0.5))",3,0.204166667,113529269.1,113014666
"(9, 350, np.float64(0.6))",3,0.204166667,114035005.7,113878608
"(11, 300, np.float64(0.7000000000000001))",3,0.204166667,90570621.85,89818313
"(11, 310, np.float64(0.1))",3,0.204166667,92140290.52,91505821.5
"(11, 310, np.float64(0.2))",3,0.204166667,92300359.71,92294626
"(11, 310, np.float64(0.30000000000000004))",3,0.204166667,92340752.01,92295780.5
"(11, 310, np.float64(0.4))",3,0.204166667,91231109.5,91362445.5
"(11, 310, np.float64(0.5))",3,0.204166667,91414072.02,91119741
"(11, 310, np.float64(0.6))",3,0.204166667,91950231.5,91573609.5
"(3, 300, np.float64(0.1))",3,0.202083333,36668034.29,36827866.5
"(3, 300, np.float64(0.2))",3,0.202083333,34855447.83,34945847
"(3, 300, np.float64(0.30000000000000004))",3,0.202083333,34657046.61,34752288.5
"(3, 300, np.float64(0.4))",3,0.202083333,34387746.71,34141057
"(3, 300, np.float64(0.5))",3,0.202083333,34355945.04,34079780
"(3, 300, np.float64(0.6))",3,0.202083333,34978478.32,34421141.5
"(3, 310, np.float64(0.1))",3,0.202083333,37369784.67,37586819.5
"(3, 310, np.float64(0.2))",3,0.202083333,36250914.24,35951174
"(3, 310, np.float64(0.30000000000000004))",3,0.202083333,34871422.79,34285772.5
"(3, 310, np.float64(0.4))",3,0.202083333,34685889.78,34648562.5
"(3, 310, np.float64(0.5))",3,0.202083333,34311622.42,34136834.5
"(3, 310, np.float64(0.6))",3,0.202083333,34014638.41,33806243.5
"(3, 320, np.float64(0.1))",3,0.202083333,37339024.73,37374020
"(3, 320, np.float64(0.2))",3,0.202083333,36371113.06,36368947
"(3, 320, np.float64(0.30000000000000004))",3,0.202083333,36664237.63,36840897
"(3, 320, np.float64(0.4))",3,0.202083333,34604893.59,34353535
"(3, 320, np.float64(0.5))",3,0.202083333,34492318.43,34165467
"(3, 320, np.float64(0.6))",3,0.202083333,34103456.04,34209277.5
"(3, 330, np.float64(0.1))",3,0.202083333,37405774.14,37143732
"(3, 330, np.float64(0.2))",3,0.202083333,37078736.71,37164599.5
"(3, 330, np.float64(0.30000000000000004))",3,0.202083333,35871881.78,35802729
"(3, 330, np.float64(0.4))",3,0.202083333,36438011.27,36438555.5
"(3, 330, np.float64(0.5))",3,0.202083333,34477590.54,34277074.5
"(3, 330, np.float64(0.6))",3,0.202083333,34338046.52,34283122.5
"(5, 370, np.float64(0.1))",3,0.202083333,35042499.34,35173802.5
"(5, 370, np.float64(0.2))",3,0.202083333,35477077.26,35439430
"(5, 370, np.float64(0.30000000000000004))",3,0.202083333,35416107.7,34951553
"(5, 370, np.float64(0.4))",3,0.202083333,34252974.7,34060480
"(5, 370, np.float64(0.5))",3,0.202083333,32851118.48,32505976.5
"(5, 370, np.float64(0.6))",3,0.202083333,32732089.34,32793620.5
"(5, 380, np.float64(0.1))",3,0.202083333,35652854.79,35697335
"(5, 380, np.float64(0.2))",3,0.202083333,34844681.65,34617562
"(5, 380, np.float64(0.30000000000000004))",3,0.202083333,34938728.23,34573913
"(5, 380, np.float64(0.4))",3,0.202083333,35005628.08,34749047
"(5, 380, np.float64(0.5))",3,0.202083333,33757234.07,33735357.5
"(5, 380, np.float64(0.6))",3,0.202083333,32522942.85,32477981
"(9, 310, np.float64(0.7000000000000001))",3,0.202083333,113244420.7,112662187.5
"(9, 320, np.float64(0.1))",3,0.202083333,114603247,114352120
"(9, 320, np.float64(0.2))",3,0.202083333,114875716.4,114814160
"(9, 320, np.float64(0.30000000000000004))",3,0.202083333,114147829.7,113886222.5
"(9, 320, np.float64(0.4))",3,0.202083333,113425053.1,113060458
"(9, 320, np.float64(0.5))",3,0.202083333,113016728.7,112377877.5
"(9, 320, np.float64(0.6))",3,0.202083333,114064498,113530774
"(5, 340, np.float64(0.1))",3,0.2,35198072.46,35339024
"(5, 340, np.float64(0.2))",3,0.2,35211605.56,34673261
"(5, 340, np.float64(0.30000000000000004))",3,0.2,33409042.69,32601085
"(5, 340, np.float64(0.4))",3,0.2,34711063.36,34544252.5
"(5, 340, np.float64(0.5))",3,0.2,33028222.89,32674738.5
"(5, 340, np.float64(0.6))",3,0.2,32987162.1,32912937.5
"(5, 350, np.float64(0.1))",3,0.2,35735374.48,35846377
"(5, 350, np.float64(0.2))",3,0.2,33477338,33511711
"(5, 350, np.float64(0.30000000000000004))",3,0.2,33353172.13,32726795
"(5, 350, np.float64(0.4))",3,0.2,34382198.48,34215512.5
"(5, 350, np.float64(0.5))",3,0.2,33016461.49,32659375.5
"(5, 350, np.float64(0.6))",3,0.2,34553645.53,34642470.5
"(5, 360, np.float64(0.1))",3,0.2,36035875.79,36387266
"(5, 360, np.float64(0.2))",3,0.2,35651416.69,35761812
"(5, 360, np.float64(0.30000000000000004))",3,0.2,34305958.27,34401411.5
"(5, 360, np.float64(0.4))",3,0.2,33010445.62,32895069
"(5, 360, np.float64(0.5))",3,0.2,33013301.44,32862912.5
"(5, 360, np.float64(0.6))",3,0.2,34083078.65,34005439.5
"(7, 380, np.float64(0.1))",3,0.2,109423167.4,108832613.5
"(7, 380, np.float64(0.2))",3,0.2,110807899.1,110474150.5
"(7, 380, np.float64(0.30000000000000004))",3,0.2,109893616.8,109054784.5
"(7, 380, np.float64(0.4))",3,0.2,108201990.1,107901165.5
"(7, 380, np.float64(0.5))",3,0.2,109813908.7,109806304
"(7, 380, np.float64(0.6))",3,0.2,109343691.3,109072605
"(9, 300, np.float64(0.7000000000000001))",3,0.2,114081319,113393116
"(11, 300, np.float64(0.1))",3,0.2,89149720.05,88942768.5
"(11, 300, np.float64(0.2))",3,0.2,88411672.81,88056165.5
"(11, 300, np.float64(0.30000000000000004))",3,0.2,90647933.62,90198334.5
"(11, 300, np.float64(0.4))",3,0.2,91355808.45,91119192
"(11, 300, np.float64(0.5))",3,0.2,91228633.56,90595964
"(11, 300, np.float64(0.6))",3,0.2,91259528.69,90381573.5
"(5, 300, np.float64(0.1))",3,0.197916667,35794117.41,35502566.5
"(5, 300, np.float64(0.2))",3,0.197916667,35727699.1,35526120.5
"(5, 300, np.float64(0.30000000000000004))",3,0.197916667,33384991.64,33136090.5
"(5, 300, np.float64(0.4))",3,0.197916667,33182079.76,33085602.5
"(5, 300, np.float64(0.5))",3,0.197916667,33217682.88,33325461.5
"(5, 300, np.float64(0.6))",3,0.197916667,32658565.25,32657193
"(5, 310, np.float64(0.1))",3,0.197916667,35824435.25,35621723.5
"(5, 310, np.float64(0.2))",3,0.197916667,36032210.48,35738747.5
"(5, 310, np.float64(0.30000000000000004))",3,0.197916667,35175077.54,34797235
"(5, 310, np.float64(0.4))",3,0.197916667,32974904.11,32769973
"(5, 310, np.float64(0.5))",3,0.197916667,33010125.11,32880581.5
"(5, 310, np.float64(0.6))",3,0.197916667,32866590.97,32943729
"(5, 320, np.float64(0.1))",3,0.197916667,35457349.76,35001002.5
"(5, 320, np.float64(0.2))",3,0.197916667,35643085.78,35557041
"(5, 320, np.float64(0.30000000000000004))",3,0.197916667,33224134.39,32731660.5
"(5, 320, np.float64(0.4))",3,0.197916667,34538950.98,34490881
"(5, 320, np.float64(0.5))",3,0.197916667,35048785.16,35055786.5
"(5, 320, np.float64(0.6))",3,0.197916667,32922825.73,32783518.5
"(5, 330, np.float64(0.1))",3,0.197916667,35457944.8,34942453.5
"(5, 330, np.float64(0.2))",3,0.197916667,35307536.81,34641053
"(5, 330, np.float64(0.30000000000000004))",3,0.197916667,33309251.75,32850164.5
"(5, 330, np.float64(0.4))",3,0.197916667,33134501.05,33126373.5
"(5, 330, np.float64(0.5))",3,0.197916667,34633061.83,34771411
"(5, 330, np.float64(0.6))",3,0.197916667,34076487.63,33949933.5
"(9, 310, np.float64(0.1))",3,0.197916667,114748309.1,114741876
"(9, 310, np.float64(0.2))",3,0.197916667,114310697.1,113566241.5
"(9, 310, np.float64(0.30000000000000004))",3,0.197916667,113774511.8,113371136
"(9, 310, np.float64(0.4))",3,0.197916667,113463088.5,113030366.5
"(9, 310, np.float64(0.5))",3,0.197916667,114005750.4,114008031.5
"(9, 310, np.float64(0.6))",3,0.197916667,112542332.6,112119617.5
"(1, 300, np.float64(0.8))",3,0.195833333,38621165.83,38809355.5
"(1, 310, np.float64(0.8))",3,0.195833333,40072377.45,40213883
"(1, 320, np.float64(0.8))",3,0.195833333,38884506.65,39502913.5
"(1, 330, np.float64(0.8))",3,0.195833333,38609192.23,39065516.5
"(1, 340, np.float64(0.8))",3,0.195833333,38411726.59,38855076
"(1, 350, np.float64(0.8))",3,0.195833333,37487801.97,37197709.5
"(1, 360, np.float64(0.8))",3,0.195833333,37351815.9,38020966.5
"(1, 370, np.float64(0.8))",3,0.195833333,37380232,38226349.5
"(1, 380, np.float64(0.8))",3,0.195833333,38748297.51,38828776
"(1, 390, np.float64(0.8))",3,0.195833333,38979289.86,39375395.5
"(1, 400, np.float64(0.8))",3,0.195833333,39172290.61,39589376.5
"(7, 320, np.float64(0.1))",3,0.195833333,108384085.8,107742889.5
"(7, 320, np.float64(0.2))",3,0.195833333,109037626.6,108587774.5
"(7, 320, np.float64(0.30000000000000004))",3,0.195833333,109486701.6,109333694
"(7, 320, np.float64(0.4))",3,0.195833333,108111107.7,107549896.5
"(7, 320, np.float64(0.5))",3,0.195833333,109581832.6,109238654.5
"(7, 320, np.float64(0.6))",3,0.195833333,109052360.4,108605582.5
"(7, 330, np.float64(0.1))",3,0.195833333,109714610.1,109393262
"(7, 330, np.float64(0.2))",3,0.195833333,108407299.9,108152666
"(7, 330, np.float64(0.30000000000000004))",3,0.195833333,108827363.6,108197797
"(7, 330, np.float64(0.4))",3,0.195833333,108695541.5,108434777
"(7, 330, np.float64(0.5))",3,0.195833333,109510315.9,109393434.5
"(7, 330, np.float64(0.6))",3,0.195833333,109523859.9,109194032
"(7, 340, np.float64(0.1))",3,0.195833333,110793048.8,110413074
"(7, 340, np.float64(0.2))",3,0.195833333,108270276,107650359
"(7, 340, np.float64(0.30000000000000004))",3,0.195833333,109294120.1,109058125
"(7, 340, np.float64(0.4))",3,0.195833333,108568574.5,107943136.5
"(7, 340, np.float64(0.5))",3,0.195833333,108537197.5,108128775
"(7, 340, np.float64(0.6))",3,0.195833333,108028838.6,107212741
"(7, 350, np.float64(0.1))",3,0.195833333,110880881.8,110453966
"(7, 350, np.float64(0.2))",3,0.195833333,110358893.3,109724097.5
"(7, 350, np.float64(0.30000000000000004))",3,0.195833333,108039509.6,107799969
"(7, 350, np.float64(0.4))",3,0.195833333,109578213.6,109188911.5
"(7, 350, np.float64(0.5))",3,0.195833333,108496683.3,108163429
"(7, 350, np.float64(0.6))",3,0.195833333,108639108.2,108147840.5
"(7, 360, np.float64(0.1))",3,0.195833333,110131150,109900012
"(7, 360, np.float64(0.2))",3,0.195833333,110081972.3,110052396
"(7, 360, np.float64(0.30000000000000004))",3,0.195833333,109744702.1,109268372
"(7, 360, np.float64(0.4))",3,0.195833333,107897904.9,107610540.5
"(7, 360, np.float64(0.5))",3,0.195833333,108037667.6,107895716.5
"(7, 360, np.float64(0.6))",3,0.195833333,108848845,108664053
"(7, 370, np.float64(0.1))",3,0.195833333,110504984.8,110666744.5
"(7, 370, np.float64(0.2))",3,0.195833333,110152705.2,109896216
"(7, 370, np.float64(0.30000000000000004))",3,0.195833333,110349388.7,110244771.5
"(7, 370, np.float64(0.4))",3,0.195833333,107944747.3,107865101
"(7, 370, np.float64(0.5))",3,0.195833333,109472750.3,109194417.5
"(7, 370, np.float64(0.6))",3,0.195833333,108615474.2,108245615
"(9, 300, np.float64(0.1))",3,0.195833333,115150509.3,114591048
"(9, 300, np.float64(0.2))",3,0.195833333,113841885.9,113529567
"(9, 300, np.float64(0.30000000000000004))",3,0.195833333,113822675.8,113558337.5
"(9, 300, np.float64(0.4))",3,0.195833333,114533022.3,113880685
"(9, 300, np.float64(0.5))",3,0.195833333,112722802.2,112702197.5
"(9, 300, np.float64(0.6))",3,0.195833333,113965799.9,113423578.5
"(7, 300, np.float64(0.1))",3,0.19375,113982009.1,111670469.5
"(7, 300, np.float64(0.2))",3,0.19375,112970981.2,110700115
"(7, 300, np.float64(0.30000000000000004))",3,0.19375,112041287.7,110237934
"(7, 300, np.float64(0.4))",3,0.19375,111535584.3,110306679.5
"(7, 300, np.float64(0.5))",3,0.19375,111567604.1,110229128
"(7, 300, np.float64(0.6))",3,0.19375,111325416.7,109905471.5
"(7, 310, np.float64(0.1))",3,0.19375,109359412.6,109382734
"(7, 310, np.float64(0.2))",3,0.19375,109743449.6,109542921
"(7, 310, np.float64(0.30000000000000004))",3,0.19375,108713518.9,108402614
"(7, 310, np.float64(0.4))",3,0.19375,109577204.4,109153511.5
"(7, 310, np.float64(0.5))",3,0.19375,108775672.9,108303416
"(7, 310, np.float64(0.6))",3,0.19375,109098371,108569591.5
"(5, 300, np.float64(0.9))",3,0.033333333,33916390.88,33554775
"(5, 310, np.float64(0.9))",3,0.033333333,33657223.21,33393111
"(5, 320, np.float64(0.9))",3,0.033333333,33486457.63,33880853
"(5, 330, np.float64(0.9))",3,0.033333333,32087823.5,32074233
"(5, 340, np.float64(0.9))",3,0.033333333,32115089.71,32013256.5
"(5, 350, np.float64(0.9))",3,0.033333333,33745367.04,33825578
"(5, 360, np.float64(0.9))",3,0.033333333,33951803.52,34196110
"(5, 370, np.float64(0.9))",3,0.033333333,33765857.58,33708633
"(5, 380, np.float64(0.9))",3,0.033333333,32372784.31,32470015
"(5, 390, np.float64(0.9))",3,0.033333333,32201142.16,32143558
"(5, 400, np.float64(0.9))",3,0.033333333,27562867.53,27027850.5
"(11, 300, np.float64(0.9))",3,0.020833333,90612314.61,90706886.5
"(11, 310, np.float64(0.9))",3,0.020833333,90855329.04,90443571.5
"(11, 320, np.float64(0.9))",3,0.020833333,90086840.48,89509846
"(11, 330, np.float64(0.9))",3,0.020833333,90530616.58,90503506.5
"(11, 340, np.float64(0.9))",3,0.020833333,90479004.51,90250190
"(11, 350, np.float64(0.9))",3,0.020833333,90727410.11,90639639
"(11, 360, np.float64(0.9))",3,0.020833333,90852256.57,90955217
"(11, 370, np.float64(0.9))",3,0.020833333,91209911.27,91762353
"(11, 380, np.float64(0.9))",3,0.020833333,91472010.54,90988876
"(11, 390, np.float64(0.9))",3,0.020833333,90629455.53,90109097.5
"(11, 400, np.float64(0.9))",3,0.020833333,82075497.01,81909900
"(3, 300, np.float64(0.9))",3,0.016666667,35469723.59,35145314.5
"(3, 310, np.float64(0.9))",3,0.016666667,35251454.26,35328991
"(3, 320, np.float64(0.9))",3,0.016666667,35338268.13,35031286
"(3, 330, np.float64(0.9))",3,0.016666667,34562442.89,34672420
"(3, 340, np.float64(0.9))",3,0.016666667,33426247.8,33501528.5
"(3, 350, np.float64(0.9))",3,0.016666667,33600122.88,33521063
"(3, 360, np.float64(0.9))",3,0.016666667,33756006.56,33896824.5
"(3, 370, np.float64(0.9))",3,0.016666667,33438163.4,33742079
"(3, 380, np.float64(0.9))",3,0.016666667,35562270.56,35894352
"(3, 390, np.float64(0.9))",3,0.016666667,35386909.1,35576500
"(3, 400, np.float64(0.9))",3,0.016666667,34927555.3,34985366
"(7, 300, np.float64(0.9))",3,0.016666667,107576810.9,107496261.5
"(7, 310, np.float64(0.9))",3,0.016666667,108665324.9,108340740.5
"(7, 320, np.float64(0.9))",3,0.016666667,109499358.8,109269721.5
"(7, 330, np.float64(0.9))",3,0.016666667,109824424.4,109827179.5
"(7, 340, np.float64(0.9))",3,0.016666667,109166827.3,108541507
"(7, 350, np.float64(0.9))",3,0.016666667,109539891,109269519.5
"(7, 360, np.float64(0.9))",3,0.016666667,108704461.6,108626405.5
"(7, 370, np.float64(0.9))",3,0.016666667,107624222.5,107023520.5
"(7, 380, np.float64(0.9))",3,0.016666667,107727755.1,107326427
"(7, 390, np.float64(0.9))",3,0.016666667,108816805.5,108127660.5
"(7, 400, np.float64(0.9))",3,0.016666667,109059348.1,108834399
"(9, 300, np.float64(0.9))",3,0.014583333,113481953.3,112980238.5
"(9, 310, np.float64(0.9))",3,0.014583333,112936737.6,113008005
"(9, 320, np.float64(0.9))",3,0.014583333,112985261.5,112531099.5
"(9, 330, np.float64(0.9))",3,0.014583333,113314554.2,113121295
"(9, 340, np.float64(0.9))",3,0.014583333,113404801.9,112903149.5
"(9, 350, np.float64(0.9))",3,0.014583333,112335257.2,112129827
"(9, 360, np.float64(0.9))",3,0.014583333,113311119.3,112745950.5
"(9, 370, np.float64(0.9))",3,0.014583333,112674382.4,112055360.5
"(9, 380, np.float64(0.9))",3,0.014583333,113684437.9,113192001.5
"(9, 390, np.float64(0.9))",3,0.014583333,113573160.7,113114494.5
"(9, 400, np.float64(0.9))",3,0.014583333,114806509,114282554
"(1, 300, np.float64(0.9))",3,0.002083333,37273218.67,37103239
"(1, 310, np.float64(0.9))",3,0.002083333,38636948.45,39247265.5
"(1, 320, np.float64(0.9))",3,0.002083333,38905219.73,39521260
"(1, 330, np.float64(0.9))",3,0.002083333,37885799.79,38175795.5
"(1, 340, np.float64(0.9))",3,0.002083333,38495838.38,38948633
"(1, 350, np.float64(0.9))",3,0.002083333,38230958.94,38341820
"(1, 360, np.float64(0.9))",3,0.002083333,37194537.86,37753224
"(1, 370, np.float64(0.9))",3,0.002083333,37230332.93,38084374.5
"(1, 380, np.float64(0.9))",3,0.002083333,37144108.83,37478307.5
"(1, 390, np.float64(0.9))",3,0.002083333,38444816.96,39169967.5
"(1, 400, np.float64(0.9))",3,0.002083333,38362216.92,38776246