,palette,loc,height,set,blobCount,closeEnough,count4,closeCount4,time,points,path
0,custom,davids,high,A,5,True,False,False,119343667,"[0.0, 1.0, 1.0, 1.0, 885.641010793877]",custom_davids_high_A_0.jpg
1,custom,davids,high,A,4,False,True,False,118809542,"[1.0, 1.0, 2.23606797749979, 906.5208216031224]",custom_davids_high_A_1.jpg
2,custom,davids,high,A,5,True,False,False,115023291,"[0.0, 1.0, 1.4142135623730951, 1.4142135623730951, 762.1679604916491]",custom_davids_high_A_2.jpg
3,custom,davids,high,A,4,True,True,True,118350958,"[1.0, 1.0, 2.0, 2.23606797749979]",custom_davids_high_A_3.jpg
4,custom,davids,high,A,4,True,True,True,118552709,"[1.0, 1.4142135623730951, 2.0, 2.0]",custom_davids_high_A_4.jpg
5,custom,davids,high,B,4,True,True,True,122444792,"[1.0, 1.0, 2.23606797749979, 3.1622776601683795]",custom_davids_high_B_0.jpg
6,custom,davids,high,B,2,True,False,False,118882542,"[0.0, 1.0]",custom_davids_high_B_1.jpg
7,custom,davids,high,B,4,True,True,True,119854917,"[0.0, 1.0, 2.0, 2.8284271247461903]",custom_davids_high_B_2.jpg
8,custom,davids,high,B,4,True,True,True,120905833,"[1.0, 1.4142135623730951, 2.0, 2.23606797749979]",custom_davids_high_B_3.jpg
9,custom,davids,high,B,4,False,True,False,112348708,"[1.0, 2.0, 2.23606797749979, 6.0]",custom_davids_high_B_4.jpg
10,custom,davids,high,C,4,True,True,True,114754375,"[0.0, 1.4142135623730951, 2.8284271247461903, 3.1622776601683795]",custom_davids_high_C_0.jpg
11,custom,davids,high,C,4,True,True,True,119136458,"[0.0, 1.0, 2.8284271247461903, 4.47213595499958]",custom_davids_high_C_1.jpg
12,custom,davids,high,C,4,True,True,True,118968750,"[0.0, 0.0, 1.0, 1.0]",custom_davids_high_C_2.jpg
13,custom,davids,high,C,4,True,True,True,116294625,"[1.0, 1.0, 1.4142135623730951, 2.0]",custom_davids_high_C_3.jpg
14,custom,davids,high,C,4,True,True,True,110170750,"[1.4142135623730951, 2.0, 2.8284271247461903, 2.8284271247461903]",custom_davids_high_C_4.jpg
15,custom,davids,high,D,4,True,True,True,116291084,"[1.4142135623730951, 1.4142135623730951, 1.4142135623730951, 2.23606797749979]",custom_davids_high_D_0.jpg
16,custom,davids,high,D,1,True,False,False,120988583,[1.0],custom_davids_high_D_1.jpg
17,custom,davids,high,D,1,True,False,False,120473084,[1.0],custom_davids_high_D_2.jpg
18,custom,davids,high,D,4,True,True,True,120373958,"[0.0, 1.0, 1.0, 1.4142135623730951]",custom_davids_high_D_3.jpg
19,custom,davids,high,D,4,True,True,True,110403375,"[1.0, 1.0, 2.0, 2.23606797749979]",custom_davids_high_D_4.jpg
20,custom,davids,medium,A,4,True,True,True,114781958,"[1.0, 1.0, 1.0, 1.0]",custom_davids_medium_A_0.jpg
21,custom,davids,medium,A,4,True,True,True,114660542,"[1.0, 2.0, 2.0, 2.23606797749979]",custom_davids_medium_A_1.jpg
22,custom,davids,medium,A,4,True,True,True,115734417,"[1.4142135623730951, 1.4142135623730951, 2.23606797749979, 4.47213595499958]",custom_davids_medium_A_2.jpg
23,custom,davids,medium,A,2,True,False,False,120634542,"[1.4142135623730951, 1.4142135623730951]",custom_davids_medium_A_3.jpg
24,custom,davids,medium,A,2,True,False,False,112948041,"[0.0, 2.0]",custom_davids_medium_A_4.jpg
25,custom,davids,medium,B,4,True,True,True,116158375,"[0.0, 0.0, 2.23606797749979, 2.23606797749979]",custom_davids_medium_B_0.jpg
26,custom,davids,medium,B,3,True,False,False,121340917,"[0.0, 1.4142135623730951, 2.23606797749979]",custom_davids_medium_B_1.jpg
27,custom,davids,medium,B,3,True,False,False,121211333,"[0.0, 1.0, 1.0]",custom_davids_medium_B_2.jpg
28,custom,davids,medium,B,3,True,False,False,122883000,"[0.0, 1.0, 1.4142135623730951]",custom_davids_medium_B_3.jpg
29,custom,davids,medium,B,4,True,True,True,112393750,"[0.0, 1.0, 1.0, 1.0]",custom_davids_medium_B_4.jpg
30,custom,davids,medium,C,4,True,True,True,118781416,"[1.0, 1.0, 1.4142135623730951, 2.23606797749979]",custom_davids_medium_C_0.jpg
31,custom,davids,medium,C,4,True,True,True,113813167,"[0.0, 1.0, 1.4142135623730951, 2.23606797749979]",custom_davids_medium_C_1.jpg
32,custom,davids,medium,C,4,False,True,False,115461625,"[0.0, 0.0, 1.0, 5.0990195135927845]",custom_davids_medium_C_2.jpg
33,custom,davids,medium,C,3,True,False,False,113933625,"[1.4142135623730951, 1.4142135623730951, 1.4142135623730951]",custom_davids_medium_C_3.jpg
34,custom,davids,medium,C,3,True,False,False,112142958,"[1.4142135623730951, 1.4142135623730951, 2.0]",custom_davids_medium_C_4.jpg
35,custom,davids,medium,D,3,True,False,False,115489083,"[1.4142135623730951, 1.4142135623730951, 2.23606797749979]",custom_davids_medium_D_0.jpg
36,custom,davids,medium,D,3,True,False,False,115506708,"[1.0, 2.23606797749979, 2.23606797749979]",custom_davids_medium_D_1.jpg
37,custom,davids,medium,D,4,True,True,True,116082792,"[1.0, 1.0, 1.4142135623730951, 3.0]",custom_davids_medium_D_2.jpg
38,custom,davids,medium,D,4,True,True,True,119180875,"[1.0, 1.0, 1.0, 2.23606797749979]",custom_davids_medium_D_3.jpg
39,custom,davids,medium,D,4,True,True,True,111769333,"[0.0, 1.0, 1.0, 1.0]",custom_davids_medium_D_4.jpg
40,custom,davids,short,A,4,True,True,True,115055833,"[1.0, 1.0, 2.23606797749979, 2.23606797749979]",custom_davids_short_A_0.jpg
41,custom,davids,short,A,4,True,True,True,116699708,"[1.0, 1.0, 2.0, 2.23606797749979]",custom_davids_short_A_1.jpg
42,custom,davids,short,A,4,True,True,True,118913166,"[1.0, 1.0, 1.0, 3.1622776601683795]",custom_davids_short_A_2.jpg
43,custom,davids,short,A,2,True,False,False,116598916,"[0.0, 1.0]",custom_davids_short_A_3.jpg
44,custom,davids,short,A,4,False,True,False,113415833,"[1.0, 1.4142135623730951, 2.8284271247461903, 10.198039027185569]",custom_davids_short_A_4.jpg
45,custom,davids,short,B,6,True,False,False,123473541,"[1.0, 1.4142135623730951, 1.4142135623730951, 3.0, 334.4846782739084, 356.6791275081849]",custom_davids_short_B_0.jpg
46,custom,davids,short,B,3,True,False,False,125434500,"[0.0, 1.0, 2.23606797749979]",custom_davids_short_B_1.jpg
47,custom,davids,short,B,3,True,False,False,124314250,"[1.0, 1.0, 2.23606797749979]",custom_davids_short_B_2.jpg
48,custom,davids,short,B,3,True,False,False,118363333,"[1.0, 1.4142135623730951, 2.0]",custom_davids_short_B_3.jpg
49,custom,davids,short,B,4,True,True,True,113703541,"[1.0, 1.0, 1.0, 2.0]",custom_davids_short_B_4.jpg
50,custom,davids,short,C,3,True,False,False,119323583,"[0.0, 1.0, 3.1622776601683795]",custom_davids_short_C_0.jpg
51,custom,davids,short,C,3,False,False,False,117186375,"[0.0, 2.0, 6.0]",custom_davids_short_C_1.jpg
52,custom,davids,short,C,6,False,False,False,119050834,"[1.0, 2.0, 3.0, 5.0990195135927845, 315.3696244092002, 343.4020966738555]",custom_davids_short_C_2.jpg
53,custom,davids,short,C,3,False,False,False,121494875,"[1.4142135623730951, 3.605551275463989, 5.385164807134504]",custom_davids_short_C_3.jpg
54,custom,davids,short,C,4,True,True,True,116377291,"[0.0, 1.0, 2.23606797749979, 3.1622776601683795]",custom_davids_short_C_4.jpg
55,custom,davids,short,D,3,True,False,False,115231334,"[0.0, 1.0, 1.4142135623730951]",custom_davids_short_D_0.jpg
56,custom,davids,short,D,3,True,False,False,123803334,"[0.0, 1.0, 2.23606797749979]",custom_davids_short_D_1.jpg
57,custom,davids,short,D,3,True,False,False,122179583,"[0.0, 0.0, 1.0]",custom_davids_short_D_2.jpg
58,custom,davids,short,D,3,True,False,False,119875708,"[1.0, 2.0, 2.23606797749979]",custom_davids_short_D_3.jpg
59,custom,davids,short,D,3,True,False,False,113623750,"[1.0, 1.0, 1.0]",custom_davids_short_D_4.jpg
60,custom,jack_cole,high,A,3,True,False,False,113903416,"[1.4142135623730951, 2.0, 2.23606797749979]",custom_jack_cole_high_A_0.jpg
61,custom,jack_cole,high,A,4,False,True,False,114945625,"[0.0, 1.0, 1.0, 5.0]",custom_jack_cole_high_A_1.jpg
62,custom,jack_cole,high,A,4,True,True,True,115862125,"[1.4142135623730951, 1.4142135623730951, 2.0, 2.0]",custom_jack_cole_high_A_2.jpg
63,custom,jack_cole,high,A,3,True,False,False,115168917,"[1.0, 1.0, 1.4142135623730951]",custom_jack_cole_high_A_3.jpg
64,custom,jack_cole,high,A,3,True,False,False,113702875,"[0.0, 2.23606797749979, 2.23606797749979]",custom_jack_cole_high_A_4.jpg
65,custom,jack_cole,high,B,4,True,True,True,114498000,"[1.0, 1.0, 1.4142135623730951, 2.0]",custom_jack_cole_high_B_0.jpg
66,custom,jack_cole,high,B,4,True,True,True,115233375,"[1.0, 1.0, 1.4142135623730951, 1.4142135623730951]",custom_jack_cole_high_B_1.jpg
67,custom,jack_cole,high,B,4,True,True,True,116294750,"[1.0, 1.4142135623730951, 2.23606797749979, 2.23606797749979]",custom_jack_cole_high_B_2.jpg
68,custom,jack_cole,high,B,4,True,True,True,116698209,"[0.0, 1.0, 1.0, 1.4142135623730951]",custom_jack_cole_high_B_3.jpg
69,custom,jack_cole,high,B,4,True,True,True,112129417,"[1.0, 1.0, 1.0, 1.0]",custom_jack_cole_high_B_4.jpg
70,custom,jack_cole,high,C,2,False,False,False,113132083,"[1.4142135623730951, 5.385164807134504]",custom_jack_cole_high_C_0.jpg
71,custom,jack_cole,high,C,2,True,False,False,112750000,"[1.0, 3.0]",custom_jack_cole_high_C_1.jpg
72,custom,jack_cole,high,C,2,True,False,False,114602500,"[0.0, 4.123105625617661]",custom_jack_cole_high_C_2.jpg
73,custom,jack_cole,high,C,2,True,False,False,113582333,"[1.4142135623730951, 2.23606797749979]",custom_jack_cole_high_C_3.jpg
74,custom,jack_cole,high,C,2,True,False,False,112242708,"[1.4142135623730951, 3.1622776601683795]",custom_jack_cole_high_C_4.jpg
75,custom,jack_cole,high,D,1,True,False,False,110887583,[2.23606797749979],custom_jack_cole_high_D_0.jpg
76,custom,jack_cole,high,D,1,True,False,False,111275834,[1.0],custom_jack_cole_high_D_1.jpg
77,custom,jack_cole,high,D,1,True,False,False,114373083,[1.0],custom_jack_cole_high_D_2.jpg
78,custom,jack_cole,high,D,1,True,False,False,112823791,[1.4142135623730951],custom_jack_cole_high_D_3.jpg
79,custom,jack_cole,high,D,2,False,False,False,109200334,"[2.0, 5.0]",custom_jack_cole_high_D_4.jpg
80,custom,jack_cole,medium,A,3,True,False,False,114191084,"[1.0, 1.0, 2.0]",custom_jack_cole_medium_A_0.jpg
81,custom,jack_cole,medium,A,3,True,False,False,113370792,"[1.0, 2.0, 2.23606797749979]",custom_jack_cole_medium_A_1.jpg
82,custom,jack_cole,medium,A,3,True,False,False,113523375,"[1.0, 1.0, 1.4142135623730951]",custom_jack_cole_medium_A_2.jpg
83,custom,jack_cole,medium,A,3,True,False,False,116277041,"[0.0, 1.4142135623730951, 2.23606797749979]",custom_jack_cole_medium_A_3.jpg
84,custom,jack_cole,medium,A,4,True,True,True,110945125,"[1.0, 1.4142135623730951, 2.0, 2.23606797749979]",custom_jack_cole_medium_A_4.jpg
85,custom,jack_cole,medium,B,4,True,True,True,113402708,"[1.0, 1.0, 1.4142135623730951, 1.4142135623730951]",custom_jack_cole_medium_B_0.jpg
86,custom,jack_cole,medium,B,4,True,True,True,113605917,"[0.0, 1.0, 2.23606797749979, 2.23606797749979]",custom_jack_cole_medium_B_1.jpg
87,custom,jack_cole,medium,B,3,True,False,False,115154459,"[1.0, 2.0, 2.23606797749979]",custom_jack_cole_medium_B_2.jpg
88,custom,jack_cole,medium,B,4,True,True,True,115738125,"[2.23606797749979, 2.23606797749979, 2.23606797749979, 3.0]",custom_jack_cole_medium_B_3.jpg
89,custom,jack_cole,medium,B,4,True,True,True,141837167,"[0.0, 1.0, 2.23606797749979, 3.605551275463989]",custom_jack_cole_medium_B_4.jpg
90,custom,jack_cole,medium,C,2,True,False,False,114379459,"[1.0, 1.4142135623730951]",custom_jack_cole_medium_C_0.jpg
91,custom,jack_cole,medium,C,1,True,False,False,115307167,[0.0],custom_jack_cole_medium_C_1.jpg
92,custom,jack_cole,medium,C,1,True,False,False,115782209,[2.0],custom_jack_cole_medium_C_2.jpg
93,custom,jack_cole,medium,C,2,False,False,False,115781750,"[3.605551275463989, 609.3808333054134]",custom_jack_cole_medium_C_3.jpg
94,custom,jack_cole,medium,C,2,False,False,False,111012750,"[2.8284271247461903, 6.082762530298219]",custom_jack_cole_medium_C_4.jpg
95,custom,jack_cole,medium,D,4,True,True,True,115627958,"[2.0, 2.0, 2.23606797749979, 3.0]",custom_jack_cole_medium_D_0.jpg
96,custom,jack_cole,medium,D,1,True,False,False,115342750,[1.0],custom_jack_cole_medium_D_1.jpg
97,custom,jack_cole,medium,D,4,True,True,True,116160708,"[1.0, 1.0, 2.0, 2.0]",custom_jack_cole_medium_D_2.jpg
98,custom,jack_cole,medium,D,2,True,False,False,115824500,"[1.0, 3.605551275463989]",custom_jack_cole_medium_D_3.jpg
99,custom,jack_cole,medium,D,3,True,False,False,111898375,"[1.0, 1.4142135623730951, 2.8284271247461903]",custom_jack_cole_medium_D_4.jpg
100,custom,jack_cole,short,A,4,True,True,True,117678083,"[1.0, 2.23606797749979, 3.1622776601683795, 3.605551275463989]",custom_jack_cole_short_A_0.jpg
101,custom,jack_cole,short,A,4,True,True,True,117710375,"[2.23606797749979, 2.23606797749979, 3.0, 3.0]",custom_jack_cole_short_A_1.jpg
102,custom,jack_cole,short,A,4,True,True,True,117466000,"[1.0, 1.0, 1.4142135623730951, 1.4142135623730951]",custom_jack_cole_short_A_2.jpg
103,custom,jack_cole,short,A,4,True,True,True,119510333,"[1.4142135623730951, 1.4142135623730951, 2.8284271247461903, 3.1622776601683795]",custom_jack_cole_short_A_3.jpg
104,custom,jack_cole,short,A,4,True,True,True,113658625,"[1.4142135623730951, 2.23606797749979, 2.8284271247461903, 3.605551275463989]",custom_jack_cole_short_A_4.jpg
105,custom,jack_cole,short,B,4,True,True,True,114550084,"[0.0, 1.0, 2.0, 2.23606797749979]",custom_jack_cole_short_B_0.jpg
106,custom,jack_cole,short,B,4,True,True,True,118350750,"[0.0, 1.0, 1.0, 2.0]",custom_jack_cole_short_B_1.jpg
107,custom,jack_cole,short,B,4,True,True,True,117795834,"[1.0, 1.0, 1.4142135623730951, 2.0]",custom_jack_cole_short_B_2.jpg
108,custom,jack_cole,short,B,4,True,True,True,118531041,"[0.0, 1.4142135623730951, 2.0, 2.0]",custom_jack_cole_short_B_3.jpg
109,custom,jack_cole,short,B,4,True,True,True,110277667,"[0.0, 1.4142135623730951, 2.23606797749979, 2.8284271247461903]",custom_jack_cole_short_B_4.jpg
110,custom,jack_cole,short,C,4,True,True,True,117143833,"[1.0, 1.0, 2.23606797749979, 2.23606797749979]",custom_jack_cole_short_C_0.jpg
111,custom,jack_cole,short,C,4,True,True,True,118580041,"[1.4142135623730951, 1.4142135623730951, 2.0, 3.0]",custom_jack_cole_short_C_1.jpg
112,custom,jack_cole,short,C,4,True,True,True,119848625,"[1.4142135623730951, 2.0, 2.23606797749979, 2.8284271247461903]",custom_jack_cole_short_C_2.jpg
113,custom,jack_cole,short,C,4,True,True,True,117501917,"[2.0, 2.23606797749979, 2.23606797749979, 3.1622776601683795]",custom_jack_cole_short_C_3.jpg
114,custom,jack_cole,short,C,4,True,True,True,112391000,"[1.4142135623730951, 2.23606797749979, 2.8284271247461903, 3.0]",custom_jack_cole_short_C_4.jpg
115,custom,jack_cole,short,D,4,True,True,True,114908041,"[0.0, 1.4142135623730951, 2.0, 2.23606797749979]",custom_jack_cole_short_D_0.jpg
116,custom,jack_cole,short,D,4,True,True,True,117070917,"[0.0, 1.4142135623730951, 2.0, 2.23606797749979]",custom_jack_cole_short_D_1.jpg
117,custom,jack_cole,short,D,4,True,True,True,118137417,"[1.0, 1.0, 1.4142135623730951, 1.4142135623730951]",custom_jack_cole_short_D_2.jpg
118,custom,jack_cole,short,D,4,True,True,True,117529542,"[0.0, 2.23606797749979, 2.23606797749979, 3.1622776601683795]",custom_jack_cole_short_D_3.jpg
119,custom,jack_cole,short,D,4,True,True,True,114352708,"[2.0, 2.23606797749979, 2.8284271247461903, 2.8284271247461903]",custom_jack_cole_short_D_4.jpg
120,custom,john_honey,high,A,3,True,False,False,119677084,"[1.0, 1.0, 3.605551275463989]",custom_john_honey_high_A_0.jpg
121,custom,john_honey,high,A,1,False,False,False,121219250,[5.0],custom_john_honey_high_A_1.jpg
122,custom,john_honey,high,A,3,True,False,False,120231166,"[0.0, 1.0, 1.4142135623730951]",custom_john_honey_high_A_2.jpg
123,custom,john_honey,high,A,4,False,True,False,120713291,"[0.0, 1.4142135623730951, 2.8284271247461903, 266.18038996139444]",custom_john_honey_high_A_3.jpg
124,custom,john_honey,high,A,3,True,False,False,119917833,"[1.0, 1.0, 1.4142135623730951]",custom_john_honey_high_A_4.jpg
125,custom,john_honey,high,B,3,True,False,False,119931166,"[1.0, 1.0, 2.0]",custom_john_honey_high_B_0.jpg
126,custom,john_honey,high,B,3,True,False,False,119809583,"[0.0, 1.0, 3.0]",custom_john_honey_high_B_1.jpg
127,custom,john_honey,high,B,3,False,False,False,120424125,"[1.0, 2.0, 5.0]",custom_john_honey_high_B_2.jpg
128,custom,john_honey,high,B,3,True,False,False,118697500,"[1.4142135623730951, 2.23606797749979, 3.0]",custom_john_honey_high_B_3.jpg
129,custom,john_honey,high,B,3,True,False,False,117224834,"[0.0, 1.0, 1.4142135623730951]",custom_john_honey_high_B_4.jpg
130,custom,john_honey,high,C,2,True,False,False,118935250,"[1.0, 3.605551275463989]",custom_john_honey_high_C_0.jpg
131,custom,john_honey,high,C,2,False,False,False,118544500,"[1.4142135623730951, 5.830951894845301]",custom_john_honey_high_C_1.jpg
132,custom,john_honey,high,C,1,True,False,False,119232875,[0.0],custom_john_honey_high_C_2.jpg
133,custom,john_honey,high,C,3,False,False,False,120961542,"[1.0, 3.0, 259.8499567057882]",custom_john_honey_high_C_3.jpg
134,custom,john_honey,high,C,1,True,False,False,116224708,[1.4142135623730951],custom_john_honey_high_C_4.jpg
135,custom,john_honey,high,D,1,True,False,False,116401500,[1.0],custom_john_honey_high_D_0.jpg
136,custom,john_honey,high,D,1,True,False,False,118294084,[1.0],custom_john_honey_high_D_1.jpg
137,custom,john_honey,high,D,1,True,False,False,119246875,[1.4142135623730951],custom_john_honey_high_D_2.jpg
138,custom,john_honey,high,D,1,True,False,False,118904041,[1.4142135623730951],custom_john_honey_high_D_3.jpg
139,custom,john_honey,high,D,1,True,False,False,118239375,[1.0],custom_john_honey_high_D_4.jpg
140,custom,john_honey,medium,A,3,True,False,False,123089625,"[0.0, 1.0, 1.4142135623730951]",custom_john_honey_medium_A_0.jpg
141,custom,john_honey,medium,A,3,True,False,False,125475875,"[1.0, 1.0, 1.4142135623730951]",custom_john_honey_medium_A_1.jpg
142,custom,john_honey,medium,A,3,True,False,False,124787792,"[0.0, 1.0, 1.4142135623730951]",custom_john_honey_medium_A_2.jpg
143,custom,john_honey,medium,A,4,False,True,False,124582209,"[1.0, 1.4142135623730951, 2.0, 396.92064698123227]",custom_john_honey_medium_A_3.jpg
144,custom,john_honey,medium,A,3,True,False,False,121249417,"[1.0, 1.4142135623730951, 1.4142135623730951]",custom_john_honey_medium_A_4.jpg
145,custom,john_honey,medium,B,4,True,True,True,124914834,"[1.0, 1.0, 1.4142135623730951, 4.0]",custom_john_honey_medium_B_0.jpg
146,custom,john_honey,medium,B,4,True,True,True,127306500,"[1.0, 2.0, 2.23606797749979, 4.123105625617661]",custom_john_honey_medium_B_1.jpg
147,custom,john_honey,medium,B,4,True,True,True,122902042,"[0.0, 1.4142135623730951, 2.23606797749979, 3.605551275463989]",custom_john_honey_medium_B_2.jpg
148,custom,john_honey,medium,B,4,True,True,True,123295375,"[1.0, 1.0, 2.0, 2.8284271247461903]",custom_john_honey_medium_B_3.jpg
149,custom,john_honey,medium,B,5,True,False,False,124665583,"[1.0, 1.4142135623730951, 2.23606797749979, 2.23606797749979, 153.1012736720371]",custom_john_honey_medium_B_4.jpg
150,custom,john_honey,medium,C,2,True,False,False,125172459,"[1.0, 1.4142135623730951]",custom_john_honey_medium_C_0.jpg
151,custom,john_honey,medium,C,2,True,False,False,124101250,"[1.4142135623730951, 1.4142135623730951]",custom_john_honey_medium_C_1.jpg
152,custom,john_honey,medium,C,2,True,False,False,125012000,"[1.4142135623730951, 3.605551275463989]",custom_john_honey_medium_C_2.jpg
153,custom,john_honey,medium,C,4,True,True,True,124245541,"[1.4142135623730951, 1.4142135623730951, 1.4142135623730951, 2.8284271247461903]",custom_john_honey_medium_C_3.jpg
154,custom,john_honey,medium,C,1,True,False,False,121415958,[1.0],custom_john_honey_medium_C_4.jpg
155,custom,john_honey,medium,D,1,True,False,False,123359458,[1.4142135623730951],custom_john_honey_medium_D_0.jpg
156,custom,john_honey,medium,D,3,True,False,False,122393709,"[0.0, 1.0, 1.4142135623730951]",custom_john_honey_medium_D_1.jpg
157,custom,john_honey,medium,D,3,True,False,False,123779583,"[0.0, 1.0, 1.4142135623730951]",custom_john_honey_medium_D_2.jpg
158,custom,john_honey,medium,D,3,True,False,False,124833167,"[1.4142135623730951, 1.4142135623730951, 2.23606797749979]",custom_john_honey_medium_D_3.jpg
159,custom,john_honey,medium,D,2,True,False,False,121793541,"[1.0, 2.23606797749979]",custom_john_honey_medium_D_4.jpg
160,custom,john_honey,short,A,3,True,False,False,124126583,"[1.0, 1.4142135623730951, 2.0]",custom_john_honey_short_A_0.jpg
161,custom,john_honey,short,A,4,True,True,True,123856291,"[1.4142135623730951, 2.0, 2.23606797749979, 3.0]",custom_john_honey_short_A_1.jpg
162,custom,john_honey,short,A,3,True,False,False,126850709,"[1.0, 1.4142135623730951, 2.0]",custom_john_honey_short_A_2.jpg
163,custom,john_honey,short,A,4,True,True,True,126374292,"[1.0, 1.4142135623730951, 2.0, 2.0]",custom_john_honey_short_A_3.jpg
164,custom,john_honey,short,A,3,True,False,False,125604542,"[0.0, 1.4142135623730951, 2.23606797749979]",custom_john_honey_short_A_4.jpg
165,custom,john_honey,short,B,4,True,True,True,127220125,"[1.0, 1.0, 2.0, 2.23606797749979]",custom_john_honey_short_B_0.jpg
166,custom,john_honey,short,B,4,True,True,True,127235125,"[1.0, 2.0, 2.23606797749979, 3.0]",custom_john_honey_short_B_1.jpg
167,custom,john_honey,short,B,4,True,True,True,124922084,"[1.0, 1.0, 1.4142135623730951, 1.4142135623730951]",custom_john_honey_short_B_2.jpg
168,custom,john_honey,short,B,4,True,True,True,127642042,"[1.0, 1.0, 1.0, 3.0]",custom_john_honey_short_B_3.jpg
169,custom,john_honey,short,B,4,True,True,True,122158667,"[1.0, 1.0, 1.0, 3.0]",custom_john_honey_short_B_4.jpg
170,custom,john_honey,short,C,3,False,False,False,125076000,"[1.4142135623730951, 5.0, 6.0]",custom_john_honey_short_C_0.jpg
171,custom,john_honey,short,C,2,True,False,False,126238083,"[1.0, 3.0]",custom_john_honey_short_C_1.jpg
172,custom,john_honey,short,C,2,True,False,False,126794916,"[1.0, 1.0]",custom_john_honey_short_C_2.jpg
173,custom,john_honey,short,C,4,False,True,False,125449541,"[1.0, 1.4142135623730951, 2.0, 6.0]",custom_john_honey_short_C_3.jpg
174,custom,john_honey,short,C,4,True,True,True,123086750,"[1.0, 1.4142135623730951, 1.4142135623730951, 2.0]",custom_john_honey_short_C_4.jpg
175,custom,john_honey,short,D,4,True,True,True,124954750,"[0.0, 1.4142135623730951, 1.4142135623730951, 2.8284271247461903]",custom_john_honey_short_D_0.jpg
176,custom,john_honey,short,D,4,True,True,True,128029959,"[1.0, 1.0, 1.4142135623730951, 2.23606797749979]",custom_john_honey_short_D_1.jpg
177,custom,john_honey,short,D,4,True,True,True,129592916,"[0.0, 1.4142135623730951, 2.0, 2.23606797749979]",custom_john_honey_short_D_2.jpg
178,custom,john_honey,short,D,4,True,True,True,127604541,"[0.0, 1.4142135623730951, 1.4142135623730951, 2.0]",custom_john_honey_short_D_3.jpg
179,custom,john_honey,short,D,4,True,True,True,122593625,"[0.0, 1.0, 1.0, 1.4142135623730951]",custom_john_honey_short_D_4.jpg
180,custom,michaels,high,A,2,True,False,False,111763166,"[0.0, 0.0]",custom_michaels_high_A_0.jpg
181,custom,michaels,high,A,2,True,False,False,111775208,"[1.0, 1.0]",custom_michaels_high_A_1.jpg
182,custom,michaels,high,A,3,True,False,False,114336583,"[1.0, 1.0, 2.0]",custom_michaels_high_A_2.jpg
183,custom,michaels,high,A,4,True,True,True,112523000,"[1.0, 1.0, 1.0, 4.47213595499958]",custom_michaels_high_A_3.jpg
184,custom,michaels,high,A,4,True,True,True,109224750,"[1.0, 1.4142135623730951, 2.0, 2.23606797749979]",custom_michaels_high_A_4.jpg
185,custom,michaels,high,B,4,True,True,True,111973208,"[1.0, 1.0, 2.8284271247461903, 3.605551275463989]",custom_michaels_high_B_0.jpg
186,custom,michaels,high,B,4,True,True,True,113785458,"[1.0, 1.0, 1.4142135623730951, 2.0]",custom_michaels_high_B_1.jpg
187,custom,michaels,high,B,4,True,True,True,113581417,"[1.0, 1.0, 1.4142135623730951, 2.23606797749979]",custom_michaels_high_B_2.jpg
188,custom,michaels,high,B,4,False,True,False,114237834,"[1.0, 3.1622776601683795, 4.123105625617661, 353.50954725438464]",custom_michaels_high_B_3.jpg
189,custom,michaels,high,B,4,True,True,True,112384792,"[0.0, 1.0, 1.0, 2.0]",custom_michaels_high_B_4.jpg
190,custom,michaels,high,C,2,False,False,False,112645375,"[2.23606797749979, 7.0710678118654755]",custom_michaels_high_C_0.jpg
191,custom,michaels,high,C,1,True,False,False,112748041,[1.4142135623730951],custom_michaels_high_C_1.jpg
192,custom,michaels,high,C,1,True,False,False,114576000,[1.0],custom_michaels_high_C_2.jpg
193,custom,michaels,high,C,1,True,False,False,112994875,[1.4142135623730951],custom_michaels_high_C_3.jpg
194,custom,michaels,high,C,1,True,False,False,109720709,[1.0],custom_michaels_high_C_4.jpg
195,custom,michaels,high,D,2,True,False,False,112553208,"[0.0, 3.1622776601683795]",custom_michaels_high_D_0.jpg
196,custom,michaels,high,D,2,True,False,False,112711959,"[1.0, 1.4142135623730951]",custom_michaels_high_D_1.jpg
197,custom,michaels,high,D,2,True,False,False,113449875,"[1.0, 2.0]",custom_michaels_high_D_2.jpg
198,custom,michaels,high,D,0,True,False,False,114039917,[],custom_michaels_high_D_3.jpg
199,custom,michaels,high,D,0,True,False,False,109649958,[],custom_michaels_high_D_4.jpg
200,custom,michaels,medium,A,4,True,True,True,121354833,"[0.0, 1.4142135623730951, 2.23606797749979, 2.23606797749979]",custom_michaels_medium_A_0.jpg
201,custom,michaels,medium,A,3,True,False,False,117111459,"[0.0, 0.0, 1.0]",custom_michaels_medium_A_1.jpg
202,custom,michaels,medium,A,4,True,True,True,111207750,"[1.0, 1.4142135623730951, 1.4142135623730951, 3.0]",custom_michaels_medium_A_2.jpg
203,custom,michaels,medium,A,4,True,True,True,120746833,"[1.0, 1.4142135623730951, 2.0, 2.23606797749979]",custom_michaels_medium_A_3.jpg
204,custom,michaels,medium,A,4,True,True,True,118625667,"[1.0, 1.0, 1.4142135623730951, 2.0]",custom_michaels_medium_A_4.jpg
205,custom,michaels,medium,B,4,True,True,True,117388541,"[1.0, 1.0, 1.0, 1.4142135623730951]",custom_michaels_medium_B_0.jpg
206,custom,michaels,medium,B,4,True,True,True,118839041,"[0.0, 1.4142135623730951, 1.4142135623730951, 2.23606797749979]",custom_michaels_medium_B_1.jpg
207,custom,michaels,medium,B,5,True,False,False,119055500,"[0.0, 1.4142135623730951, 2.0, 2.23606797749979, 355.9676951634797]",custom_michaels_medium_B_2.jpg
208,custom,michaels,medium,B,4,True,True,True,124796834,"[0.0, 1.0, 1.4142135623730951, 2.23606797749979]",custom_michaels_medium_B_3.jpg
209,custom,michaels,medium,B,4,True,True,True,115728916,"[1.0, 1.0, 1.4142135623730951, 2.0]",custom_michaels_medium_B_4.jpg
210,custom,michaels,medium,C,3,True,False,False,115728084,"[1.0, 1.0, 2.0]",custom_michaels_medium_C_0.jpg
211,custom,michaels,medium,C,2,True,False,False,122127167,"[1.0, 2.23606797749979]",custom_michaels_medium_C_1.jpg
212,custom,michaels,medium,C,4,True,True,True,116879334,"[1.0, 2.0, 2.23606797749979, 2.23606797749979]",custom_michaels_medium_C_2.jpg
213,custom,michaels,medium,C,3,True,False,False,120204791,"[1.4142135623730951, 2.0, 3.605551275463989]",custom_michaels_medium_C_3.jpg
214,custom,michaels,medium,C,4,True,True,True,114631292,"[0.0, 0.0, 3.0, 4.123105625617661]",custom_michaels_medium_C_4.jpg
215,custom,michaels,medium,D,3,True,False,False,116314958,"[1.0, 1.0, 1.0]",custom_michaels_medium_D_0.jpg
216,custom,michaels,medium,D,4,True,True,True,115210875,"[0.0, 0.0, 1.4142135623730951, 2.23606797749979]",custom_michaels_medium_D_1.jpg
217,custom,michaels,medium,D,4,True,True,True,117514833,"[0.0, 0.0, 1.0, 1.4142135623730951]",custom_michaels_medium_D_2.jpg
218,custom,michaels,medium,D,4,True,True,True,118284542,"[1.0, 1.0, 1.4142135623730951, 1.4142135623730951]",custom_michaels_medium_D_3.jpg
219,custom,michaels,medium,D,4,True,True,True,116192458,"[0.0, 1.0, 1.4142135623730951, 2.23606797749979]",custom_michaels_medium_D_4.jpg
220,custom,michaels,short,A,4,True,True,True,117032500,"[0.0, 1.0, 1.0, 2.23606797749979]",custom_michaels_short_A_0.jpg
221,custom,michaels,short,A,4,True,True,True,118948167,"[0.0, 1.0, 1.4142135623730951, 1.4142135623730951]",custom_michaels_short_A_1.jpg
222,custom,michaels,short,A,3,True,False,False,119086750,"[0.0, 1.4142135623730951, 2.0]",custom_michaels_short_A_2.jpg
223,custom,michaels,short,A,4,True,True,True,117597084,"[1.0, 2.23606797749979, 2.23606797749979, 2.23606797749979]",custom_michaels_short_A_3.jpg
224,custom,michaels,short,A,4,True,True,True,116199791,"[1.4142135623730951, 1.4142135623730951, 2.0, 2.23606797749979]",custom_michaels_short_A_4.jpg
225,custom,michaels,short,B,4,False,True,False,117444917,"[1.0, 1.4142135623730951, 1.4142135623730951, 6.0]",custom_michaels_short_B_0.jpg
226,custom,michaels,short,B,3,True,False,False,116764958,"[1.0, 2.23606797749979, 2.8284271247461903]",custom_michaels_short_B_1.jpg
227,custom,michaels,short,B,4,True,True,True,118839083,"[1.0, 1.0, 1.4142135623730951, 2.0]",custom_michaels_short_B_2.jpg
228,custom,michaels,short,B,3,True,False,False,118070333,"[1.0, 1.4142135623730951, 1.4142135623730951]",custom_michaels_short_B_3.jpg
229,custom,michaels,short,B,3,True,False,False,113435250,"[1.4142135623730951, 2.0, 2.0]",custom_michaels_short_B_4.jpg
230,custom,michaels,short,C,4,True,True,True,118231375,"[0.0, 1.0, 2.0, 3.0]",custom_michaels_short_C_0.jpg
231,custom,michaels,short,C,4,True,True,True,120804000,"[1.0, 1.0, 1.4142135623730951, 3.605551275463989]",custom_michaels_short_C_1.jpg
232,custom,michaels,short,C,4,True,True,True,118952292,"[0.0, 1.0, 1.0, 2.8284271247461903]",custom_michaels_short_C_2.jpg
233,custom,michaels,short,C,3,True,False,False,117504708,"[1.0, 1.4142135623730951, 4.47213595499958]",custom_michaels_short_C_3.jpg
234,custom,michaels,short,C,4,True,True,True,114570667,"[1.0, 1.4142135623730951, 2.23606797749979, 2.8284271247461903]",custom_michaels_short_C_4.jpg
235,custom,michaels,short,D,3,True,False,False,117189458,"[1.4142135623730951, 2.0, 2.0]",custom_michaels_short_D_0.jpg
236,custom,michaels,short,D,4,True,True,True,116785500,"[1.0, 1.4142135623730951, 1.4142135623730951, 2.23606797749979]",custom_michaels_short_D_1.jpg
237,custom,michaels,short,D,4,True,True,True,117669458,"[0.0, 2.0, 2.23606797749979, 2.23606797749979]",custom_michaels_short_D_2.jpg
238,custom,michaels,short,D,4,True,True,True,116537833,"[1.4142135623730951, 1.4142135623730951, 1.4142135623730951, 3.0]",custom_michaels_short_D_3.jpg
239,custom,michaels,short,D,4,True,True,True,141448833,"[1.0, 1.0, 2.0, 3.0]",custom_michaels_short_D_4.jpg
240,dark,davids,high,A,3,True,False,False,117038000,"[1.0, 1.0, 4.0]",dark_davids_high_A_0.jpg
241,dark,davids,high,A,3,False,False,False,118002666,"[1.0, 2.23606797749979, 6.708203932499369]",dark_davids_high_A_1.jpg
242,dark,davids,high,A,4,True,True,True,113163125,"[0.0, 1.0, 1.0, 1.4142135623730951]",dark_davids_high_A_2.jpg
243,dark,davids,high,A,3,True,False,False,118587458,"[1.4142135623730951, 2.23606797749979, 2.23606797749979]",dark_davids_high_A_3.jpg
244,dark,davids,high,A,4,True,True,True,114318542,"[1.0, 1.0, 1.0, 1.4142135623730951]",dark_davids_high_A_4.jpg
245,dark,davids,high,B,4,True,True,True,123961667,"[1.0, 1.0, 1.0, 1.4142135623730951]",dark_davids_high_B_0.jpg
246,dark,davids,high,B,4,True,True,True,117589250,"[1.0, 1.4142135623730951, 2.0, 2.23606797749979]",dark_davids_high_B_1.jpg
247,dark,davids,high,B,4,True,True,True,116447500,"[1.0, 1.0, 1.0, 2.23606797749979]",dark_davids_high_B_2.jpg
248,dark,davids,high,B,4,True,True,True,117479292,"[1.0, 1.4142135623730951, 2.0, 2.23606797749979]",dark_davids_high_B_3.jpg
249,dark,davids,high,B,4,True,True,True,115403542,"[1.0, 1.4142135623730951, 1.4142135623730951, 1.4142135623730951]",dark_davids_high_B_4.jpg
250,dark,davids,high,C,4,True,True,True,117500250,"[0.0, 1.0, 1.0, 2.23606797749979]",dark_davids_high_C_0.jpg
251,dark,davids,high,C,4,True,True,True,122365917,"[0.0, 1.0, 1.4142135623730951, 2.0]",dark_davids_high_C_1.jpg
252,dark,davids,high,C,4,True,True,True,118495792,"[0.0, 1.0, 1.0, 1.4142135623730951]",dark_davids_high_C_2.jpg
253,dark,davids,high,C,4,True,True,True,119725209,"[1.0, 1.0, 1.0, 2.0]",dark_davids_high_C_3.jpg
254,dark,davids,high,C,4,True,True,True,112872167,"[0.0, 1.0, 1.0, 2.0]",dark_davids_high_C_4.jpg
255,dark,davids,high,D,4,True,True,True,115353334,"[0.0, 0.0, 1.0, 1.4142135623730951]",dark_davids_high_D_0.jpg
256,dark,davids,high,D,2,False,False,False,118083042,"[0.0, 5.0990195135927845]",dark_davids_high_D_1.jpg
257,dark,davids,high,D,4,True,True,True,119646459,"[1.0, 1.0, 1.4142135623730951, 1.4142135623730951]",dark_davids_high_D_2.jpg
258,dark,davids,high,D,4,True,True,True,119502000,"[0.0, 0.0, 1.0, 1.4142135623730951]",dark_davids_high_D_3.jpg
259,dark,davids,high,D,4,True,True,True,113490875,"[1.0, 1.0, 1.4142135623730951, 1.4142135623730951]",dark_davids_high_D_4.jpg
260,dark,davids,medium,A,4,True,True,True,118409916,"[1.0, 1.0, 1.4142135623730951, 2.23606797749979]",dark_davids_medium_A_0.jpg
261,dark,davids,medium,A,4,True,True,True,129670791,"[1.0, 1.0, 1.4142135623730951, 3.0]",dark_davids_medium_A_1.jpg
262,dark,davids,medium,A,3,True,False,False,125868542,"[1.0, 1.0, 1.0]",dark_davids_medium_A_2.jpg
263,dark,davids,medium,A,4,True,True,True,128402250,"[1.0, 1.0, 2.23606797749979, 2.8284271247461903]",dark_davids_medium_A_3.jpg
264,dark,davids,medium,A,3,True,False,False,114445000,"[1.4142135623730951, 2.23606797749979, 2.23606797749979]",dark_davids_medium_A_4.jpg
265,dark,davids,medium,B,6,True,False,False,117095041,"[1.0, 1.0, 1.4142135623730951, 2.0, 614.6494936140434, 671.8720116212611]",dark_davids_medium_B_0.jpg
266,dark,davids,medium,B,6,True,False,False,122068458,"[1.0, 1.0, 2.0, 2.23606797749979, 474.911570716065, 543.111406619305]",dark_davids_medium_B_1.jpg
267,dark,davids,medium,B,6,True,False,False,116532167,"[1.4142135623730951, 2.0, 2.23606797749979, 2.23606797749979, 470.8046303935423, 539.3922505932023]",dark_davids_medium_B_2.jpg
268,dark,davids,medium,B,6,True,False,False,117472000,"[1.4142135623730951, 1.4142135623730951, 1.4142135623730951, 2.23606797749979, 470.73665674132496, 539.1567490071881]",dark_davids_medium_B_3.jpg
269,dark,davids,medium,B,6,True,False,False,114338083,"[1.0, 1.0, 1.4142135623730951, 2.23606797749979, 520.2547452931112, 589.6007123469238]",dark_davids_medium_B_4.jpg
270,dark,davids,medium,C,4,True,True,True,116653042,"[0.0, 1.0, 1.0, 1.0]",dark_davids_medium_C_0.jpg
271,dark,davids,medium,C,4,True,True,True,118082000,"[0.0, 1.0, 2.0, 2.23606797749979]",dark_davids_medium_C_1.jpg
272,dark,davids,medium,C,4,True,True,True,115224459,"[1.0, 1.0, 2.0, 2.23606797749979]",dark_davids_medium_C_2.jpg
273,dark,davids,medium,C,4,True,True,True,115459000,"[0.0, 1.4142135623730951, 1.4142135623730951, 3.0]",dark_davids_medium_C_3.jpg
274,dark,davids,medium,C,4,True,True,True,114505042,"[0.0, 1.0, 1.4142135623730951, 2.23606797749979]",dark_davids_medium_C_4.jpg
275,dark,davids,medium,D,5,True,False,False,115259708,"[1.4142135623730951, 1.4142135623730951, 2.0, 2.23606797749979, 590.0]",dark_davids_medium_D_0.jpg
276,dark,davids,medium,D,5,True,False,False,115252458,"[1.0, 1.0, 1.4142135623730951, 2.23606797749979, 586.8466579950848]",dark_davids_medium_D_1.jpg
277,dark,davids,medium,D,5,True,False,False,119798500,"[1.0, 2.23606797749979, 3.1622776601683795, 4.123105625617661, 431.6132528085763]",dark_davids_medium_D_2.jpg
278,dark,davids,medium,D,5,True,False,False,118250834,"[1.0, 1.0, 3.605551275463989, 3.605551275463989, 435.15744277215344]",dark_davids_medium_D_3.jpg
279,dark,davids,medium,D,5,True,False,False,114143291,"[1.0, 1.0, 2.0, 2.23606797749979, 733.6163847679521]",dark_davids_medium_D_4.jpg
280,dark,davids,short,A,4,True,True,True,118669667,"[1.4142135623730951, 2.0, 2.23606797749979, 3.605551275463989]",dark_davids_short_A_0.jpg
281,dark,davids,short,A,4,True,True,True,114986292,"[0.0, 1.4142135623730951, 2.0, 2.0]",dark_davids_short_A_1.jpg
282,dark,davids,short,A,4,True,True,True,119791583,"[1.0, 2.23606797749979, 2.23606797749979, 3.1622776601683795]",dark_davids_short_A_2.jpg
283,dark,davids,short,A,4,True,True,True,129843334,"[1.4142135623730951, 2.0, 2.23606797749979, 4.0]",dark_davids_short_A_3.jpg
284,dark,davids,short,A,4,True,True,True,115872209,"[0.0, 1.0, 2.0, 2.23606797749979]",dark_davids_short_A_4.jpg
285,dark,davids,short,B,4,True,True,True,118898459,"[1.4142135623730951, 1.4142135623730951, 2.0, 3.605551275463989]",dark_davids_short_B_0.jpg
286,dark,davids,short,B,4,True,True,True,120810750,"[1.0, 1.4142135623730951, 1.4142135623730951, 1.4142135623730951]",dark_davids_short_B_1.jpg
287,dark,davids,short,B,4,True,True,True,116244375,"[1.4142135623730951, 2.0, 2.0, 3.1622776601683795]",dark_davids_short_B_2.jpg
288,dark,davids,short,B,4,True,True,True,116601500,"[1.0, 1.4142135623730951, 3.0, 3.0]",dark_davids_short_B_3.jpg
289,dark,davids,short,B,3,True,False,False,116938750,"[0.0, 1.0, 2.23606797749979]",dark_davids_short_B_4.jpg
290,dark,davids,short,C,4,True,True,True,115670250,"[1.0, 1.4142135623730951, 1.4142135623730951, 2.23606797749979]",dark_davids_short_C_0.jpg
291,dark,davids,short,C,4,True,True,True,117627542,"[1.0, 1.0, 1.4142135623730951, 2.23606797749979]",dark_davids_short_C_1.jpg
292,dark,davids,short,C,4,True,True,True,117475459,"[2.23606797749979, 2.23606797749979, 2.23606797749979, 3.1622776601683795]",dark_davids_short_C_2.jpg
293,dark,davids,short,C,4,True,True,True,127848000,"[0.0, 1.0, 1.4142135623730951, 4.0]",dark_davids_short_C_3.jpg
294,dark,davids,short,C,4,True,True,True,115794125,"[1.0, 1.4142135623730951, 2.23606797749979, 3.0]",dark_davids_short_C_4.jpg
295,dark,davids,short,D,4,True,True,True,118036125,"[0.0, 1.0, 1.4142135623730951, 1.4142135623730951]",dark_davids_short_D_0.jpg
296,dark,davids,short,D,4,True,True,True,120461625,"[1.0, 1.0, 3.0, 3.605551275463989]",dark_davids_short_D_1.jpg
297,dark,davids,short,D,4,True,True,True,115729875,"[1.0, 1.0, 2.0, 2.0]",dark_davids_short_D_2.jpg
298,dark,davids,short,D,4,True,True,True,116759834,"[0.0, 1.0, 1.0, 2.23606797749979]",dark_davids_short_D_3.jpg
299,dark,davids,short,D,4,True,True,True,115663083,"[2.0, 2.23606797749979, 3.0, 3.1622776601683795]",dark_davids_short_D_4.jpg
300,dark,jack_cole,high,A,3,True,False,False,116930083,"[0.0, 1.4142135623730951, 2.23606797749979]",dark_jack_cole_high_A_0.jpg
301,dark,jack_cole,high,A,4,True,True,True,116508208,"[1.0, 1.4142135623730951, 2.23606797749979, 3.1622776601683795]",dark_jack_cole_high_A_1.jpg
302,dark,jack_cole,high,A,4,True,True,True,112955500,"[0.0, 1.0, 3.1622776601683795, 3.1622776601683795]",dark_jack_cole_high_A_2.jpg
303,dark,jack_cole,high,A,3,True,False,False,113179667,"[0.0, 1.0, 1.0]",dark_jack_cole_high_A_3.jpg
304,dark,jack_cole,high,A,4,True,True,True,114551125,"[1.0, 1.4142135623730951, 2.23606797749979, 3.605551275463989]",dark_jack_cole_high_A_4.jpg
305,dark,jack_cole,high,B,4,True,True,True,114053083,"[0.0, 1.0, 1.0, 1.0]",dark_jack_cole_high_B_0.jpg
306,dark,jack_cole,high,B,4,True,True,True,115523541,"[1.0, 2.0, 2.0, 2.23606797749979]",dark_jack_cole_high_B_1.jpg
307,dark,jack_cole,high,B,4,True,True,True,115638125,"[1.0, 1.0, 2.0, 2.23606797749979]",dark_jack_cole_high_B_2.jpg
308,dark,jack_cole,high,B,4,True,True,True,115319292,"[1.0, 1.0, 1.0, 3.0]",dark_jack_cole_high_B_3.jpg
309,dark,jack_cole,high,B,4,True,True,True,112841375,"[1.0, 1.0, 1.4142135623730951, 2.0]",dark_jack_cole_high_B_4.jpg
310,dark,jack_cole,high,C,3,True,False,False,116326292,"[1.0, 1.4142135623730951, 2.23606797749979]",dark_jack_cole_high_C_0.jpg
311,dark,jack_cole,high,C,3,False,False,False,115268042,"[1.0, 1.4142135623730951, 5.0990195135927845]",dark_jack_cole_high_C_1.jpg
312,dark,jack_cole,high,C,3,False,False,False,116725916,"[0.0, 1.4142135623730951, 329.460164511584]",dark_jack_cole_high_C_2.jpg
313,dark,jack_cole,high,C,2,True,False,False,118068125,"[1.0, 2.23606797749979]",dark_jack_cole_high_C_3.jpg
314,dark,jack_cole,high,C,2,True,False,False,111180291,"[2.23606797749979, 2.23606797749979]",dark_jack_cole_high_C_4.jpg
315,dark,jack_cole,high,D,4,True,True,True,113739917,"[2.0, 3.1622776601683795, 3.605551275463989, 4.47213595499958]",dark_jack_cole_high_D_0.jpg
316,dark,jack_cole,high,D,4,False,True,False,113533625,"[1.4142135623730951, 2.0, 2.8284271247461903, 7.0]",dark_jack_cole_high_D_1.jpg
317,dark,jack_cole,high,D,4,False,True,False,113758958,"[1.0, 1.4142135623730951, 3.0, 6.082762530298219]",dark_jack_cole_high_D_2.jpg
318,dark,jack_cole,high,D,4,False,True,False,113893208,"[1.0, 2.23606797749979, 4.47213595499958, 5.385164807134504]",dark_jack_cole_high_D_3.jpg
319,dark,jack_cole,high,D,4,True,True,True,111584291,"[1.4142135623730951, 3.1622776601683795, 3.1622776601683795, 3.605551275463989]",dark_jack_cole_high_D_4.jpg
320,dark,jack_cole,medium,A,4,True,True,True,113189709,"[1.0, 1.0, 2.23606797749979, 3.1622776601683795]",dark_jack_cole_medium_A_0.jpg
321,dark,jack_cole,medium,A,3,True,False,False,113795167,"[1.4142135623730951, 2.23606797749979, 2.8284271247461903]",dark_jack_cole_medium_A_1.jpg
322,dark,jack_cole,medium,A,3,True,False,False,112490208,"[1.0, 2.23606797749979, 3.0]",dark_jack_cole_medium_A_2.jpg
323,dark,jack_cole,medium,A,4,True,True,True,115188750,"[0.0, 2.0, 2.23606797749979, 3.1622776601683795]",dark_jack_cole_medium_A_3.jpg
324,dark,jack_cole,medium,A,4,True,True,True,112408916,"[0.0, 1.0, 1.0, 2.23606797749979]",dark_jack_cole_medium_A_4.jpg
325,dark,jack_cole,medium,B,4,True,True,True,114419750,"[1.4142135623730951, 1.4142135623730951, 2.23606797749979, 3.0]",dark_jack_cole_medium_B_0.jpg
326,dark,jack_cole,medium,B,4,True,True,True,113941584,"[1.0, 1.0, 1.0, 2.23606797749979]",dark_jack_cole_medium_B_1.jpg
327,dark,jack_cole,medium,B,4,True,True,True,114526000,"[1.0, 2.0, 2.0, 2.23606797749979]",dark_jack_cole_medium_B_2.jpg
328,dark,jack_cole,medium,B,4,True,True,True,115038583,"[0.0, 2.23606797749979, 2.23606797749979, 2.8284271247461903]",dark_jack_cole_medium_B_3.jpg
329,dark,jack_cole,medium,B,4,True,True,True,119212500,"[1.0, 1.0, 1.4142135623730951, 1.4142135623730951]",dark_jack_cole_medium_B_4.jpg
330,dark,jack_cole,medium,C,4,True,True,True,114253542,"[0.0, 1.0, 1.4142135623730951, 1.4142135623730951]",dark_jack_cole_medium_C_0.jpg
331,dark,jack_cole,medium,C,3,True,False,False,112877000,"[1.0, 1.4142135623730951, 4.123105625617661]",dark_jack_cole_medium_C_1.jpg
332,dark,jack_cole,medium,C,3,False,False,False,111937958,"[1.0, 3.1622776601683795, 5.385164807134504]",dark_jack_cole_medium_C_2.jpg
333,dark,jack_cole,medium,C,3,True,False,False,117680625,"[0.0, 3.0, 4.123105625617661]",dark_jack_cole_medium_C_3.jpg
334,dark,jack_cole,medium,C,3,True,False,False,111482041,"[1.0, 3.0, 4.0]",dark_jack_cole_medium_C_4.jpg
335,dark,jack_cole,medium,D,4,True,True,True,115879291,"[0.0, 2.0, 2.23606797749979, 3.0]",dark_jack_cole_medium_D_0.jpg
336,dark,jack_cole,medium,D,4,True,True,True,114016041,"[0.0, 1.0, 2.23606797749979, 3.1622776601683795]",dark_jack_cole_medium_D_1.jpg
337,dark,jack_cole,medium,D,4,False,True,False,117386792,"[1.0, 1.0, 2.0, 5.0]",dark_jack_cole_medium_D_2.jpg
338,dark,jack_cole,medium,D,4,True,True,True,115656000,"[1.0, 1.0, 2.0, 4.123105625617661]",dark_jack_cole_medium_D_3.jpg
339,dark,jack_cole,medium,D,2,False,False,False,110833000,"[1.0, 5.830951894845301]",dark_jack_cole_medium_D_4.jpg
340,dark,jack_cole,short,A,4,True,True,True,116724959,"[1.0, 1.0, 1.4142135623730951, 2.0]",dark_jack_cole_short_A_0.jpg
341,dark,jack_cole,short,A,4,True,True,True,115171459,"[0.0, 1.0, 1.4142135623730951, 2.23606797749979]",dark_jack_cole_short_A_1.jpg
342,dark,jack_cole,short,A,3,True,False,False,112555417,"[1.4142135623730951, 3.605551275463989, 3.605551275463989]",dark_jack_cole_short_A_2.jpg
343,dark,jack_cole,short,A,3,True,False,False,113273500,"[2.0, 2.23606797749979, 2.23606797749979]",dark_jack_cole_short_A_3.jpg
344,dark,jack_cole,short,A,3,True,False,False,111116209,"[1.4142135623730951, 2.23606797749979, 2.23606797749979]",dark_jack_cole_short_A_4.jpg
345,dark,jack_cole,short,B,4,True,True,True,116561292,"[1.0, 1.4142135623730951, 2.23606797749979, 3.1622776601683795]",dark_jack_cole_short_B_0.jpg
346,dark,jack_cole,short,B,4,True,True,True,117254708,"[1.4142135623730951, 2.23606797749979, 2.8284271247461903, 3.0]",dark_jack_cole_short_B_1.jpg
347,dark,jack_cole,short,B,4,True,True,True,116385917,"[1.0, 1.0, 1.4142135623730951, 2.8284271247461903]",dark_jack_cole_short_B_2.jpg
348,dark,jack_cole,short,B,4,True,True,True,116905667,"[1.0, 1.0, 1.0, 1.4142135623730951]",dark_jack_cole_short_B_3.jpg
349,dark,jack_cole,short,B,4,True,True,True,112502375,"[1.0, 1.4142135623730951, 2.23606797749979, 2.23606797749979]",dark_jack_cole_short_B_4.jpg
350,dark,jack_cole,short,C,4,True,True,True,116007250,"[1.4142135623730951, 2.0, 2.0, 2.23606797749979]",dark_jack_cole_short_C_0.jpg
351,dark,jack_cole,short,C,4,False,True,False,116712958,"[1.0, 2.23606797749979, 2.8284271247461903, 5.0990195135927845]",dark_jack_cole_short_C_1.jpg
352,dark,jack_cole,short,C,4,True,True,True,116118708,"[1.0, 1.4142135623730951, 1.4142135623730951, 2.0]",dark_jack_cole_short_C_2.jpg
353,dark,jack_cole,short,C,1,True,False,False,116684833,[1.0],dark_jack_cole_short_C_3.jpg
354,dark,jack_cole,short,C,4,True,True,True,111202333,"[0.0, 1.0, 2.23606797749979, 4.123105625617661]",dark_jack_cole_short_C_4.jpg
355,dark,jack_cole,short,D,4,True,True,True,115475416,"[0.0, 1.0, 2.8284271247461903, 3.1622776601683795]",dark_jack_cole_short_D_0.jpg
356,dark,jack_cole,short,D,3,True,False,False,118477583,"[2.23606797749979, 2.8284271247461903, 3.0]",dark_jack_cole_short_D_1.jpg
357,dark,jack_cole,short,D,4,True,True,True,116476791,"[1.4142135623730951, 2.23606797749979, 3.1622776601683795, 3.1622776601683795]",dark_jack_cole_short_D_2.jpg
358,dark,jack_cole,short,D,2,False,False,False,117864292,"[1.0, 5.0990195135927845]",dark_jack_cole_short_D_3.jpg
359,dark,jack_cole,short,D,4,True,True,True,112098625,"[2.23606797749979, 2.23606797749979, 2.23606797749979, 2.8284271247461903]",dark_jack_cole_short_D_4.jpg
360,dark,john_honey,high,A,4,True,True,True,122210708,"[0.0, 1.0, 2.23606797749979, 4.123105625617661]",dark_john_honey_high_A_0.jpg
361,dark,john_honey,high,A,3,False,False,False,122640583,"[1.4142135623730951, 1.4142135623730951, 10.816653826391969]",dark_john_honey_high_A_1.jpg
362,dark,john_honey,high,A,4,False,True,False,122722541,"[1.4142135623730951, 2.0, 2.8284271247461903, 5.0990195135927845]",dark_john_honey_high_A_2.jpg
363,dark,john_honey,high,A,3,True,False,False,122885583,"[1.4142135623730951, 2.23606797749979, 2.8284271247461903]",dark_john_honey_high_A_3.jpg
364,dark,john_honey,high,A,3,True,False,False,121965584,"[0.0, 1.0, 2.0]",dark_john_honey_high_A_4.jpg
365,dark,john_honey,high,B,4,True,True,True,123717458,"[0.0, 1.0, 1.0, 1.4142135623730951]",dark_john_honey_high_B_0.jpg
366,dark,john_honey,high,B,4,True,True,True,125547375,"[0.0, 1.0, 2.23606797749979, 2.8284271247461903]",dark_john_honey_high_B_1.jpg
367,dark,john_honey,high,B,4,True,True,True,127312500,"[1.4142135623730951, 2.0, 2.23606797749979, 2.23606797749979]",dark_john_honey_high_B_2.jpg
368,dark,john_honey,high,B,4,True,True,True,125608750,"[0.0, 1.4142135623730951, 2.0, 3.1622776601683795]",dark_john_honey_high_B_3.jpg
369,dark,john_honey,high,B,4,True,True,True,125590541,"[1.4142135623730951, 1.4142135623730951, 2.0, 3.1622776601683795]",dark_john_honey_high_B_4.jpg
370,dark,john_honey,high,C,3,False,False,False,127114209,"[0.0, 1.0, 5.0990195135927845]",dark_john_honey_high_C_0.jpg
371,dark,john_honey,high,C,3,False,False,False,126830334,"[0.0, 1.4142135623730951, 5.0990195135927845]",dark_john_honey_high_C_1.jpg
372,dark,john_honey,high,C,2,False,False,False,126691292,"[2.23606797749979, 7.0]",dark_john_honey_high_C_2.jpg
373,dark,john_honey,high,C,3,False,False,False,127452291,"[1.0, 2.23606797749979, 5.385164807134504]",dark_john_honey_high_C_3.jpg
374,dark,john_honey,high,C,3,False,False,False,126398708,"[1.0, 1.4142135623730951, 6.324555320336759]",dark_john_honey_high_C_4.jpg
375,dark,john_honey,high,D,4,False,True,False,125334166,"[1.0, 3.1622776601683795, 5.0990195135927845, 5.0990195135927845]",dark_john_honey_high_D_0.jpg
376,dark,john_honey,high,D,2,True,False,False,127484750,"[2.0, 3.1622776601683795]",dark_john_honey_high_D_1.jpg
377,dark,john_honey,high,D,4,False,True,False,130546417,"[2.23606797749979, 3.1622776601683795, 6.0, 6.082762530298219]",dark_john_honey_high_D_2.jpg
378,dark,john_honey,high,D,2,True,False,False,128790709,"[2.23606797749979, 2.23606797749979]",dark_john_honey_high_D_3.jpg
379,dark,john_honey,high,D,2,True,False,False,126038334,"[2.23606797749979, 2.23606797749979]",dark_john_honey_high_D_4.jpg
380,dark,john_honey,medium,A,4,True,True,True,124998209,"[1.4142135623730951, 2.23606797749979, 2.8284271247461903, 3.0]",dark_john_honey_medium_A_0.jpg
381,dark,john_honey,medium,A,4,False,True,False,125622125,"[1.0, 2.0, 2.23606797749979, 5.0]",dark_john_honey_medium_A_1.jpg
382,dark,john_honey,medium,A,4,True,True,True,122930542,"[0.0, 1.0, 1.0, 2.0]",dark_john_honey_medium_A_2.jpg
383,dark,john_honey,medium,A,4,False,True,False,122573875,"[1.0, 1.4142135623730951, 3.1622776601683795, 5.0990195135927845]",dark_john_honey_medium_A_3.jpg
384,dark,john_honey,medium,A,4,False,True,False,121572667,"[1.0, 1.0, 1.0, 6.324555320336759]",dark_john_honey_medium_A_4.jpg
385,dark,john_honey,medium,B,4,True,True,True,123457750,"[1.0, 1.0, 2.0, 2.23606797749979]",dark_john_honey_medium_B_0.jpg
386,dark,john_honey,medium,B,4,True,True,True,124657708,"[0.0, 1.0, 2.23606797749979, 2.23606797749979]",dark_john_honey_medium_B_1.jpg
387,dark,john_honey,medium,B,4,True,True,True,154968333,"[0.0, 1.0, 1.0, 2.0]",dark_john_honey_medium_B_2.jpg
388,dark,john_honey,medium,B,4,True,True,True,125849458,"[1.0, 1.0, 2.0, 2.23606797749979]",dark_john_honey_medium_B_3.jpg
389,dark,john_honey,medium,B,4,True,True,True,122606833,"[0.0, 1.0, 2.0, 2.23606797749979]",dark_john_honey_medium_B_4.jpg
390,dark,john_honey,medium,C,3,False,False,False,123971750,"[1.0, 1.0, 6.082762530298219]",dark_john_honey_medium_C_0.jpg
391,dark,john_honey,medium,C,3,True,False,False,126269125,"[1.4142135623730951, 1.4142135623730951, 4.47213595499958]",dark_john_honey_medium_C_1.jpg
392,dark,john_honey,medium,C,3,True,False,False,127547500,"[1.0, 1.4142135623730951, 2.0]",dark_john_honey_medium_C_2.jpg
393,dark,john_honey,medium,C,3,True,False,False,128125166,"[0.0, 1.0, 1.4142135623730951]",dark_john_honey_medium_C_3.jpg
394,dark,john_honey,medium,C,3,True,False,False,123426542,"[2.0, 2.23606797749979, 2.23606797749979]",dark_john_honey_medium_C_4.jpg
395,dark,john_honey,medium,D,4,True,True,True,123891334,"[1.4142135623730951, 2.0, 2.23606797749979, 3.605551275463989]",dark_john_honey_medium_D_0.jpg
396,dark,john_honey,medium,D,4,True,True,True,124317500,"[1.0, 1.4142135623730951, 2.0, 3.605551275463989]",dark_john_honey_medium_D_1.jpg
397,dark,john_honey,medium,D,3,True,False,False,122296500,"[1.4142135623730951, 3.1622776601683795, 3.605551275463989]",dark_john_honey_medium_D_2.jpg
398,dark,john_honey,medium,D,3,True,False,False,125661417,"[2.23606797749979, 3.605551275463989, 4.47213595499958]",dark_john_honey_medium_D_3.jpg
399,dark,john_honey,medium,D,4,False,True,False,121246625,"[1.0, 2.8284271247461903, 3.1622776601683795, 6.0]",dark_john_honey_medium_D_4.jpg
400,dark,john_honey,short,A,4,False,True,False,125544084,"[1.4142135623730951, 2.23606797749979, 3.1622776601683795, 5.0]",dark_john_honey_short_A_0.jpg
401,dark,john_honey,short,A,4,True,True,True,125375833,"[0.0, 1.0, 3.605551275463989, 4.0]",dark_john_honey_short_A_1.jpg
402,dark,john_honey,short,A,4,False,True,False,125053625,"[0.0, 1.4142135623730951, 1.4142135623730951, 6.082762530298219]",dark_john_honey_short_A_2.jpg
403,dark,john_honey,short,A,2,True,False,False,123478417,"[2.0, 3.0]",dark_john_honey_short_A_3.jpg
404,dark,john_honey,short,A,4,True,True,True,120029666,"[1.4142135623730951, 1.4142135623730951, 2.23606797749979, 3.0]",dark_john_honey_short_A_4.jpg
405,dark,john_honey,short,B,4,True,True,True,121604292,"[0.0, 1.0, 2.23606797749979, 2.23606797749979]",dark_john_honey_short_B_0.jpg
406,dark,john_honey,short,B,4,True,True,True,121886208,"[1.0, 1.4142135623730951, 2.23606797749979, 2.8284271247461903]",dark_john_honey_short_B_1.jpg
407,dark,john_honey,short,B,3,True,False,False,119580291,"[0.0, 2.23606797749979, 4.242640687119285]",dark_john_honey_short_B_2.jpg
408,dark,john_honey,short,B,3,True,False,False,124070542,"[1.0, 2.23606797749979, 3.1622776601683795]",dark_john_honey_short_B_3.jpg
409,dark,john_honey,short,B,4,True,True,True,117841417,"[1.0, 1.0, 1.0, 1.4142135623730951]",dark_john_honey_short_B_4.jpg
410,dark,john_honey,short,C,4,True,True,True,120028750,"[1.0, 1.0, 1.4142135623730951, 2.23606797749979]",dark_john_honey_short_C_0.jpg
411,dark,john_honey,short,C,4,True,True,True,122234250,"[0.0, 0.0, 1.0, 1.0]",dark_john_honey_short_C_1.jpg
412,dark,john_honey,short,C,4,True,True,True,122690375,"[0.0, 1.4142135623730951, 1.4142135623730951, 2.23606797749979]",dark_john_honey_short_C_2.jpg
413,dark,john_honey,short,C,4,True,True,True,123653542,"[1.0, 1.4142135623730951, 2.23606797749979, 2.23606797749979]",dark_john_honey_short_C_3.jpg
414,dark,john_honey,short,C,4,True,True,True,121607666,"[0.0, 2.0, 2.8284271247461903, 4.0]",dark_john_honey_short_C_4.jpg
415,dark,john_honey,short,D,4,True,True,True,121401542,"[0.0, 1.0, 2.0, 2.8284271247461903]",dark_john_honey_short_D_0.jpg
416,dark,john_honey,short,D,4,True,True,True,130599833,"[1.0, 1.4142135623730951, 4.0, 4.123105625617661]",dark_john_honey_short_D_1.jpg
417,dark,john_honey,short,D,4,True,True,True,123875208,"[0.0, 2.0, 2.23606797749979, 3.1622776601683795]",dark_john_honey_short_D_2.jpg
418,dark,john_honey,short,D,4,True,True,True,125009250,"[1.0, 2.0, 2.0, 2.8284271247461903]",dark_john_honey_short_D_3.jpg
419,dark,john_honey,short,D,4,True,True,True,121675125,"[1.0, 1.4142135623730951, 2.23606797749979, 4.47213595499958]",dark_john_honey_short_D_4.jpg
420,dark,michaels,high,A,4,True,True,True,116987667,"[1.0, 1.0, 1.4142135623730951, 3.1622776601683795]",dark_michaels_high_A_0.jpg
421,dark,michaels,high,A,4,True,True,True,120046417,"[0.0, 0.0, 2.23606797749979, 2.23606797749979]",dark_michaels_high_A_1.jpg
422,dark,michaels,high,A,4,True,True,True,116280875,"[0.0, 1.0, 1.4142135623730951, 2.0]",dark_michaels_high_A_2.jpg
423,dark,michaels,high,A,4,True,True,True,116820708,"[1.0, 1.4142135623730951, 2.0, 2.23606797749979]",dark_michaels_high_A_3.jpg
424,dark,michaels,high,A,4,True,True,True,114006708,"[1.0, 1.4142135623730951, 1.4142135623730951, 1.4142135623730951]",dark_michaels_high_A_4.jpg
425,dark,michaels,high,B,4,True,True,True,120121209,"[1.0, 1.0, 1.4142135623730951, 3.1622776601683795]",dark_michaels_high_B_0.jpg
426,dark,michaels,high,B,4,True,True,True,119463500,"[0.0, 1.0, 1.0, 2.23606797749979]",dark_michaels_high_B_1.jpg
427,dark,michaels,high,B,4,True,True,True,121646166,"[1.0, 2.0, 2.0, 2.23606797749979]",dark_michaels_high_B_2.jpg
428,dark,michaels,high,B,4,True,True,True,120539667,"[1.0, 1.0, 2.23606797749979, 3.0]",dark_michaels_high_B_3.jpg
429,dark,michaels,high,B,4,True,True,True,116083250,"[0.0, 2.0, 2.23606797749979, 2.23606797749979]",dark_michaels_high_B_4.jpg
430,dark,michaels,high,C,3,True,False,False,118091708,"[0.0, 1.0, 4.0]",dark_michaels_high_C_0.jpg
431,dark,michaels,high,C,4,True,True,True,114928834,"[1.0, 1.4142135623730951, 2.23606797749979, 2.23606797749979]",dark_michaels_high_C_1.jpg
432,dark,michaels,high,C,2,True,False,False,119187750,"[2.23606797749979, 4.123105625617661]",dark_michaels_high_C_2.jpg
433,dark,michaels,high,C,3,True,False,False,120128625,"[1.0, 1.4142135623730951, 2.8284271247461903]",dark_michaels_high_C_3.jpg
434,dark,michaels,high,C,3,True,False,False,115915333,"[0.0, 1.0, 2.0]",dark_michaels_high_C_4.jpg
435,dark,michaels,high,D,3,True,False,False,120730459,"[2.23606797749979, 3.1622776601683795, 4.123105625617661]",dark_michaels_high_D_0.jpg
436,dark,michaels,high,D,3,True,False,False,124418833,"[2.0, 2.0, 3.605551275463989]",dark_michaels_high_D_1.jpg
437,dark,michaels,high,D,2,False,False,False,122691209,"[3.0, 5.0]",dark_michaels_high_D_2.jpg
438,dark,michaels,high,D,2,True,False,False,121841708,"[2.8284271247461903, 3.605551275463989]",dark_michaels_high_D_3.jpg
439,dark,michaels,high,D,4,True,True,True,114688042,"[1.4142135623730951, 1.4142135623730951, 2.23606797749979, 4.242640687119285]",dark_michaels_high_D_4.jpg
440,dark,michaels,medium,A,4,True,True,True,120172000,"[0.0, 1.0, 1.0, 1.4142135623730951]",dark_michaels_medium_A_0.jpg
441,dark,michaels,medium,A,4,False,True,False,122923958,"[1.4142135623730951, 2.8284271247461903, 4.242640687119285, 7.0710678118654755]",dark_michaels_medium_A_1.jpg
442,dark,michaels,medium,A,3,True,False,False,121878500,"[1.0, 2.0, 3.0]",dark_michaels_medium_A_2.jpg
443,dark,michaels,medium,A,4,True,True,True,120915667,"[0.0, 2.23606797749979, 2.23606797749979, 2.23606797749979]",dark_michaels_medium_A_3.jpg
444,dark,michaels,medium,A,3,True,False,False,117004250,"[2.23606797749979, 2.8284271247461903, 3.1622776601683795]",dark_michaels_medium_A_4.jpg
445,dark,michaels,medium,B,4,True,True,True,121635667,"[0.0, 1.0, 2.23606797749979, 2.23606797749979]",dark_michaels_medium_B_0.jpg
446,dark,michaels,medium,B,3,True,False,False,123427833,"[0.0, 2.23606797749979, 3.0]",dark_michaels_medium_B_1.jpg
447,dark,michaels,medium,B,4,False,True,False,122750542,"[1.4142135623730951, 2.8284271247461903, 2.8284271247461903, 5.0]",dark_michaels_medium_B_2.jpg
448,dark,michaels,medium,B,4,True,True,True,122949458,"[1.0, 2.23606797749979, 2.8284271247461903, 3.0]",dark_michaels_medium_B_3.jpg
449,dark,michaels,medium,B,4,False,True,False,118168125,"[1.4142135623730951, 2.0, 2.23606797749979, 6.082762530298219]",dark_michaels_medium_B_4.jpg
450,dark,michaels,medium,C,4,True,True,True,121475208,"[1.0, 1.0, 1.0, 2.0]",dark_michaels_medium_C_0.jpg
451,dark,michaels,medium,C,4,True,True,True,123889625,"[0.0, 1.0, 2.0, 2.0]",dark_michaels_medium_C_1.jpg
452,dark,michaels,medium,C,4,True,True,True,121614291,"[0.0, 1.0, 1.4142135623730951, 2.23606797749979]",dark_michaels_medium_C_2.jpg
453,dark,michaels,medium,C,2,True,False,False,119878583,"[1.4142135623730951, 2.0]",dark_michaels_medium_C_3.jpg
454,dark,michaels,medium,C,4,False,True,False,117952417,"[1.0, 2.0, 3.0, 5.0]",dark_michaels_medium_C_4.jpg
455,dark,michaels,medium,D,4,False,True,False,120912042,"[2.0, 2.23606797749979, 2.23606797749979, 5.0990195135927845]",dark_michaels_medium_D_0.jpg
456,dark,michaels,medium,D,4,True,True,True,122837000,"[1.0, 1.0, 1.4142135623730951, 4.242640687119285]",dark_michaels_medium_D_1.jpg
457,dark,michaels,medium,D,4,False,True,False,125450833,"[1.4142135623730951, 2.0, 2.23606797749979, 5.0990195135927845]",dark_michaels_medium_D_2.jpg
458,dark,michaels,medium,D,4,True,True,True,127405042,"[1.0, 1.4142135623730951, 1.4142135623730951, 3.0]",dark_michaels_medium_D_3.jpg
459,dark,michaels,medium,D,4,True,True,True,118362500,"[1.0, 1.0, 2.0, 2.23606797749979]",dark_michaels_medium_D_4.jpg
460,dark,michaels,short,A,3,True,False,False,145414167,"[1.0, 1.0, 2.8284271247461903]",dark_michaels_short_A_0.jpg
461,dark,michaels,short,A,3,True,False,False,120575917,"[1.0, 1.4142135623730951, 2.0]",dark_michaels_short_A_1.jpg
462,dark,michaels,short,A,3,True,False,False,117559584,"[1.0, 2.0, 2.0]",dark_michaels_short_A_2.jpg
463,dark,michaels,short,A,3,True,False,False,117433708,"[1.4142135623730951, 3.1622776601683795, 3.1622776601683795]",dark_michaels_short_A_3.jpg
464,dark,michaels,short,A,3,True,False,False,116565042,"[1.4142135623730951, 2.8284271247461903, 2.8284271247461903]",dark_michaels_short_A_4.jpg
465,dark,michaels,short,B,4,True,True,True,120832291,"[1.0, 2.23606797749979, 3.1622776601683795, 3.605551275463989]",dark_michaels_short_B_0.jpg
466,dark,michaels,short,B,4,True,True,True,119580334,"[2.23606797749979, 2.23606797749979, 3.0, 3.1622776601683795]",dark_michaels_short_B_1.jpg
467,dark,michaels,short,B,4,True,True,True,119563459,"[1.4142135623730951, 1.4142135623730951, 1.4142135623730951, 2.23606797749979]",dark_michaels_short_B_2.jpg
468,dark,michaels,short,B,4,True,True,True,120276333,"[0.0, 1.0, 1.4142135623730951, 3.0]",dark_michaels_short_B_3.jpg
469,dark,michaels,short,B,4,True,True,True,115260500,"[0.0, 1.4142135623730951, 2.0, 2.23606797749979]",dark_michaels_short_B_4.jpg
470,dark,michaels,short,C,4,True,True,True,116614042,"[1.4142135623730951, 2.0, 3.0, 3.0]",dark_michaels_short_C_0.jpg
471,dark,michaels,short,C,4,True,True,True,118158458,"[1.0, 2.23606797749979, 2.8284271247461903, 3.0]",dark_michaels_short_C_1.jpg
472,dark,michaels,short,C,4,True,True,True,118549375,"[0.0, 1.0, 2.0, 2.23606797749979]",dark_michaels_short_C_2.jpg
473,dark,michaels,short,C,4,True,True,True,123486084,"[0.0, 1.0, 1.4142135623730951, 2.23606797749979]",dark_michaels_short_C_3.jpg
474,dark,michaels,short,C,4,True,True,True,115987417,"[1.0, 1.0, 1.0, 1.0]",dark_michaels_short_C_4.jpg
475,dark,michaels,short,D,4,True,True,True,117665750,"[1.0, 1.0, 1.4142135623730951, 1.4142135623730951]",dark_michaels_short_D_0.jpg
476,dark,michaels,short,D,4,True,True,True,123162833,"[1.4142135623730951, 1.4142135623730951, 3.1622776601683795, 3.1622776601683795]",dark_michaels_short_D_1.jpg
477,dark,michaels,short,D,4,True,True,True,120889125,"[1.0, 1.4142135623730951, 2.0, 4.123105625617661]",dark_michaels_short_D_2.jpg
478,dark,michaels,short,D,4,True,True,True,120925291,"[2.0, 2.0, 2.23606797749979, 3.1622776601683795]",dark_michaels_short_D_3.jpg
479,dark,michaels,short,D,4,True,True,True,116065083,"[1.4142135623730951, 2.23606797749979, 2.23606797749979, 2.8284271247461903]",dark_michaels_short_D_4.jpg
